period,city,new_mom_pct,second_mom_pct,source_url
2021-05,三亚,0.3,0.7,https://www.stats.gov.cn/xxgk/sjfb/zxfb2020/202106/t20210617_1818515.html
2021-05,上海,0.4,0.7,https://www.stats.gov.cn/xxgk/sjfb/zxfb2020/202106/t20210617_1818515.html
2021-05,丹东,0.2,0.4,https://www.stats.gov.cn/xxgk/sjfb/zxfb2020/202106/t20210617_1818515.html
2021-05,乌鲁木齐,0.7,-0.2,https://www.stats.gov.cn/xxgk/sjfb/zxfb2020/202106/t20210617_1818515.html
2021-05,九江,0.3,0.2,https://www.stats.gov.cn/xxgk/sjfb/zxfb2020/202106/t20210617_1818515.html
2021-05,兰州,0.4,0.3,https://www.stats.gov.cn/xxgk/sjfb/zxfb2020/202106/t20210617_1818515.html
2021-05,包头,0.7,0.5,https://www.stats.gov.cn/xxgk/sjfb/zxfb2020/202106/t20210617_1818515.html
2021-05,北京,0.3,1.1,https://www.stats.gov.cn/xxgk/sjfb/zxfb2020/202106/t20210617_1818515.html
2021-05,北海,0.6,0.0,https://www.stats.gov.cn/xxgk/sjfb/zxfb2020/202106/t20210617_1818515.html
2021-05,南京,0.8,0.6,https://www.stats.gov.cn/xxgk/sjfb/zxfb2020/202106/t20210617_1818515.html
2021-05,南充,-0.2,-0.3,https://www.stats.gov.cn/xxgk/sjfb/zxfb2020/202106/t20210617_1818515.html
2021-05,南宁,0.6,-0.1,https://www.stats.gov.cn/xxgk/sjfb/zxfb2020/202106/t20210617_1818515.html
2021-05,南昌,0.0,-0.2,https://www.stats.gov.cn/xxgk/sjfb/zxfb2020/202106/t20210617_1818515.html
2021-05,厦门,0.9,0.1,https://www.stats.gov.cn/xxgk/sjfb/zxfb2020/202106/t20210617_1818515.html
2021-05,合肥,0.2,0.3,https://www.stats.gov.cn/xxgk/sjfb/zxfb2020/202106/t20210617_1818515.html
2021-05,吉林,0.4,0.0,https://www.stats.gov.cn/xxgk/sjfb/zxfb2020/202106/t20210617_1818515.html
2021-05,呼和浩特,0.5,-0.2,https://www.stats.gov.cn/xxgk/sjfb/zxfb2020/202106/t20210617_1818515.html
2021-05,哈尔滨,0.4,0.4,https://www.stats.gov.cn/xxgk/sjfb/zxfb2020/202106/t20210617_1818515.html
2021-05,唐山,0.1,-0.5,https://www.stats.gov.cn/xxgk/sjfb/zxfb2020/202106/t20210617_1818515.html
2021-05,大理,-0.4,0.1,https://www.stats.gov.cn/xxgk/sjfb/zxfb2020/202106/t20210617_1818515.html
2021-05,大连,1.2,0.6,https://www.stats.gov.cn/xxgk/sjfb/zxfb2020/202106/t20210617_1818515.html
2021-05,天津,0.6,0.4,https://www.stats.gov.cn/xxgk/sjfb/zxfb2020/202106/t20210617_1818515.html
2021-05,太原,0.3,-0.3,https://www.stats.gov.cn/xxgk/sjfb/zxfb2020/202106/t20210617_1818515.html
2021-05,宁波,0.4,0.4,https://www.stats.gov.cn/xxgk/sjfb/zxfb2020/202106/t20210617_1818515.html
2021-05,安庆,-0.2,-0.3,https://www.stats.gov.cn/xxgk/sjfb/zxfb2020/202106/t20210617_1818515.html
2021-05,宜昌,0.7,-0.1,https://www.stats.gov.cn/xxgk/sjfb/zxfb2020/202106/t20210617_1818515.html
2021-05,岳阳,0.5,-0.3,https://www.stats.gov.cn/xxgk/sjfb/zxfb2020/202106/t20210617_1818515.html
2021-05,常德,-0.3,-0.2,https://www.stats.gov.cn/xxgk/sjfb/zxfb2020/202106/t20210617_1818515.html
2021-05,平顶山,0.2,0.1,https://www.stats.gov.cn/xxgk/sjfb/zxfb2020/202106/t20210617_1818515.html
2021-05,广州,1.5,0.9,https://www.stats.gov.cn/xxgk/sjfb/zxfb2020/202106/t20210617_1818515.html
2021-05,徐州,0.7,1.1,https://www.stats.gov.cn/xxgk/sjfb/zxfb2020/202106/t20210617_1818515.html
2021-05,惠州,0.7,0.2,https://www.stats.gov.cn/xxgk/sjfb/zxfb2020/202106/t20210617_1818515.html
2021-05,成都,0.4,0.7,https://www.stats.gov.cn/xxgk/sjfb/zxfb2020/202106/t20210617_1818515.html
2021-05,扬州,1.0,0.7,https://www.stats.gov.cn/xxgk/sjfb/zxfb2020/202106/t20210617_1818515.html
2021-05,无锡,0.8,0.4,https://www.stats.gov.cn/xxgk/sjfb/zxfb2020/202106/t20210617_1818515.html
2021-05,昆明,0.0,0.2,https://www.stats.gov.cn/xxgk/sjfb/zxfb2020/202106/t20210617_1818515.html
2021-05,杭州,0.6,0.9,https://www.stats.gov.cn/xxgk/sjfb/zxfb2020/202106/t20210617_1818515.html
2021-05,桂林,0.5,0.1,https://www.stats.gov.cn/xxgk/sjfb/zxfb2020/202106/t20210617_1818515.html
2021-05,武汉,0.9,0.3,https://www.stats.gov.cn/xxgk/sjfb/zxfb2020/202106/t20210617_1818515.html
2021-05,沈阳,0.9,0.5,https://www.stats.gov.cn/xxgk/sjfb/zxfb2020/202106/t20210617_1818515.html
2021-05,泉州,0.6,0.7,https://www.stats.gov.cn/xxgk/sjfb/zxfb2020/202106/t20210617_1818515.html
2021-05,泸州,0.5,0.5,https://www.stats.gov.cn/xxgk/sjfb/zxfb2020/202106/t20210617_1818515.html
2021-05,洛阳,0.8,0.6,https://www.stats.gov.cn/xxgk/sjfb/zxfb2020/202106/t20210617_1818515.html
2021-05,济南,1.0,0.5,https://www.stats.gov.cn/xxgk/sjfb/zxfb2020/202106/t20210617_1818515.html
2021-05,济宁,1.0,0.6,https://www.stats.gov.cn/xxgk/sjfb/zxfb2020/202106/t20210617_1818515.html
2021-05,海口,0.4,0.5,https://www.stats.gov.cn/xxgk/sjfb/zxfb2020/202106/t20210617_1818515.html
2021-05,深圳,0.6,-0.1,https://www.stats.gov.cn/xxgk/sjfb/zxfb2020/202106/t20210617_1818515.html
2021-05,温州,0.7,0.7,https://www.stats.gov.cn/xxgk/sjfb/zxfb2020/202106/t20210617_1818515.html
2021-05,湛江,0.6,0.0,https://www.stats.gov.cn/xxgk/sjfb/zxfb2020/202106/t20210617_1818515.html
2021-05,烟台,0.4,0.3,https://www.stats.gov.cn/xxgk/sjfb/zxfb2020/202106/t20210617_1818515.html
2021-05,牡丹江,0.3,-0.3,https://www.stats.gov.cn/xxgk/sjfb/zxfb2020/202106/t20210617_1818515.html
2021-05,石家庄,0.4,0.1,https://www.stats.gov.cn/xxgk/sjfb/zxfb2020/202106/t20210617_1818515.html
2021-05,福州,0.5,0.6,https://www.stats.gov.cn/xxgk/sjfb/zxfb2020/202106/t20210617_1818515.html
2021-05,秦皇岛,0.0,-0.1,https://www.stats.gov.cn/xxgk/sjfb/zxfb2020/202106/t20210617_1818515.html
2021-05,蚌埠,-0.3,0.3,https://www.stats.gov.cn/xxgk/sjfb/zxfb2020/202106/t20210617_1818515.html
2021-05,襄阳,0.4,0.2,https://www.stats.gov.cn/xxgk/sjfb/zxfb2020/202106/t20210617_1818515.html
2021-05,西宁,0.8,0.4,https://www.stats.gov.cn/xxgk/sjfb/zxfb2020/202106/t20210617_1818515.html
2021-05,西安,0.5,1.0,https://www.stats.gov.cn/xxgk/sjfb/zxfb2020/202106/t20210617_1818515.html
2021-05,贵阳,0.3,0.3,https://www.stats.gov.cn/xxgk/sjfb/zxfb2020/202106/t20210617_1818515.html
2021-05,赣州,0.4,-0.2,https://www.stats.gov.cn/xxgk/sjfb/zxfb2020/202106/t20210617_1818515.html
2021-05,遵义,0.6,-0.5,https://www.stats.gov.cn/xxgk/sjfb/zxfb2020/202106/t20210617_1818515.html
2021-05,郑州,0.8,0.6,https://www.stats.gov.cn/xxgk/sjfb/zxfb2020/202106/t20210617_1818515.html
2021-05,重庆,1.9,1.0,https://www.stats.gov.cn/xxgk/sjfb/zxfb2020/202106/t20210617_1818515.html
2021-05,金华,0.5,0.6,https://www.stats.gov.cn/xxgk/sjfb/zxfb2020/202106/t20210617_1818515.html
2021-05,银川,1.0,0.8,https://www.stats.gov.cn/xxgk/sjfb/zxfb2020/202106/t20210617_1818515.html
2021-05,锦州,0.7,-0.1,https://www.stats.gov.cn/xxgk/sjfb/zxfb2020/202106/t20210617_1818515.html
2021-05,长春,0.3,0.4,https://www.stats.gov.cn/xxgk/sjfb/zxfb2020/202106/t20210617_1818515.html
2021-05,长沙,0.8,0.3,https://www.stats.gov.cn/xxgk/sjfb/zxfb2020/202106/t20210617_1818515.html
2021-05,青岛,0.8,0.4,https://www.stats.gov.cn/xxgk/sjfb/zxfb2020/202106/t20210617_1818515.html
2021-05,韶关,0.3,0.4,https://www.stats.gov.cn/xxgk/sjfb/zxfb2020/202106/t20210617_1818515.html
2021-06,三亚,0.6,0.5,https://www.stats.gov.cn/xxgk/sjfb/zxfb2020/202107/t20210715_1819476.html
2021-06,上海,0.5,1.0,https://www.stats.gov.cn/xxgk/sjfb/zxfb2020/202107/t20210715_1819476.html
2021-06,丹东,0.1,0.2,https://www.stats.gov.cn/xxgk/sjfb/zxfb2020/202107/t20210715_1819476.html
2021-06,乌鲁木齐,0.1,-0.3,https://www.stats.gov.cn/xxgk/sjfb/zxfb2020/202107/t20210715_1819476.html
2021-06,九江,0.3,0.4,https://www.stats.gov.cn/xxgk/sjfb/zxfb2020/202107/t20210715_1819476.html
2021-06,兰州,0.5,0.1,https://www.stats.gov.cn/xxgk/sjfb/zxfb2020/202107/t20210715_1819476.html
2021-06,包头,0.0,0.2,https://www.stats.gov.cn/xxgk/sjfb/zxfb2020/202107/t20210715_1819476.html
2021-06,北京,0.9,1.3,https://www.stats.gov.cn/xxgk/sjfb/zxfb2020/202107/t20210715_1819476.html
2021-06,北海,0.3,0.5,https://www.stats.gov.cn/xxgk/sjfb/zxfb2020/202107/t20210715_1819476.html
2021-06,南京,0.8,0.7,https://www.stats.gov.cn/xxgk/sjfb/zxfb2020/202107/t20210715_1819476.html
2021-06,南充,-0.4,-0.5,https://www.stats.gov.cn/xxgk/sjfb/zxfb2020/202107/t20210715_1819476.html
2021-06,南宁,0.5,0.1,https://www.stats.gov.cn/xxgk/sjfb/zxfb2020/202107/t20210715_1819476.html
2021-06,南昌,0.0,-0.1,https://www.stats.gov.cn/xxgk/sjfb/zxfb2020/202107/t20210715_1819476.html
2021-06,厦门,0.7,0.3,https://www.stats.gov.cn/xxgk/sjfb/zxfb2020/202107/t20210715_1819476.html
2021-06,合肥,0.2,0.3,https://www.stats.gov.cn/xxgk/sjfb/zxfb2020/202107/t20210715_1819476.html
2021-06,吉林,0.4,-0.1,https://www.stats.gov.cn/xxgk/sjfb/zxfb2020/202107/t20210715_1819476.html
2021-06,呼和浩特,0.2,0.0,https://www.stats.gov.cn/xxgk/sjfb/zxfb2020/202107/t20210715_1819476.html
2021-06,哈尔滨,-0.1,0.3,https://www.stats.gov.cn/xxgk/sjfb/zxfb2020/202107/t20210715_1819476.html
2021-06,唐山,0.4,0.2,https://www.stats.gov.cn/xxgk/sjfb/zxfb2020/202107/t20210715_1819476.html
2021-06,大理,-0.6,-0.1,https://www.stats.gov.cn/xxgk/sjfb/zxfb2020/202107/t20210715_1819476.html
2021-06,大连,1.0,0.5,https://www.stats.gov.cn/xxgk/sjfb/zxfb2020/202107/t20210715_1819476.html
2021-06,天津,0.9,0.3,https://www.stats.gov.cn/xxgk/sjfb/zxfb2020/202107/t20210715_1819476.html
2021-06,太原,-0.2,0.0,https://www.stats.gov.cn/xxgk/sjfb/zxfb2020/202107/t20210715_1819476.html
2021-06,宁波,0.6,0.5,https://www.stats.gov.cn/xxgk/sjfb/zxfb2020/202107/t20210715_1819476.html
2021-06,安庆,-0.3,-0.2,https://www.stats.gov.cn/xxgk/sjfb/zxfb2020/202107/t20210715_1819476.html
2021-06,宜昌,0.5,-0.1,https://www.stats.gov.cn/xxgk/sjfb/zxfb2020/202107/t20210715_1819476.html
2021-06,岳阳,-0.4,-0.1,https://www.stats.gov.cn/xxgk/sjfb/zxfb2020/202107/t20210715_1819476.html
2021-06,常德,-0.5,0.0,https://www.stats.gov.cn/xxgk/sjfb/zxfb2020/202107/t20210715_1819476.html
2021-06,平顶山,0.1,0.0,https://www.stats.gov.cn/xxgk/sjfb/zxfb2020/202107/t20210715_1819476.html
2021-06,广州,1.0,0.6,https://www.stats.gov.cn/xxgk/sjfb/zxfb2020/202107/t20210715_1819476.html
2021-06,徐州,0.7,0.5,https://www.stats.gov.cn/xxgk/sjfb/zxfb2020/202107/t20210715_1819476.html
2021-06,惠州,0.5,0.4,https://www.stats.gov.cn/xxgk/sjfb/zxfb2020/202107/t20210715_1819476.html
2021-06,成都,0.3,0.5,https://www.stats.gov.cn/xxgk/sjfb/zxfb2020/202107/t20210715_1819476.html
2021-06,扬州,1.1,0.7,https://www.stats.gov.cn/xxgk/sjfb/zxfb2020/202107/t20210715_1819476.html
2021-06,无锡,1.2,0.9,https://www.stats.gov.cn/xxgk/sjfb/zxfb2020/202107/t20210715_1819476.html
2021-06,昆明,-0.8,-0.6,https://www.stats.gov.cn/xxgk/sjfb/zxfb2020/202107/t20210715_1819476.html
2021-06,杭州,0.8,0.8,https://www.stats.gov.cn/xxgk/sjfb/zxfb2020/202107/t20210715_1819476.html
2021-06,桂林,0.3,0.2,https://www.stats.gov.cn/xxgk/sjfb/zxfb2020/202107/t20210715_1819476.html
2021-06,武汉,0.7,0.7,https://www.stats.gov.cn/xxgk/sjfb/zxfb2020/202107/t20210715_1819476.html
2021-06,沈阳,0.7,0.4,https://www.stats.gov.cn/xxgk/sjfb/zxfb2020/202107/t20210715_1819476.html
2021-06,泉州,0.4,0.6,https://www.stats.gov.cn/xxgk/sjfb/zxfb2020/202107/t20210715_1819476.html
2021-06,泸州,-0.1,0.0,https://www.stats.gov.cn/xxgk/sjfb/zxfb2020/202107/t20210715_1819476.html
2021-06,洛阳,0.4,0.3,https://www.stats.gov.cn/xxgk/sjfb/zxfb2020/202107/t20210715_1819476.html
2021-06,济南,1.5,0.5,https://www.stats.gov.cn/xxgk/sjfb/zxfb2020/202107/t20210715_1819476.html
2021-06,济宁,0.8,0.5,https://www.stats.gov.cn/xxgk/sjfb/zxfb2020/202107/t20210715_1819476.html
2021-06,海口,0.8,0.8,https://www.stats.gov.cn/xxgk/sjfb/zxfb2020/202107/t20210715_1819476.html
2021-06,深圳,0.5,-0.2,https://www.stats.gov.cn/xxgk/sjfb/zxfb2020/202107/t20210715_1819476.html
2021-06,温州,0.5,0.6,https://www.stats.gov.cn/xxgk/sjfb/zxfb2020/202107/t20210715_1819476.html
2021-06,湛江,-0.2,0.3,https://www.stats.gov.cn/xxgk/sjfb/zxfb2020/202107/t20210715_1819476.html
2021-06,烟台,0.3,0.3,https://www.stats.gov.cn/xxgk/sjfb/zxfb2020/202107/t20210715_1819476.html
2021-06,牡丹江,0.2,-0.7,https://www.stats.gov.cn/xxgk/sjfb/zxfb2020/202107/t20210715_1819476.html
2021-06,石家庄,0.0,-0.4,https://www.stats.gov.cn/xxgk/sjfb/zxfb2020/202107/t20210715_1819476.html
2021-06,福州,0.5,0.6,https://www.stats.gov.cn/xxgk/sjfb/zxfb2020/202107/t20210715_1819476.html
2021-06,秦皇岛,-0.3,-0.5,https://www.stats.gov.cn/xxgk/sjfb/zxfb2020/202107/t20210715_1819476.html
2021-06,蚌埠,0.5,0.7,https://www.stats.gov.cn/xxgk/sjfb/zxfb2020/202107/t20210715_1819476.html
2021-06,襄阳,0.3,0.2,https://www.stats.gov.cn/xxgk/sjfb/zxfb2020/202107/t20210715_1819476.html
2021-06,西宁,0.9,0.6,https://www.stats.gov.cn/xxgk/sjfb/zxfb2020/202107/t20210715_1819476.html
2021-06,西安,1.0,0.9,https://www.stats.gov.cn/xxgk/sjfb/zxfb2020/202107/t20210715_1819476.html
2021-06,贵阳,-0.2,-0.2,https://www.stats.gov.cn/xxgk/sjfb/zxfb2020/202107/t20210715_1819476.html
2021-06,赣州,0.4,0.2,https://www.stats.gov.cn/xxgk/sjfb/zxfb2020/202107/t20210715_1819476.html
2021-06,遵义,0.2,0.0,https://www.stats.gov.cn/xxgk/sjfb/zxfb2020/202107/t20210715_1819476.html
2021-06,郑州,0.8,0.5,https://www.stats.gov.cn/xxgk/sjfb/zxfb2020/202107/t20210715_1819476.html
2021-06,重庆,1.0,0.9,https://www.stats.gov.cn/xxgk/sjfb/zxfb2020/202107/t20210715_1819476.html
2021-06,金华,0.6,1.0,https://www.stats.gov.cn/xxgk/sjfb/zxfb2020/202107/t20210715_1819476.html
2021-06,银川,0.8,0.5,https://www.stats.gov.cn/xxgk/sjfb/zxfb2020/202107/t20210715_1819476.html
2021-06,锦州,0.5,-0.3,https://www.stats.gov.cn/xxgk/sjfb/zxfb2020/202107/t20210715_1819476.html
2021-06,长春,0.2,0.4,https://www.stats.gov.cn/xxgk/sjfb/zxfb2020/202107/t20210715_1819476.html
2021-06,长沙,1.3,0.7,https://www.stats.gov.cn/xxgk/sjfb/zxfb2020/202107/t20210715_1819476.html
2021-06,青岛,0.7,0.3,https://www.stats.gov.cn/xxgk/sjfb/zxfb2020/202107/t20210715_1819476.html
2021-06,韶关,0.8,-0.3,https://www.stats.gov.cn/xxgk/sjfb/zxfb2020/202107/t20210715_1819476.html
2021-07,三亚,0.5,0.4,https://www.stats.gov.cn/xxgk/sjfb/zxfb2020/202108/t20210816_1820576.html
2021-07,上海,0.4,0.7,https://www.stats.gov.cn/xxgk/sjfb/zxfb2020/202108/t20210816_1820576.html
2021-07,丹东,0.4,0.1,https://www.stats.gov.cn/xxgk/sjfb/zxfb2020/202108/t20210816_1820576.html
2021-07,乌鲁木齐,0.4,-0.2,https://www.stats.gov.cn/xxgk/sjfb/zxfb2020/202108/t20210816_1820576.html
2021-07,九江,0.5,0.2,https://www.stats.gov.cn/xxgk/sjfb/zxfb2020/202108/t20210816_1820576.html
2021-07,兰州,0.4,0.2,https://www.stats.gov.cn/xxgk/sjfb/zxfb2020/202108/t20210816_1820576.html
2021-07,包头,0.2,-0.2,https://www.stats.gov.cn/xxgk/sjfb/zxfb2020/202108/t20210816_1820576.html
2021-07,北京,0.8,0.7,https://www.stats.gov.cn/xxgk/sjfb/zxfb2020/202108/t20210816_1820576.html
2021-07,北海,0.3,0.1,https://www.stats.gov.cn/xxgk/sjfb/zxfb2020/202108/t20210816_1820576.html
2021-07,南京,0.4,0.4,https://www.stats.gov.cn/xxgk/sjfb/zxfb2020/202108/t20210816_1820576.html
2021-07,南充,-0.3,-0.7,https://www.stats.gov.cn/xxgk/sjfb/zxfb2020/202108/t20210816_1820576.html
2021-07,南宁,0.3,-0.1,https://www.stats.gov.cn/xxgk/sjfb/zxfb2020/202108/t20210816_1820576.html
2021-07,南昌,0.3,0.0,https://www.stats.gov.cn/xxgk/sjfb/zxfb2020/202108/t20210816_1820576.html
2021-07,厦门,0.4,0.3,https://www.stats.gov.cn/xxgk/sjfb/zxfb2020/202108/t20210816_1820576.html
2021-07,合肥,0.1,0.1,https://www.stats.gov.cn/xxgk/sjfb/zxfb2020/202108/t20210816_1820576.html
2021-07,吉林,0.5,0.2,https://www.stats.gov.cn/xxgk/sjfb/zxfb2020/202108/t20210816_1820576.html
2021-07,呼和浩特,-0.1,-0.5,https://www.stats.gov.cn/xxgk/sjfb/zxfb2020/202108/t20210816_1820576.html
2021-07,哈尔滨,0.0,0.2,https://www.stats.gov.cn/xxgk/sjfb/zxfb2020/202108/t20210816_1820576.html
2021-07,唐山,-0.4,-0.5,https://www.stats.gov.cn/xxgk/sjfb/zxfb2020/202108/t20210816_1820576.html
2021-07,大理,-0.5,-0.5,https://www.stats.gov.cn/xxgk/sjfb/zxfb2020/202108/t20210816_1820576.html
2021-07,大连,0.6,0.4,https://www.stats.gov.cn/xxgk/sjfb/zxfb2020/202108/t20210816_1820576.html
2021-07,天津,0.6,0.2,https://www.stats.gov.cn/xxgk/sjfb/zxfb2020/202108/t20210816_1820576.html
2021-07,太原,0.0,0.4,https://www.stats.gov.cn/xxgk/sjfb/zxfb2020/202108/t20210816_1820576.html
2021-07,宁波,0.4,0.3,https://www.stats.gov.cn/xxgk/sjfb/zxfb2020/202108/t20210816_1820576.html
2021-07,安庆,-0.1,-0.4,https://www.stats.gov.cn/xxgk/sjfb/zxfb2020/202108/t20210816_1820576.html
2021-07,宜昌,0.6,-0.2,https://www.stats.gov.cn/xxgk/sjfb/zxfb2020/202108/t20210816_1820576.html
2021-07,岳阳,-0.7,-0.6,https://www.stats.gov.cn/xxgk/sjfb/zxfb2020/202108/t20210816_1820576.html
2021-07,常德,-0.1,-0.5,https://www.stats.gov.cn/xxgk/sjfb/zxfb2020/202108/t20210816_1820576.html
2021-07,平顶山,-0.1,-0.1,https://www.stats.gov.cn/xxgk/sjfb/zxfb2020/202108/t20210816_1820576.html
2021-07,广州,0.2,0.6,https://www.stats.gov.cn/xxgk/sjfb/zxfb2020/202108/t20210816_1820576.html
2021-07,徐州,0.3,-0.2,https://www.stats.gov.cn/xxgk/sjfb/zxfb2020/202108/t20210816_1820576.html
2021-07,惠州,0.0,-0.2,https://www.stats.gov.cn/xxgk/sjfb/zxfb2020/202108/t20210816_1820576.html
2021-07,成都,0.4,0.0,https://www.stats.gov.cn/xxgk/sjfb/zxfb2020/202108/t20210816_1820576.html
2021-07,扬州,0.6,0.3,https://www.stats.gov.cn/xxgk/sjfb/zxfb2020/202108/t20210816_1820576.html
2021-07,无锡,0.9,0.5,https://www.stats.gov.cn/xxgk/sjfb/zxfb2020/202108/t20210816_1820576.html
2021-07,昆明,-0.5,-0.4,https://www.stats.gov.cn/xxgk/sjfb/zxfb2020/202108/t20210816_1820576.html
2021-07,杭州,0.5,0.5,https://www.stats.gov.cn/xxgk/sjfb/zxfb2020/202108/t20210816_1820576.html
2021-07,桂林,-0.3,0.3,https://www.stats.gov.cn/xxgk/sjfb/zxfb2020/202108/t20210816_1820576.html
2021-07,武汉,0.6,0.4,https://www.stats.gov.cn/xxgk/sjfb/zxfb2020/202108/t20210816_1820576.html
2021-07,沈阳,0.5,0.3,https://www.stats.gov.cn/xxgk/sjfb/zxfb2020/202108/t20210816_1820576.html
2021-07,泉州,0.6,0.3,https://www.stats.gov.cn/xxgk/sjfb/zxfb2020/202108/t20210816_1820576.html
2021-07,泸州,-0.2,0.2,https://www.stats.gov.cn/xxgk/sjfb/zxfb2020/202108/t20210816_1820576.html
2021-07,洛阳,0.6,0.4,https://www.stats.gov.cn/xxgk/sjfb/zxfb2020/202108/t20210816_1820576.html
2021-07,济南,0.7,0.4,https://www.stats.gov.cn/xxgk/sjfb/zxfb2020/202108/t20210816_1820576.html
2021-07,济宁,0.7,-0.2,https://www.stats.gov.cn/xxgk/sjfb/zxfb2020/202108/t20210816_1820576.html
2021-07,海口,1.0,1.3,https://www.stats.gov.cn/xxgk/sjfb/zxfb2020/202108/t20210816_1820576.html
2021-07,深圳,0.5,-0.4,https://www.stats.gov.cn/xxgk/sjfb/zxfb2020/202108/t20210816_1820576.html
2021-07,温州,0.5,0.3,https://www.stats.gov.cn/xxgk/sjfb/zxfb2020/202108/t20210816_1820576.html
2021-07,湛江,0.4,0.0,https://www.stats.gov.cn/xxgk/sjfb/zxfb2020/202108/t20210816_1820576.html
2021-07,烟台,0.6,0.6,https://www.stats.gov.cn/xxgk/sjfb/zxfb2020/202108/t20210816_1820576.html
2021-07,牡丹江,-0.1,-0.6,https://www.stats.gov.cn/xxgk/sjfb/zxfb2020/202108/t20210816_1820576.html
2021-07,石家庄,0.2,-0.2,https://www.stats.gov.cn/xxgk/sjfb/zxfb2020/202108/t20210816_1820576.html
2021-07,福州,0.3,0.2,https://www.stats.gov.cn/xxgk/sjfb/zxfb2020/202108/t20210816_1820576.html
2021-07,秦皇岛,-0.2,-0.5,https://www.stats.gov.cn/xxgk/sjfb/zxfb2020/202108/t20210816_1820576.html
2021-07,蚌埠,0.5,0.3,https://www.stats.gov.cn/xxgk/sjfb/zxfb2020/202108/t20210816_1820576.html
2021-07,襄阳,0.5,-0.1,https://www.stats.gov.cn/xxgk/sjfb/zxfb2020/202108/t20210816_1820576.html
2021-07,西宁,0.7,0.4,https://www.stats.gov.cn/xxgk/sjfb/zxfb2020/202108/t20210816_1820576.html
2021-07,西安,0.7,0.6,https://www.stats.gov.cn/xxgk/sjfb/zxfb2020/202108/t20210816_1820576.html
2021-07,贵阳,0.5,-0.1,https://www.stats.gov.cn/xxgk/sjfb/zxfb2020/202108/t20210816_1820576.html
2021-07,赣州,-0.1,-0.3,https://www.stats.gov.cn/xxgk/sjfb/zxfb2020/202108/t20210816_1820576.html
2021-07,遵义,-0.6,-0.1,https://www.stats.gov.cn/xxgk/sjfb/zxfb2020/202108/t20210816_1820576.html
2021-07,郑州,0.4,0.3,https://www.stats.gov.cn/xxgk/sjfb/zxfb2020/202108/t20210816_1820576.html
2021-07,重庆,0.7,0.2,https://www.stats.gov.cn/xxgk/sjfb/zxfb2020/202108/t20210816_1820576.html
2021-07,金华,0.3,0.4,https://www.stats.gov.cn/xxgk/sjfb/zxfb2020/202108/t20210816_1820576.html
2021-07,银川,1.0,0.2,https://www.stats.gov.cn/xxgk/sjfb/zxfb2020/202108/t20210816_1820576.html
2021-07,锦州,0.3,-0.1,https://www.stats.gov.cn/xxgk/sjfb/zxfb2020/202108/t20210816_1820576.html
2021-07,长春,0.1,0.2,https://www.stats.gov.cn/xxgk/sjfb/zxfb2020/202108/t20210816_1820576.html
2021-07,长沙,0.8,1.2,https://www.stats.gov.cn/xxgk/sjfb/zxfb2020/202108/t20210816_1820576.html
2021-07,青岛,1.0,0.3,https://www.stats.gov.cn/xxgk/sjfb/zxfb2020/202108/t20210816_1820576.html
2021-07,韶关,-0.5,-0.1,https://www.stats.gov.cn/xxgk/sjfb/zxfb2020/202108/t20210816_1820576.html
2021-08,三亚,0.2,0.3,https://www.stats.gov.cn/xxgk/sjfb/zxfb2020/202109/t20210915_1822090.html
2021-08,上海,0.4,0.2,https://www.stats.gov.cn/xxgk/sjfb/zxfb2020/202109/t20210915_1822090.html
2021-08,丹东,0.3,0.0,https://www.stats.gov.cn/xxgk/sjfb/zxfb2020/202109/t20210915_1822090.html
2021-08,乌鲁木齐,0.8,-0.3,https://www.stats.gov.cn/xxgk/sjfb/zxfb2020/202109/t20210915_1822090.html
2021-08,九江,0.2,-0.2,https://www.stats.gov.cn/xxgk/sjfb/zxfb2020/202109/t20210915_1822090.html
2021-08,兰州,-0.2,-0.1,https://www.stats.gov.cn/xxgk/sjfb/zxfb2020/202109/t20210915_1822090.html
2021-08,包头,0.1,-0.2,https://www.stats.gov.cn/xxgk/sjfb/zxfb2020/202109/t20210915_1822090.html
2021-08,北京,0.2,0.4,https://www.stats.gov.cn/xxgk/sjfb/zxfb2020/202109/t20210915_1822090.html
2021-08,北海,0.1,-0.1,https://www.stats.gov.cn/xxgk/sjfb/zxfb2020/202109/t20210915_1822090.html
2021-08,南京,0.1,0.4,https://www.stats.gov.cn/xxgk/sjfb/zxfb2020/202109/t20210915_1822090.html
2021-08,南充,-0.5,-0.6,https://www.stats.gov.cn/xxgk/sjfb/zxfb2020/202109/t20210915_1822090.html
2021-08,南宁,-0.3,-0.3,https://www.stats.gov.cn/xxgk/sjfb/zxfb2020/202109/t20210915_1822090.html
2021-08,南昌,0.1,0.0,https://www.stats.gov.cn/xxgk/sjfb/zxfb2020/202109/t20210915_1822090.html
2021-08,厦门,0.4,0.0,https://www.stats.gov.cn/xxgk/sjfb/zxfb2020/202109/t20210915_1822090.html
2021-08,合肥,0.2,0.0,https://www.stats.gov.cn/xxgk/sjfb/zxfb2020/202109/t20210915_1822090.html
2021-08,吉林,0.2,-0.2,https://www.stats.gov.cn/xxgk/sjfb/zxfb2020/202109/t20210915_1822090.html
2021-08,呼和浩特,0.2,0.4,https://www.stats.gov.cn/xxgk/sjfb/zxfb2020/202109/t20210915_1822090.html
2021-08,哈尔滨,-0.3,-0.2,https://www.stats.gov.cn/xxgk/sjfb/zxfb2020/202109/t20210915_1822090.html
2021-08,唐山,-0.6,-0.3,https://www.stats.gov.cn/xxgk/sjfb/zxfb2020/202109/t20210915_1822090.html
2021-08,大理,0.1,-0.2,https://www.stats.gov.cn/xxgk/sjfb/zxfb2020/202109/t20210915_1822090.html
2021-08,大连,0.6,0.4,https://www.stats.gov.cn/xxgk/sjfb/zxfb2020/202109/t20210915_1822090.html
2021-08,天津,0.3,0.0,https://www.stats.gov.cn/xxgk/sjfb/zxfb2020/202109/t20210915_1822090.html
2021-08,太原,-0.2,-0.4,https://www.stats.gov.cn/xxgk/sjfb/zxfb2020/202109/t20210915_1822090.html
2021-08,宁波,0.3,-0.1,https://www.stats.gov.cn/xxgk/sjfb/zxfb2020/202109/t20210915_1822090.html
2021-08,安庆,0.0,-0.3,https://www.stats.gov.cn/xxgk/sjfb/zxfb2020/202109/t20210915_1822090.html
2021-08,宜昌,0.0,-0.3,https://www.stats.gov.cn/xxgk/sjfb/zxfb2020/202109/t20210915_1822090.html
2021-08,岳阳,-0.3,0.1,https://www.stats.gov.cn/xxgk/sjfb/zxfb2020/202109/t20210915_1822090.html
2021-08,常德,-0.3,-0.3,https://www.stats.gov.cn/xxgk/sjfb/zxfb2020/202109/t20210915_1822090.html
2021-08,平顶山,0.4,0.0,https://www.stats.gov.cn/xxgk/sjfb/zxfb2020/202109/t20210915_1822090.html
2021-08,广州,-0.1,0.5,https://www.stats.gov.cn/xxgk/sjfb/zxfb2020/202109/t20210915_1822090.html
2021-08,徐州,0.1,-0.3,https://www.stats.gov.cn/xxgk/sjfb/zxfb2020/202109/t20210915_1822090.html
2021-08,惠州,-0.4,-0.3,https://www.stats.gov.cn/xxgk/sjfb/zxfb2020/202109/t20210915_1822090.html
2021-08,成都,0.3,0.5,https://www.stats.gov.cn/xxgk/sjfb/zxfb2020/202109/t20210915_1822090.html
2021-08,扬州,0.0,0.0,https://www.stats.gov.cn/xxgk/sjfb/zxfb2020/202109/t20210915_1822090.html
2021-08,无锡,0.3,0.2,https://www.stats.gov.cn/xxgk/sjfb/zxfb2020/202109/t20210915_1822090.html
2021-08,昆明,-0.4,-0.6,https://www.stats.gov.cn/xxgk/sjfb/zxfb2020/202109/t20210915_1822090.html
2021-08,杭州,0.6,0.2,https://www.stats.gov.cn/xxgk/sjfb/zxfb2020/202109/t20210915_1822090.html
2021-08,桂林,-0.4,-0.2,https://www.stats.gov.cn/xxgk/sjfb/zxfb2020/202109/t20210915_1822090.html
2021-08,武汉,0.4,0.0,https://www.stats.gov.cn/xxgk/sjfb/zxfb2020/202109/t20210915_1822090.html
2021-08,沈阳,0.3,0.2,https://www.stats.gov.cn/xxgk/sjfb/zxfb2020/202109/t20210915_1822090.html
2021-08,泉州,0.3,0.2,https://www.stats.gov.cn/xxgk/sjfb/zxfb2020/202109/t20210915_1822090.html
2021-08,泸州,-0.1,0.5,https://www.stats.gov.cn/xxgk/sjfb/zxfb2020/202109/t20210915_1822090.html
2021-08,洛阳,0.5,0.1,https://www.stats.gov.cn/xxgk/sjfb/zxfb2020/202109/t20210915_1822090.html
2021-08,济南,0.6,0.2,https://www.stats.gov.cn/xxgk/sjfb/zxfb2020/202109/t20210915_1822090.html
2021-08,济宁,0.1,-0.2,https://www.stats.gov.cn/xxgk/sjfb/zxfb2020/202109/t20210915_1822090.html
2021-08,海口,0.3,0.8,https://www.stats.gov.cn/xxgk/sjfb/zxfb2020/202109/t20210915_1822090.html
2021-08,深圳,1.0,-0.4,https://www.stats.gov.cn/xxgk/sjfb/zxfb2020/202109/t20210915_1822090.html
2021-08,温州,0.2,0.1,https://www.stats.gov.cn/xxgk/sjfb/zxfb2020/202109/t20210915_1822090.html
2021-08,湛江,-0.2,-0.3,https://www.stats.gov.cn/xxgk/sjfb/zxfb2020/202109/t20210915_1822090.html
2021-08,烟台,-0.1,0.1,https://www.stats.gov.cn/xxgk/sjfb/zxfb2020/202109/t20210915_1822090.html
2021-08,牡丹江,0.4,-0.5,https://www.stats.gov.cn/xxgk/sjfb/zxfb2020/202109/t20210915_1822090.html
2021-08,石家庄,-0.3,-0.5,https://www.stats.gov.cn/xxgk/sjfb/zxfb2020/202109/t20210915_1822090.html
2021-08,福州,0.2,-0.3,https://www.stats.gov.cn/xxgk/sjfb/zxfb2020/202109/t20210915_1822090.html
2021-08,秦皇岛,-0.6,-0.2,https://www.stats.gov.cn/xxgk/sjfb/zxfb2020/202109/t20210915_1822090.html
2021-08,蚌埠,0.4,0.2,https://www.stats.gov.cn/xxgk/sjfb/zxfb2020/202109/t20210915_1822090.html
2021-08,襄阳,0.4,-0.2,https://www.stats.gov.cn/xxgk/sjfb/zxfb2020/202109/t20210915_1822090.html
2021-08,西宁,0.5,0.3,https://www.stats.gov.cn/xxgk/sjfb/zxfb2020/202109/t20210915_1822090.html
2021-08,西安,0.7,0.3,https://www.stats.gov.cn/xxgk/sjfb/zxfb2020/202109/t20210915_1822090.html
2021-08,贵阳,0.0,-0.4,https://www.stats.gov.cn/xxgk/sjfb/zxfb2020/202109/t20210915_1822090.html
2021-08,赣州,-0.1,-0.1,https://www.stats.gov.cn/xxgk/sjfb/zxfb2020/202109/t20210915_1822090.html
2021-08,遵义,-0.1,-0.2,https://www.stats.gov.cn/xxgk/sjfb/zxfb2020/202109/t20210915_1822090.html
2021-08,郑州,-0.1,-0.2,https://www.stats.gov.cn/xxgk/sjfb/zxfb2020/202109/t20210915_1822090.html
2021-08,重庆,0.8,0.0,https://www.stats.gov.cn/xxgk/sjfb/zxfb2020/202109/t20210915_1822090.html
2021-08,金华,0.4,-0.3,https://www.stats.gov.cn/xxgk/sjfb/zxfb2020/202109/t20210915_1822090.html
2021-08,银川,0.4,-0.1,https://www.stats.gov.cn/xxgk/sjfb/zxfb2020/202109/t20210915_1822090.html
2021-08,锦州,0.2,0.2,https://www.stats.gov.cn/xxgk/sjfb/zxfb2020/202109/t20210915_1822090.html
2021-08,长春,0.3,0.4,https://www.stats.gov.cn/xxgk/sjfb/zxfb2020/202109/t20210915_1822090.html
2021-08,长沙,0.5,0.4,https://www.stats.gov.cn/xxgk/sjfb/zxfb2020/202109/t20210915_1822090.html
2021-08,青岛,0.8,0.1,https://www.stats.gov.cn/xxgk/sjfb/zxfb2020/202109/t20210915_1822090.html
2021-08,韶关,0.4,0.3,https://www.stats.gov.cn/xxgk/sjfb/zxfb2020/202109/t20210915_1822090.html
2021-09,三亚,0.1,0.2,https://www.stats.gov.cn/xxgk/sjfb/zxfb2020/202110/t20211020_1823636.html
2021-09,上海,0.2,-0.6,https://www.stats.gov.cn/xxgk/sjfb/zxfb2020/202110/t20211020_1823636.html
2021-09,丹东,0.1,0.1,https://www.stats.gov.cn/xxgk/sjfb/zxfb2020/202110/t20211020_1823636.html
2021-09,乌鲁木齐,0.0,-0.5,https://www.stats.gov.cn/xxgk/sjfb/zxfb2020/202110/t20211020_1823636.html
2021-09,九江,-0.2,-0.1,https://www.stats.gov.cn/xxgk/sjfb/zxfb2020/202110/t20211020_1823636.html
2021-09,兰州,-0.3,-0.3,https://www.stats.gov.cn/xxgk/sjfb/zxfb2020/202110/t20211020_1823636.html
2021-09,包头,-0.2,-0.3,https://www.stats.gov.cn/xxgk/sjfb/zxfb2020/202110/t20211020_1823636.html
2021-09,北京,0.0,-0.2,https://www.stats.gov.cn/xxgk/sjfb/zxfb2020/202110/t20211020_1823636.html
2021-09,北海,-0.4,-0.2,https://www.stats.gov.cn/xxgk/sjfb/zxfb2020/202110/t20211020_1823636.html
2021-09,南京,0.2,0.1,https://www.stats.gov.cn/xxgk/sjfb/zxfb2020/202110/t20211020_1823636.html
2021-09,南充,-0.1,-0.5,https://www.stats.gov.cn/xxgk/sjfb/zxfb2020/202110/t20211020_1823636.html
2021-09,南宁,-0.4,-0.2,https://www.stats.gov.cn/xxgk/sjfb/zxfb2020/202110/t20211020_1823636.html
2021-09,南昌,-0.1,-0.1,https://www.stats.gov.cn/xxgk/sjfb/zxfb2020/202110/t20211020_1823636.html
2021-09,厦门,0.3,-0.2,https://www.stats.gov.cn/xxgk/sjfb/zxfb2020/202110/t20211020_1823636.html
2021-09,合肥,0.4,-0.2,https://www.stats.gov.cn/xxgk/sjfb/zxfb2020/202110/t20211020_1823636.html
2021-09,吉林,-0.2,-0.4,https://www.stats.gov.cn/xxgk/sjfb/zxfb2020/202110/t20211020_1823636.html
2021-09,呼和浩特,-0.3,-0.6,https://www.stats.gov.cn/xxgk/sjfb/zxfb2020/202110/t20211020_1823636.html
2021-09,哈尔滨,-0.5,-0.7,https://www.stats.gov.cn/xxgk/sjfb/zxfb2020/202110/t20211020_1823636.html
2021-09,唐山,-0.8,-0.6,https://www.stats.gov.cn/xxgk/sjfb/zxfb2020/202110/t20211020_1823636.html
2021-09,大理,-0.5,-0.4,https://www.stats.gov.cn/xxgk/sjfb/zxfb2020/202110/t20211020_1823636.html
2021-09,大连,0.1,0.2,https://www.stats.gov.cn/xxgk/sjfb/zxfb2020/202110/t20211020_1823636.html
2021-09,天津,-0.1,0.6,https://www.stats.gov.cn/xxgk/sjfb/zxfb2020/202110/t20211020_1823636.html
2021-09,太原,-0.7,-0.5,https://www.stats.gov.cn/xxgk/sjfb/zxfb2020/202110/t20211020_1823636.html
2021-09,宁波,0.0,-0.2,https://www.stats.gov.cn/xxgk/sjfb/zxfb2020/202110/t20211020_1823636.html
2021-09,安庆,0.4,-0.4,https://www.stats.gov.cn/xxgk/sjfb/zxfb2020/202110/t20211020_1823636.html
2021-09,宜昌,-0.3,-0.2,https://www.stats.gov.cn/xxgk/sjfb/zxfb2020/202110/t20211020_1823636.html
2021-09,岳阳,-0.5,-0.3,https://www.stats.gov.cn/xxgk/sjfb/zxfb2020/202110/t20211020_1823636.html
2021-09,常德,-0.7,-0.1,https://www.stats.gov.cn/xxgk/sjfb/zxfb2020/202110/t20211020_1823636.html
2021-09,平顶山,0.2,-0.2,https://www.stats.gov.cn/xxgk/sjfb/zxfb2020/202110/t20211020_1823636.html
2021-09,广州,-0.1,-0.4,https://www.stats.gov.cn/xxgk/sjfb/zxfb2020/202110/t20211020_1823636.html
2021-09,徐州,-0.3,-0.3,https://www.stats.gov.cn/xxgk/sjfb/zxfb2020/202110/t20211020_1823636.html
2021-09,惠州,-0.3,-0.3,https://www.stats.gov.cn/xxgk/sjfb/zxfb2020/202110/t20211020_1823636.html
2021-09,成都,-0.2,0.1,https://www.stats.gov.cn/xxgk/sjfb/zxfb2020/202110/t20211020_1823636.html
2021-09,扬州,-0.4,-0.3,https://www.stats.gov.cn/xxgk/sjfb/zxfb2020/202110/t20211020_1823636.html
2021-09,无锡,0.5,0.1,https://www.stats.gov.cn/xxgk/sjfb/zxfb2020/202110/t20211020_1823636.html
2021-09,昆明,-0.7,-0.5,https://www.stats.gov.cn/xxgk/sjfb/zxfb2020/202110/t20211020_1823636.html
2021-09,杭州,0.4,-0.4,https://www.stats.gov.cn/xxgk/sjfb/zxfb2020/202110/t20211020_1823636.html
2021-09,桂林,-0.6,-0.4,https://www.stats.gov.cn/xxgk/sjfb/zxfb2020/202110/t20211020_1823636.html
2021-09,武汉,0.0,-0.2,https://www.stats.gov.cn/xxgk/sjfb/zxfb2020/202110/t20211020_1823636.html
2021-09,沈阳,-0.1,-0.1,https://www.stats.gov.cn/xxgk/sjfb/zxfb2020/202110/t20211020_1823636.html
2021-09,泉州,0.1,-0.1,https://www.stats.gov.cn/xxgk/sjfb/zxfb2020/202110/t20211020_1823636.html
2021-09,泸州,-1.0,0.1,https://www.stats.gov.cn/xxgk/sjfb/zxfb2020/202110/t20211020_1823636.html
2021-09,洛阳,0.3,0.1,https://www.stats.gov.cn/xxgk/sjfb/zxfb2020/202110/t20211020_1823636.html
2021-09,济南,0.4,-0.3,https://www.stats.gov.cn/xxgk/sjfb/zxfb2020/202110/t20211020_1823636.html
2021-09,济宁,0.4,0.2,https://www.stats.gov.cn/xxgk/sjfb/zxfb2020/202110/t20211020_1823636.html
2021-09,海口,0.3,0.5,https://www.stats.gov.cn/xxgk/sjfb/zxfb2020/202110/t20211020_1823636.html
2021-09,深圳,0.2,-0.5,https://www.stats.gov.cn/xxgk/sjfb/zxfb2020/202110/t20211020_1823636.html
2021-09,温州,0.4,-0.4,https://www.stats.gov.cn/xxgk/sjfb/zxfb2020/202110/t20211020_1823636.html
2021-09,湛江,-1.0,-0.4,https://www.stats.gov.cn/xxgk/sjfb/zxfb2020/202110/t20211020_1823636.html
2021-09,烟台,-0.2,-0.1,https://www.stats.gov.cn/xxgk/sjfb/zxfb2020/202110/t20211020_1823636.html
2021-09,牡丹江,-0.7,-0.8,https://www.stats.gov.cn/xxgk/sjfb/zxfb2020/202110/t20211020_1823636.html
2021-09,石家庄,0.4,-0.3,https://www.stats.gov.cn/xxgk/sjfb/zxfb2020/202110/t20211020_1823636.html
2021-09,福州,0.0,-0.1,https://www.stats.gov.cn/xxgk/sjfb/zxfb2020/202110/t20211020_1823636.html
2021-09,秦皇岛,-0.5,-0.3,https://www.stats.gov.cn/xxgk/sjfb/zxfb2020/202110/t20211020_1823636.html
2021-09,蚌埠,-0.1,-0.2,https://www.stats.gov.cn/xxgk/sjfb/zxfb2020/202110/t20211020_1823636.html
2021-09,襄阳,-0.1,0.0,https://www.stats.gov.cn/xxgk/sjfb/zxfb2020/202110/t20211020_1823636.html
2021-09,西宁,0.2,0.1,https://www.stats.gov.cn/xxgk/sjfb/zxfb2020/202110/t20211020_1823636.html
2021-09,西安,0.6,0.2,https://www.stats.gov.cn/xxgk/sjfb/zxfb2020/202110/t20211020_1823636.html
2021-09,贵阳,-0.3,-0.6,https://www.stats.gov.cn/xxgk/sjfb/zxfb2020/202110/t20211020_1823636.html
2021-09,赣州,0.0,0.1,https://www.stats.gov.cn/xxgk/sjfb/zxfb2020/202110/t20211020_1823636.html
2021-09,遵义,-0.3,-0.4,https://www.stats.gov.cn/xxgk/sjfb/zxfb2020/202110/t20211020_1823636.html
2021-09,郑州,-0.3,-0.3,https://www.stats.gov.cn/xxgk/sjfb/zxfb2020/202110/t20211020_1823636.html
2021-09,重庆,0.1,0.3,https://www.stats.gov.cn/xxgk/sjfb/zxfb2020/202110/t20211020_1823636.html
2021-09,金华,0.1,-0.2,https://www.stats.gov.cn/xxgk/sjfb/zxfb2020/202110/t20211020_1823636.html
2021-09,银川,0.6,-0.2,https://www.stats.gov.cn/xxgk/sjfb/zxfb2020/202110/t20211020_1823636.html
2021-09,锦州,0.5,-0.3,https://www.stats.gov.cn/xxgk/sjfb/zxfb2020/202110/t20211020_1823636.html
2021-09,长春,0.4,0.1,https://www.stats.gov.cn/xxgk/sjfb/zxfb2020/202110/t20211020_1823636.html
2021-09,长沙,0.3,0.2,https://www.stats.gov.cn/xxgk/sjfb/zxfb2020/202110/t20211020_1823636.html
2021-09,青岛,0.0,-0.1,https://www.stats.gov.cn/xxgk/sjfb/zxfb2020/202110/t20211020_1823636.html
2021-09,韶关,-0.5,-0.1,https://www.stats.gov.cn/xxgk/sjfb/zxfb2020/202110/t20211020_1823636.html
2021-10,三亚,0.8,0.4,https://www.stats.gov.cn/xxgk/sjfb/zxfb2020/202111/t20211115_1824503.html
2021-10,上海,0.1,-0.4,https://www.stats.gov.cn/xxgk/sjfb/zxfb2020/202111/t20211115_1824503.html
2021-10,丹东,0.2,-0.1,https://www.stats.gov.cn/xxgk/sjfb/zxfb2020/202111/t20211115_1824503.html
2021-10,乌鲁木齐,-0.3,-0.5,https://www.stats.gov.cn/xxgk/sjfb/zxfb2020/202111/t20211115_1824503.html
2021-10,九江,-0.4,-0.4,https://www.stats.gov.cn/xxgk/sjfb/zxfb2020/202111/t20211115_1824503.html
2021-10,兰州,-0.1,-0.4,https://www.stats.gov.cn/xxgk/sjfb/zxfb2020/202111/t20211115_1824503.html
2021-10,包头,-0.3,-0.1,https://www.stats.gov.cn/xxgk/sjfb/zxfb2020/202111/t20211115_1824503.html
2021-10,北京,0.6,-0.5,https://www.stats.gov.cn/xxgk/sjfb/zxfb2020/202111/t20211115_1824503.html
2021-10,北海,-0.3,-0.2,https://www.stats.gov.cn/xxgk/sjfb/zxfb2020/202111/t20211115_1824503.html
2021-10,南京,0.0,-0.3,https://www.stats.gov.cn/xxgk/sjfb/zxfb2020/202111/t20211115_1824503.html
2021-10,南充,-0.5,-0.9,https://www.stats.gov.cn/xxgk/sjfb/zxfb2020/202111/t20211115_1824503.html
2021-10,南宁,-0.5,-0.3,https://www.stats.gov.cn/xxgk/sjfb/zxfb2020/202111/t20211115_1824503.html
2021-10,南昌,-0.3,-0.2,https://www.stats.gov.cn/xxgk/sjfb/zxfb2020/202111/t20211115_1824503.html
2021-10,厦门,0.2,-0.3,https://www.stats.gov.cn/xxgk/sjfb/zxfb2020/202111/t20211115_1824503.html
2021-10,合肥,-0.1,-0.2,https://www.stats.gov.cn/xxgk/sjfb/zxfb2020/202111/t20211115_1824503.html
2021-10,吉林,-0.3,-0.4,https://www.stats.gov.cn/xxgk/sjfb/zxfb2020/202111/t20211115_1824503.html
2021-10,呼和浩特,-0.5,-0.5,https://www.stats.gov.cn/xxgk/sjfb/zxfb2020/202111/t20211115_1824503.html
2021-10,哈尔滨,-0.3,-0.5,https://www.stats.gov.cn/xxgk/sjfb/zxfb2020/202111/t20211115_1824503.html
2021-10,唐山,-0.7,-0.1,https://www.stats.gov.cn/xxgk/sjfb/zxfb2020/202111/t20211115_1824503.html
2021-10,大理,-0.9,-0.8,https://www.stats.gov.cn/xxgk/sjfb/zxfb2020/202111/t20211115_1824503.html
2021-10,大连,-0.2,0.1,https://www.stats.gov.cn/xxgk/sjfb/zxfb2020/202111/t20211115_1824503.html
2021-10,天津,-0.5,-0.1,https://www.stats.gov.cn/xxgk/sjfb/zxfb2020/202111/t20211115_1824503.html
2021-10,太原,-0.3,-0.4,https://www.stats.gov.cn/xxgk/sjfb/zxfb2020/202111/t20211115_1824503.html
2021-10,宁波,-0.1,-0.4,https://www.stats.gov.cn/xxgk/sjfb/zxfb2020/202111/t20211115_1824503.html
2021-10,安庆,-0.1,-0.5,https://www.stats.gov.cn/xxgk/sjfb/zxfb2020/202111/t20211115_1824503.html
2021-10,宜昌,-0.3,-0.2,https://www.stats.gov.cn/xxgk/sjfb/zxfb2020/202111/t20211115_1824503.html
2021-10,岳阳,-0.7,-0.3,https://www.stats.gov.cn/xxgk/sjfb/zxfb2020/202111/t20211115_1824503.html
2021-10,常德,-0.5,-0.3,https://www.stats.gov.cn/xxgk/sjfb/zxfb2020/202111/t20211115_1824503.html
2021-10,平顶山,0.3,-0.1,https://www.stats.gov.cn/xxgk/sjfb/zxfb2020/202111/t20211115_1824503.html
2021-10,广州,-0.3,-0.6,https://www.stats.gov.cn/xxgk/sjfb/zxfb2020/202111/t20211115_1824503.html
2021-10,徐州,-0.3,-0.5,https://www.stats.gov.cn/xxgk/sjfb/zxfb2020/202111/t20211115_1824503.html
2021-10,惠州,-0.6,-0.5,https://www.stats.gov.cn/xxgk/sjfb/zxfb2020/202111/t20211115_1824503.html
2021-10,成都,-0.6,0.0,https://www.stats.gov.cn/xxgk/sjfb/zxfb2020/202111/t20211115_1824503.html
2021-10,扬州,-0.4,-0.4,https://www.stats.gov.cn/xxgk/sjfb/zxfb2020/202111/t20211115_1824503.html
2021-10,无锡,0.0,-0.4,https://www.stats.gov.cn/xxgk/sjfb/zxfb2020/202111/t20211115_1824503.html
2021-10,昆明,-0.8,-0.3,https://www.stats.gov.cn/xxgk/sjfb/zxfb2020/202111/t20211115_1824503.html
2021-10,杭州,0.4,-0.5,https://www.stats.gov.cn/xxgk/sjfb/zxfb2020/202111/t20211115_1824503.html
2021-10,桂林,-0.7,-0.6,https://www.stats.gov.cn/xxgk/sjfb/zxfb2020/202111/t20211115_1824503.html
2021-10,武汉,-0.4,-0.2,https://www.stats.gov.cn/xxgk/sjfb/zxfb2020/202111/t20211115_1824503.html
2021-10,沈阳,-0.3,-0.2,https://www.stats.gov.cn/xxgk/sjfb/zxfb2020/202111/t20211115_1824503.html
2021-10,泉州,-0.1,-0.4,https://www.stats.gov.cn/xxgk/sjfb/zxfb2020/202111/t20211115_1824503.html
2021-10,泸州,-0.9,-0.8,https://www.stats.gov.cn/xxgk/sjfb/zxfb2020/202111/t20211115_1824503.html
2021-10,洛阳,0.2,0.0,https://www.stats.gov.cn/xxgk/sjfb/zxfb2020/202111/t20211115_1824503.html
2021-10,济南,-0.4,-0.2,https://www.stats.gov.cn/xxgk/sjfb/zxfb2020/202111/t20211115_1824503.html
2021-10,济宁,-0.1,-0.2,https://www.stats.gov.cn/xxgk/sjfb/zxfb2020/202111/t20211115_1824503.html
2021-10,海口,0.0,0.3,https://www.stats.gov.cn/xxgk/sjfb/zxfb2020/202111/t20211115_1824503.html
2021-10,深圳,-0.2,-0.2,https://www.stats.gov.cn/xxgk/sjfb/zxfb2020/202111/t20211115_1824503.html
2021-10,温州,0.0,-0.5,https://www.stats.gov.cn/xxgk/sjfb/zxfb2020/202111/t20211115_1824503.html
2021-10,湛江,-0.7,-0.4,https://www.stats.gov.cn/xxgk/sjfb/zxfb2020/202111/t20211115_1824503.html
2021-10,烟台,-0.5,-0.2,https://www.stats.gov.cn/xxgk/sjfb/zxfb2020/202111/t20211115_1824503.html
2021-10,牡丹江,-0.5,-0.8,https://www.stats.gov.cn/xxgk/sjfb/zxfb2020/202111/t20211115_1824503.html
2021-10,石家庄,-1.1,-0.6,https://www.stats.gov.cn/xxgk/sjfb/zxfb2020/202111/t20211115_1824503.html
2021-10,福州,-0.2,-0.4,https://www.stats.gov.cn/xxgk/sjfb/zxfb2020/202111/t20211115_1824503.html
2021-10,秦皇岛,-0.8,-0.2,https://www.stats.gov.cn/xxgk/sjfb/zxfb2020/202111/t20211115_1824503.html
2021-10,蚌埠,-0.2,-0.4,https://www.stats.gov.cn/xxgk/sjfb/zxfb2020/202111/t20211115_1824503.html
2021-10,襄阳,-0.2,-0.5,https://www.stats.gov.cn/xxgk/sjfb/zxfb2020/202111/t20211115_1824503.html
2021-10,西宁,-0.3,-0.6,https://www.stats.gov.cn/xxgk/sjfb/zxfb2020/202111/t20211115_1824503.html
2021-10,西安,0.4,-0.2,https://www.stats.gov.cn/xxgk/sjfb/zxfb2020/202111/t20211115_1824503.html
2021-10,贵阳,-0.4,-0.3,https://www.stats.gov.cn/xxgk/sjfb/zxfb2020/202111/t20211115_1824503.html
2021-10,赣州,-0.3,0.5,https://www.stats.gov.cn/xxgk/sjfb/zxfb2020/202111/t20211115_1824503.html
2021-10,遵义,-0.6,-0.5,https://www.stats.gov.cn/xxgk/sjfb/zxfb2020/202111/t20211115_1824503.html
2021-10,郑州,-0.5,-0.5,https://www.stats.gov.cn/xxgk/sjfb/zxfb2020/202111/t20211115_1824503.html
2021-10,重庆,0.0,-0.2,https://www.stats.gov.cn/xxgk/sjfb/zxfb2020/202111/t20211115_1824503.html
2021-10,金华,-0.2,-0.3,https://www.stats.gov.cn/xxgk/sjfb/zxfb2020/202111/t20211115_1824503.html
2021-10,银川,0.6,-0.2,https://www.stats.gov.cn/xxgk/sjfb/zxfb2020/202111/t20211115_1824503.html
2021-10,锦州,0.3,-0.5,https://www.stats.gov.cn/xxgk/sjfb/zxfb2020/202111/t20211115_1824503.html
2021-10,长春,0.1,-0.1,https://www.stats.gov.cn/xxgk/sjfb/zxfb2020/202111/t20211115_1824503.html
2021-10,长沙,0.2,-0.3,https://www.stats.gov.cn/xxgk/sjfb/zxfb2020/202111/t20211115_1824503.html
2021-10,青岛,-0.2,-0.1,https://www.stats.gov.cn/xxgk/sjfb/zxfb2020/202111/t20211115_1824503.html
2021-10,韶关,-1.1,-0.8,https://www.stats.gov.cn/xxgk/sjfb/zxfb2020/202111/t20211115_1824503.html
2021-11,三亚,0.7,0.0,https://www.stats.gov.cn/xxgk/sjfb/zxfb2020/202112/t20211215_1825292.html
2021-11,上海,0.2,-0.1,https://www.stats.gov.cn/xxgk/sjfb/zxfb2020/202112/t20211215_1825292.html
2021-11,丹东,-0.2,-0.3,https://www.stats.gov.cn/xxgk/sjfb/zxfb2020/202112/t20211215_1825292.html
2021-11,乌鲁木齐,-0.5,-0.4,https://www.stats.gov.cn/xxgk/sjfb/zxfb2020/202112/t20211215_1825292.html
2021-11,九江,-0.4,-0.5,https://www.stats.gov.cn/xxgk/sjfb/zxfb2020/202112/t20211215_1825292.html
2021-11,兰州,-0.4,-0.3,https://www.stats.gov.cn/xxgk/sjfb/zxfb2020/202112/t20211215_1825292.html
2021-11,包头,-0.5,-0.4,https://www.stats.gov.cn/xxgk/sjfb/zxfb2020/202112/t20211215_1825292.html
2021-11,北京,0.3,-0.2,https://www.stats.gov.cn/xxgk/sjfb/zxfb2020/202112/t20211215_1825292.html
2021-11,北海,-0.5,-0.4,https://www.stats.gov.cn/xxgk/sjfb/zxfb2020/202112/t20211215_1825292.html
2021-11,南京,-0.5,-0.5,https://www.stats.gov.cn/xxgk/sjfb/zxfb2020/202112/t20211215_1825292.html
2021-11,南充,-0.7,-0.8,https://www.stats.gov.cn/xxgk/sjfb/zxfb2020/202112/t20211215_1825292.html
2021-11,南宁,-0.1,-0.6,https://www.stats.gov.cn/xxgk/sjfb/zxfb2020/202112/t20211215_1825292.html
2021-11,南昌,-0.4,-0.1,https://www.stats.gov.cn/xxgk/sjfb/zxfb2020/202112/t20211215_1825292.html
2021-11,厦门,-0.6,-0.2,https://www.stats.gov.cn/xxgk/sjfb/zxfb2020/202112/t20211215_1825292.html
2021-11,合肥,-0.3,-0.1,https://www.stats.gov.cn/xxgk/sjfb/zxfb2020/202112/t20211215_1825292.html
2021-11,吉林,-0.4,-0.1,https://www.stats.gov.cn/xxgk/sjfb/zxfb2020/202112/t20211215_1825292.html
2021-11,呼和浩特,-0.5,-0.4,https://www.stats.gov.cn/xxgk/sjfb/zxfb2020/202112/t20211215_1825292.html
2021-11,哈尔滨,-0.7,-1.0,https://www.stats.gov.cn/xxgk/sjfb/zxfb2020/202112/t20211215_1825292.html
2021-11,唐山,-0.3,0.2,https://www.stats.gov.cn/xxgk/sjfb/zxfb2020/202112/t20211215_1825292.html
2021-11,大理,-1.0,-1.0,https://www.stats.gov.cn/xxgk/sjfb/zxfb2020/202112/t20211215_1825292.html
2021-11,大连,-0.2,-0.1,https://www.stats.gov.cn/xxgk/sjfb/zxfb2020/202112/t20211215_1825292.html
2021-11,天津,-0.6,-0.3,https://www.stats.gov.cn/xxgk/sjfb/zxfb2020/202112/t20211215_1825292.html
2021-11,太原,-0.5,-0.8,https://www.stats.gov.cn/xxgk/sjfb/zxfb2020/202112/t20211215_1825292.html
2021-11,宁波,-0.3,-0.3,https://www.stats.gov.cn/xxgk/sjfb/zxfb2020/202112/t20211215_1825292.html
2021-11,安庆,-0.2,-0.6,https://www.stats.gov.cn/xxgk/sjfb/zxfb2020/202112/t20211215_1825292.html
2021-11,宜昌,-0.2,-0.5,https://www.stats.gov.cn/xxgk/sjfb/zxfb2020/202112/t20211215_1825292.html
2021-11,岳阳,0.3,-0.2,https://www.stats.gov.cn/xxgk/sjfb/zxfb2020/202112/t20211215_1825292.html
2021-11,常德,-0.2,-0.3,https://www.stats.gov.cn/xxgk/sjfb/zxfb2020/202112/t20211215_1825292.html
2021-11,平顶山,-0.4,-0.3,https://www.stats.gov.cn/xxgk/sjfb/zxfb2020/202112/t20211215_1825292.html
2021-11,广州,-0.6,-0.5,https://www.stats.gov.cn/xxgk/sjfb/zxfb2020/202112/t20211215_1825292.html
2021-11,徐州,-0.2,-0.6,https://www.stats.gov.cn/xxgk/sjfb/zxfb2020/202112/t20211215_1825292.html
2021-11,惠州,0.1,-0.4,https://www.stats.gov.cn/xxgk/sjfb/zxfb2020/202112/t20211215_1825292.html
2021-11,成都,-0.2,-0.6,https://www.stats.gov.cn/xxgk/sjfb/zxfb2020/202112/t20211215_1825292.html
2021-11,扬州,-0.8,-0.5,https://www.stats.gov.cn/xxgk/sjfb/zxfb2020/202112/t20211215_1825292.html
2021-11,无锡,-0.3,-0.4,https://www.stats.gov.cn/xxgk/sjfb/zxfb2020/202112/t20211215_1825292.html
2021-11,昆明,0.0,-0.3,https://www.stats.gov.cn/xxgk/sjfb/zxfb2020/202112/t20211215_1825292.html
2021-11,杭州,0.5,-0.1,https://www.stats.gov.cn/xxgk/sjfb/zxfb2020/202112/t20211215_1825292.html
2021-11,桂林,-0.5,-0.7,https://www.stats.gov.cn/xxgk/sjfb/zxfb2020/202112/t20211215_1825292.html
2021-11,武汉,-0.8,-0.3,https://www.stats.gov.cn/xxgk/sjfb/zxfb2020/202112/t20211215_1825292.html
2021-11,沈阳,-0.4,-0.3,https://www.stats.gov.cn/xxgk/sjfb/zxfb2020/202112/t20211215_1825292.html
2021-11,泉州,-0.5,-0.7,https://www.stats.gov.cn/xxgk/sjfb/zxfb2020/202112/t20211215_1825292.html
2021-11,泸州,-0.7,-0.9,https://www.stats.gov.cn/xxgk/sjfb/zxfb2020/202112/t20211215_1825292.html
2021-11,洛阳,-0.2,-0.8,https://www.stats.gov.cn/xxgk/sjfb/zxfb2020/202112/t20211215_1825292.html
2021-11,济南,-0.5,-0.5,https://www.stats.gov.cn/xxgk/sjfb/zxfb2020/202112/t20211215_1825292.html
2021-11,济宁,-0.4,0.0,https://www.stats.gov.cn/xxgk/sjfb/zxfb2020/202112/t20211215_1825292.html
2021-11,海口,-0.5,0.3,https://www.stats.gov.cn/xxgk/sjfb/zxfb2020/202112/t20211215_1825292.html
2021-11,深圳,0.0,-0.2,https://www.stats.gov.cn/xxgk/sjfb/zxfb2020/202112/t20211215_1825292.html
2021-11,温州,-0.1,-0.2,https://www.stats.gov.cn/xxgk/sjfb/zxfb2020/202112/t20211215_1825292.html
2021-11,湛江,-0.4,-0.2,https://www.stats.gov.cn/xxgk/sjfb/zxfb2020/202112/t20211215_1825292.html
2021-11,烟台,-0.3,-0.2,https://www.stats.gov.cn/xxgk/sjfb/zxfb2020/202112/t20211215_1825292.html
2021-11,牡丹江,-0.5,-0.4,https://www.stats.gov.cn/xxgk/sjfb/zxfb2020/202112/t20211215_1825292.html
2021-11,石家庄,-1.2,-0.8,https://www.stats.gov.cn/xxgk/sjfb/zxfb2020/202112/t20211215_1825292.html
2021-11,福州,-0.4,-0.1,https://www.stats.gov.cn/xxgk/sjfb/zxfb2020/202112/t20211215_1825292.html
2021-11,秦皇岛,-0.4,-0.3,https://www.stats.gov.cn/xxgk/sjfb/zxfb2020/202112/t20211215_1825292.html
2021-11,蚌埠,-0.3,-0.5,https://www.stats.gov.cn/xxgk/sjfb/zxfb2020/202112/t20211215_1825292.html
2021-11,襄阳,-0.7,-0.2,https://www.stats.gov.cn/xxgk/sjfb/zxfb2020/202112/t20211215_1825292.html
2021-11,西宁,-0.5,-0.7,https://www.stats.gov.cn/xxgk/sjfb/zxfb2020/202112/t20211215_1825292.html
2021-11,西安,0.2,-0.5,https://www.stats.gov.cn/xxgk/sjfb/zxfb2020/202112/t20211215_1825292.html
2021-11,贵阳,-1.1,-0.7,https://www.stats.gov.cn/xxgk/sjfb/zxfb2020/202112/t20211215_1825292.html
2021-11,赣州,-0.1,0.4,https://www.stats.gov.cn/xxgk/sjfb/zxfb2020/202112/t20211215_1825292.html
2021-11,遵义,-0.5,-0.2,https://www.stats.gov.cn/xxgk/sjfb/zxfb2020/202112/t20211215_1825292.html
2021-11,郑州,-0.6,-0.7,https://www.stats.gov.cn/xxgk/sjfb/zxfb2020/202112/t20211215_1825292.html
2021-11,重庆,-0.2,0.0,https://www.stats.gov.cn/xxgk/sjfb/zxfb2020/202112/t20211215_1825292.html
2021-11,金华,-0.3,-0.4,https://www.stats.gov.cn/xxgk/sjfb/zxfb2020/202112/t20211215_1825292.html
2021-11,银川,0.3,-0.3,https://www.stats.gov.cn/xxgk/sjfb/zxfb2020/202112/t20211215_1825292.html
2021-11,锦州,-0.5,-0.7,https://www.stats.gov.cn/xxgk/sjfb/zxfb2020/202112/t20211215_1825292.html
2021-11,长春,-0.3,-0.4,https://www.stats.gov.cn/xxgk/sjfb/zxfb2020/202112/t20211215_1825292.html
2021-11,长沙,0.2,0.0,https://www.stats.gov.cn/xxgk/sjfb/zxfb2020/202112/t20211215_1825292.html
2021-11,青岛,-0.3,-0.4,https://www.stats.gov.cn/xxgk/sjfb/zxfb2020/202112/t20211215_1825292.html
2021-11,韶关,-0.2,-0.5,https://www.stats.gov.cn/xxgk/sjfb/zxfb2020/202112/t20211215_1825292.html
2021-12,三亚,0.2,-0.6,https://www.stats.gov.cn/xxgk/sjfb/zxfb2020/202201/t20220115_1826376.html
2021-12,上海,0.4,0.4,https://www.stats.gov.cn/xxgk/sjfb/zxfb2020/202201/t20220115_1826376.html
2021-12,丹东,-0.4,-0.8,https://www.stats.gov.cn/xxgk/sjfb/zxfb2020/202201/t20220115_1826376.html
2021-12,乌鲁木齐,-0.4,-0.3,https://www.stats.gov.cn/xxgk/sjfb/zxfb2020/202201/t20220115_1826376.html
2021-12,九江,-0.5,-0.3,https://www.stats.gov.cn/xxgk/sjfb/zxfb2020/202201/t20220115_1826376.html
2021-12,兰州,-0.4,-0.2,https://www.stats.gov.cn/xxgk/sjfb/zxfb2020/202201/t20220115_1826376.html
2021-12,包头,-0.6,-0.4,https://www.stats.gov.cn/xxgk/sjfb/zxfb2020/202201/t20220115_1826376.html
2021-12,北京,0.0,0.8,https://www.stats.gov.cn/xxgk/sjfb/zxfb2020/202201/t20220115_1826376.html
2021-12,北海,-0.6,-0.6,https://www.stats.gov.cn/xxgk/sjfb/zxfb2020/202201/t20220115_1826376.html
2021-12,南京,0.3,-0.3,https://www.stats.gov.cn/xxgk/sjfb/zxfb2020/202201/t20220115_1826376.html
2021-12,南充,-0.7,-0.5,https://www.stats.gov.cn/xxgk/sjfb/zxfb2020/202201/t20220115_1826376.html
2021-12,南宁,-0.2,-0.4,https://www.stats.gov.cn/xxgk/sjfb/zxfb2020/202201/t20220115_1826376.html
2021-12,南昌,-0.1,-0.3,https://www.stats.gov.cn/xxgk/sjfb/zxfb2020/202201/t20220115_1826376.html
2021-12,厦门,0.2,-0.4,https://www.stats.gov.cn/xxgk/sjfb/zxfb2020/202201/t20220115_1826376.html
2021-12,合肥,0.2,-0.3,https://www.stats.gov.cn/xxgk/sjfb/zxfb2020/202201/t20220115_1826376.html
2021-12,吉林,0.1,-0.4,https://www.stats.gov.cn/xxgk/sjfb/zxfb2020/202201/t20220115_1826376.html
2021-12,呼和浩特,0.0,-0.1,https://www.stats.gov.cn/xxgk/sjfb/zxfb2020/202201/t20220115_1826376.html
2021-12,哈尔滨,-0.8,-1.0,https://www.stats.gov.cn/xxgk/sjfb/zxfb2020/202201/t20220115_1826376.html
2021-12,唐山,0.2,-0.4,https://www.stats.gov.cn/xxgk/sjfb/zxfb2020/202201/t20220115_1826376.html
2021-12,大理,-0.4,-0.8,https://www.stats.gov.cn/xxgk/sjfb/zxfb2020/202201/t20220115_1826376.html
2021-12,大连,-0.4,-0.2,https://www.stats.gov.cn/xxgk/sjfb/zxfb2020/202201/t20220115_1826376.html
2021-12,天津,-0.7,-0.4,https://www.stats.gov.cn/xxgk/sjfb/zxfb2020/202201/t20220115_1826376.html
2021-12,太原,-0.9,-1.2,https://www.stats.gov.cn/xxgk/sjfb/zxfb2020/202201/t20220115_1826376.html
2021-12,宁波,-0.4,-0.2,https://www.stats.gov.cn/xxgk/sjfb/zxfb2020/202201/t20220115_1826376.html
2021-12,安庆,0.0,-0.5,https://www.stats.gov.cn/xxgk/sjfb/zxfb2020/202201/t20220115_1826376.html
2021-12,宜昌,-0.4,-0.5,https://www.stats.gov.cn/xxgk/sjfb/zxfb2020/202201/t20220115_1826376.html
2021-12,岳阳,-0.4,-0.5,https://www.stats.gov.cn/xxgk/sjfb/zxfb2020/202201/t20220115_1826376.html
2021-12,常德,-0.3,-0.6,https://www.stats.gov.cn/xxgk/sjfb/zxfb2020/202201/t20220115_1826376.html
2021-12,平顶山,-0.1,-0.1,https://www.stats.gov.cn/xxgk/sjfb/zxfb2020/202201/t20220115_1826376.html
2021-12,广州,-0.6,-0.3,https://www.stats.gov.cn/xxgk/sjfb/zxfb2020/202201/t20220115_1826376.html
2021-12,徐州,-0.4,-0.5,https://www.stats.gov.cn/xxgk/sjfb/zxfb2020/202201/t20220115_1826376.html
2021-12,惠州,-0.3,-0.2,https://www.stats.gov.cn/xxgk/sjfb/zxfb2020/202201/t20220115_1826376.html
2021-12,成都,-0.4,-0.3,https://www.stats.gov.cn/xxgk/sjfb/zxfb2020/202201/t20220115_1826376.html
2021-12,扬州,-0.1,-0.7,https://www.stats.gov.cn/xxgk/sjfb/zxfb2020/202201/t20220115_1826376.html
2021-12,无锡,-0.5,-0.6,https://www.stats.gov.cn/xxgk/sjfb/zxfb2020/202201/t20220115_1826376.html
2021-12,昆明,-0.2,0.5,https://www.stats.gov.cn/xxgk/sjfb/zxfb2020/202201/t20220115_1826376.html
2021-12,杭州,0.5,0.3,https://www.stats.gov.cn/xxgk/sjfb/zxfb2020/202201/t20220115_1826376.html
2021-12,桂林,0.4,-0.2,https://www.stats.gov.cn/xxgk/sjfb/zxfb2020/202201/t20220115_1826376.html
2021-12,武汉,-0.3,-0.5,https://www.stats.gov.cn/xxgk/sjfb/zxfb2020/202201/t20220115_1826376.html
2021-12,沈阳,-0.5,-0.5,https://www.stats.gov.cn/xxgk/sjfb/zxfb2020/202201/t20220115_1826376.html
2021-12,泉州,-0.8,-0.5,https://www.stats.gov.cn/xxgk/sjfb/zxfb2020/202201/t20220115_1826376.html
2021-12,泸州,0.0,-0.3,https://www.stats.gov.cn/xxgk/sjfb/zxfb2020/202201/t20220115_1826376.html
2021-12,洛阳,-0.7,-0.6,https://www.stats.gov.cn/xxgk/sjfb/zxfb2020/202201/t20220115_1826376.html
2021-12,济南,0.0,-0.1,https://www.stats.gov.cn/xxgk/sjfb/zxfb2020/202201/t20220115_1826376.html
2021-12,济宁,-0.5,-0.7,https://www.stats.gov.cn/xxgk/sjfb/zxfb2020/202201/t20220115_1826376.html
2021-12,海口,-0.3,0.1,https://www.stats.gov.cn/xxgk/sjfb/zxfb2020/202201/t20220115_1826376.html
2021-12,深圳,-0.1,-0.4,https://www.stats.gov.cn/xxgk/sjfb/zxfb2020/202201/t20220115_1826376.html
2021-12,温州,0.3,-0.3,https://www.stats.gov.cn/xxgk/sjfb/zxfb2020/202201/t20220115_1826376.html
2021-12,湛江,-1.1,-0.4,https://www.stats.gov.cn/xxgk/sjfb/zxfb2020/202201/t20220115_1826376.html
2021-12,烟台,-0.3,-0.1,https://www.stats.gov.cn/xxgk/sjfb/zxfb2020/202201/t20220115_1826376.html
2021-12,牡丹江,-0.7,-1.3,https://www.stats.gov.cn/xxgk/sjfb/zxfb2020/202201/t20220115_1826376.html
2021-12,石家庄,-0.9,-1.0,https://www.stats.gov.cn/xxgk/sjfb/zxfb2020/202201/t20220115_1826376.html
2021-12,福州,0.1,-0.2,https://www.stats.gov.cn/xxgk/sjfb/zxfb2020/202201/t20220115_1826376.html
2021-12,秦皇岛,-1.0,-0.5,https://www.stats.gov.cn/xxgk/sjfb/zxfb2020/202201/t20220115_1826376.html
2021-12,蚌埠,-0.2,-0.4,https://www.stats.gov.cn/xxgk/sjfb/zxfb2020/202201/t20220115_1826376.html
2021-12,襄阳,-1.0,-0.3,https://www.stats.gov.cn/xxgk/sjfb/zxfb2020/202201/t20220115_1826376.html
2021-12,西宁,-1.0,-0.5,https://www.stats.gov.cn/xxgk/sjfb/zxfb2020/202201/t20220115_1826376.html
2021-12,西安,-0.5,-0.3,https://www.stats.gov.cn/xxgk/sjfb/zxfb2020/202201/t20220115_1826376.html
2021-12,贵阳,-0.5,-0.6,https://www.stats.gov.cn/xxgk/sjfb/zxfb2020/202201/t20220115_1826376.html
2021-12,赣州,0.4,0.0,https://www.stats.gov.cn/xxgk/sjfb/zxfb2020/202201/t20220115_1826376.html
2021-12,遵义,0.1,-0.3,https://www.stats.gov.cn/xxgk/sjfb/zxfb2020/202201/t20220115_1826376.html
2021-12,郑州,-0.7,-0.5,https://www.stats.gov.cn/xxgk/sjfb/zxfb2020/202201/t20220115_1826376.html
2021-12,重庆,0.3,-0.4,https://www.stats.gov.cn/xxgk/sjfb/zxfb2020/202201/t20220115_1826376.html
2021-12,金华,-0.1,-0.2,https://www.stats.gov.cn/xxgk/sjfb/zxfb2020/202201/t20220115_1826376.html
2021-12,银川,-0.4,-0.2,https://www.stats.gov.cn/xxgk/sjfb/zxfb2020/202201/t20220115_1826376.html
2021-12,锦州,-0.2,-0.3,https://www.stats.gov.cn/xxgk/sjfb/zxfb2020/202201/t20220115_1826376.html
2021-12,长春,-0.3,-0.4,https://www.stats.gov.cn/xxgk/sjfb/zxfb2020/202201/t20220115_1826376.html
2021-12,长沙,0.3,0.2,https://www.stats.gov.cn/xxgk/sjfb/zxfb2020/202201/t20220115_1826376.html
2021-12,青岛,-0.1,-0.3,https://www.stats.gov.cn/xxgk/sjfb/zxfb2020/202201/t20220115_1826376.html
2021-12,韶关,-0.5,-0.3,https://www.stats.gov.cn/xxgk/sjfb/zxfb2020/202201/t20220115_1826376.html
2022-01,三亚,0.7,-0.4,https://www.stats.gov.cn/sj/zxfb/202302/t20230203_1901390.html
2022-01,上海,0.6,0.6,https://www.stats.gov.cn/sj/zxfb/202302/t20230203_1901390.html
2022-01,丹东,-0.7,-0.8,https://www.stats.gov.cn/sj/zxfb/202302/t20230203_1901390.html
2022-01,乌鲁木齐,0.2,-0.2,https://www.stats.gov.cn/sj/zxfb/202302/t20230203_1901390.html
2022-01,九江,-0.6,-0.2,https://www.stats.gov.cn/sj/zxfb/202302/t20230203_1901390.html
2022-01,兰州,-0.2,-0.4,https://www.stats.gov.cn/sj/zxfb/202302/t20230203_1901390.html
2022-01,包头,-0.2,-0.2,https://www.stats.gov.cn/sj/zxfb/202302/t20230203_1901390.html
2022-01,北京,1.0,0.5,https://www.stats.gov.cn/sj/zxfb/202302/t20230203_1901390.html
2022-01,北海,-0.2,-1.2,https://www.stats.gov.cn/sj/zxfb/202302/t20230203_1901390.html
2022-01,南京,0.1,-0.6,https://www.stats.gov.cn/sj/zxfb/202302/t20230203_1901390.html
2022-01,南充,-0.6,-0.2,https://www.stats.gov.cn/sj/zxfb/202302/t20230203_1901390.html
2022-01,南宁,0.4,-0.2,https://www.stats.gov.cn/sj/zxfb/202302/t20230203_1901390.html
2022-01,南昌,0.3,0.0,https://www.stats.gov.cn/sj/zxfb/202302/t20230203_1901390.html
2022-01,厦门,-0.4,0.2,https://www.stats.gov.cn/sj/zxfb/202302/t20230203_1901390.html
2022-01,合肥,-0.1,-0.4,https://www.stats.gov.cn/sj/zxfb/202302/t20230203_1901390.html
2022-01,吉林,0.1,-0.5,https://www.stats.gov.cn/sj/zxfb/202302/t20230203_1901390.html
2022-01,呼和浩特,-0.1,-0.1,https://www.stats.gov.cn/sj/zxfb/202302/t20230203_1901390.html
2022-01,哈尔滨,-1.2,-0.7,https://www.stats.gov.cn/sj/zxfb/202302/t20230203_1901390.html
2022-01,唐山,0.7,0.0,https://www.stats.gov.cn/sj/zxfb/202302/t20230203_1901390.html
2022-01,大理,-0.5,-0.1,https://www.stats.gov.cn/sj/zxfb/202302/t20230203_1901390.html
2022-01,大连,-0.2,-0.5,https://www.stats.gov.cn/sj/zxfb/202302/t20230203_1901390.html
2022-01,天津,-0.7,-0.7,https://www.stats.gov.cn/sj/zxfb/202302/t20230203_1901390.html
2022-01,太原,-0.1,-0.3,https://www.stats.gov.cn/sj/zxfb/202302/t20230203_1901390.html
2022-01,宁波,0.4,-0.5,https://www.stats.gov.cn/sj/zxfb/202302/t20230203_1901390.html
2022-01,安庆,-0.3,-0.7,https://www.stats.gov.cn/sj/zxfb/202302/t20230203_1901390.html
2022-01,宜昌,-0.2,-0.4,https://www.stats.gov.cn/sj/zxfb/202302/t20230203_1901390.html
2022-01,岳阳,-0.1,0.0,https://www.stats.gov.cn/sj/zxfb/202302/t20230203_1901390.html
2022-01,常德,-0.6,-0.8,https://www.stats.gov.cn/sj/zxfb/202302/t20230203_1901390.html
2022-01,平顶山,-0.2,-0.2,https://www.stats.gov.cn/sj/zxfb/202302/t20230203_1901390.html
2022-01,广州,0.5,-0.2,https://www.stats.gov.cn/sj/zxfb/202302/t20230203_1901390.html
2022-01,徐州,0.8,-0.2,https://www.stats.gov.cn/sj/zxfb/202302/t20230203_1901390.html
2022-01,惠州,-0.2,0.4,https://www.stats.gov.cn/sj/zxfb/202302/t20230203_1901390.html
2022-01,成都,1.0,0.8,https://www.stats.gov.cn/sj/zxfb/202302/t20230203_1901390.html
2022-01,扬州,-0.5,-0.3,https://www.stats.gov.cn/sj/zxfb/202302/t20230203_1901390.html
2022-01,无锡,0.3,0.3,https://www.stats.gov.cn/sj/zxfb/202302/t20230203_1901390.html
2022-01,昆明,0.4,0.8,https://www.stats.gov.cn/sj/zxfb/202302/t20230203_1901390.html
2022-01,杭州,0.3,0.4,https://www.stats.gov.cn/sj/zxfb/202302/t20230203_1901390.html
2022-01,桂林,-0.1,-0.2,https://www.stats.gov.cn/sj/zxfb/202302/t20230203_1901390.html
2022-01,武汉,0.3,-0.3,https://www.stats.gov.cn/sj/zxfb/202302/t20230203_1901390.html
2022-01,沈阳,-0.6,-0.7,https://www.stats.gov.cn/sj/zxfb/202302/t20230203_1901390.html
2022-01,泉州,0.1,-0.5,https://www.stats.gov.cn/sj/zxfb/202302/t20230203_1901390.html
2022-01,泸州,-0.5,-0.7,https://www.stats.gov.cn/sj/zxfb/202302/t20230203_1901390.html
2022-01,洛阳,-0.3,-0.6,https://www.stats.gov.cn/sj/zxfb/202302/t20230203_1901390.html
2022-01,济南,0.1,-0.3,https://www.stats.gov.cn/sj/zxfb/202302/t20230203_1901390.html
2022-01,济宁,-0.5,-0.6,https://www.stats.gov.cn/sj/zxfb/202302/t20230203_1901390.html
2022-01,海口,-0.1,0.4,https://www.stats.gov.cn/sj/zxfb/202302/t20230203_1901390.html
2022-01,深圳,0.5,-0.5,https://www.stats.gov.cn/sj/zxfb/202302/t20230203_1901390.html
2022-01,温州,0.7,0.0,https://www.stats.gov.cn/sj/zxfb/202302/t20230203_1901390.html
2022-01,湛江,-0.8,-0.9,https://www.stats.gov.cn/sj/zxfb/202302/t20230203_1901390.html
2022-01,烟台,-0.4,-0.5,https://www.stats.gov.cn/sj/zxfb/202302/t20230203_1901390.html
2022-01,牡丹江,-0.4,-1.3,https://www.stats.gov.cn/sj/zxfb/202302/t20230203_1901390.html
2022-01,石家庄,-0.4,-0.5,https://www.stats.gov.cn/sj/zxfb/202302/t20230203_1901390.html
2022-01,福州,0.4,-0.5,https://www.stats.gov.cn/sj/zxfb/202302/t20230203_1901390.html
2022-01,秦皇岛,-0.5,-0.3,https://www.stats.gov.cn/sj/zxfb/202302/t20230203_1901390.html
2022-01,蚌埠,0.0,-0.2,https://www.stats.gov.cn/sj/zxfb/202302/t20230203_1901390.html
2022-01,襄阳,-0.8,-0.5,https://www.stats.gov.cn/sj/zxfb/202302/t20230203_1901390.html
2022-01,西宁,-0.3,-0.6,https://www.stats.gov.cn/sj/zxfb/202302/t20230203_1901390.html
2022-01,西安,0.0,0.0,https://www.stats.gov.cn/sj/zxfb/202302/t20230203_1901390.html
2022-01,贵阳,0.3,-0.4,https://www.stats.gov.cn/sj/zxfb/202302/t20230203_1901390.html
2022-01,赣州,0.1,-0.5,https://www.stats.gov.cn/sj/zxfb/202302/t20230203_1901390.html
2022-01,遵义,-0.6,-0.5,https://www.stats.gov.cn/sj/zxfb/202302/t20230203_1901390.html
2022-01,郑州,-0.2,-0.2,https://www.stats.gov.cn/sj/zxfb/202302/t20230203_1901390.html
2022-01,重庆,0.9,0.6,https://www.stats.gov.cn/sj/zxfb/202302/t20230203_1901390.html
2022-01,金华,0.0,-0.3,https://www.stats.gov.cn/sj/zxfb/202302/t20230203_1901390.html
2022-01,银川,1.5,-0.5,https://www.stats.gov.cn/sj/zxfb/202302/t20230203_1901390.html
2022-01,锦州,-0.2,-0.2,https://www.stats.gov.cn/sj/zxfb/202302/t20230203_1901390.html
2022-01,长春,0.2,-0.6,https://www.stats.gov.cn/sj/zxfb/202302/t20230203_1901390.html
2022-01,长沙,0.1,-0.1,https://www.stats.gov.cn/sj/zxfb/202302/t20230203_1901390.html
2022-01,青岛,-0.4,-0.2,https://www.stats.gov.cn/sj/zxfb/202302/t20230203_1901390.html
2022-01,韶关,-0.7,-0.4,https://www.stats.gov.cn/sj/zxfb/202302/t20230203_1901390.html
2022-02,三亚,-0.2,0.0,https://www.stats.gov.cn/xxgk/sjfb/zxfb2020/202203/t20220316_1828781.html
2022-02,上海,0.5,0.9,https://www.stats.gov.cn/xxgk/sjfb/zxfb2020/202203/t20220316_1828781.html
2022-02,丹东,-0.4,-0.9,https://www.stats.gov.cn/xxgk/sjfb/zxfb2020/202203/t20220316_1828781.html
2022-02,乌鲁木齐,0.7,-0.4,https://www.stats.gov.cn/xxgk/sjfb/zxfb2020/202203/t20220316_1828781.html
2022-02,九江,-0.4,0.0,https://www.stats.gov.cn/xxgk/sjfb/zxfb2020/202203/t20220316_1828781.html
2022-02,兰州,-0.3,-0.5,https://www.stats.gov.cn/xxgk/sjfb/zxfb2020/202203/t20220316_1828781.html
2022-02,包头,-0.3,-0.3,https://www.stats.gov.cn/xxgk/sjfb/zxfb2020/202203/t20220316_1828781.html
2022-02,北京,0.6,0.7,https://www.stats.gov.cn/xxgk/sjfb/zxfb2020/202203/t20220316_1828781.html
2022-02,北海,-2.1,-0.5,https://www.stats.gov.cn/xxgk/sjfb/zxfb2020/202203/t20220316_1828781.html
2022-02,南京,0.7,-0.8,https://www.stats.gov.cn/xxgk/sjfb/zxfb2020/202203/t20220316_1828781.html
2022-02,南充,-0.9,0.3,https://www.stats.gov.cn/xxgk/sjfb/zxfb2020/202203/t20220316_1828781.html
2022-02,南宁,-0.4,-0.3,https://www.stats.gov.cn/xxgk/sjfb/zxfb2020/202203/t20220316_1828781.html
2022-02,南昌,0.4,-0.1,https://www.stats.gov.cn/xxgk/sjfb/zxfb2020/202203/t20220316_1828781.html
2022-02,厦门,-0.5,-0.1,https://www.stats.gov.cn/xxgk/sjfb/zxfb2020/202203/t20220316_1828781.html
2022-02,合肥,-0.7,-0.3,https://www.stats.gov.cn/xxgk/sjfb/zxfb2020/202203/t20220316_1828781.html
2022-02,吉林,0.2,-0.6,https://www.stats.gov.cn/xxgk/sjfb/zxfb2020/202203/t20220316_1828781.html
2022-02,呼和浩特,-0.2,-0.5,https://www.stats.gov.cn/xxgk/sjfb/zxfb2020/202203/t20220316_1828781.html
2022-02,哈尔滨,-0.9,-1.0,https://www.stats.gov.cn/xxgk/sjfb/zxfb2020/202203/t20220316_1828781.html
2022-02,唐山,0.0,-0.1,https://www.stats.gov.cn/xxgk/sjfb/zxfb2020/202203/t20220316_1828781.html
2022-02,大理,-0.6,-0.7,https://www.stats.gov.cn/xxgk/sjfb/zxfb2020/202203/t20220316_1828781.html
2022-02,大连,-0.4,-0.2,https://www.stats.gov.cn/xxgk/sjfb/zxfb2020/202203/t20220316_1828781.html
2022-02,天津,0.1,0.2,https://www.stats.gov.cn/xxgk/sjfb/zxfb2020/202203/t20220316_1828781.html
2022-02,太原,-0.4,-0.5,https://www.stats.gov.cn/xxgk/sjfb/zxfb2020/202203/t20220316_1828781.html
2022-02,宁波,0.7,0.5,https://www.stats.gov.cn/xxgk/sjfb/zxfb2020/202203/t20220316_1828781.html
2022-02,安庆,-0.6,-0.5,https://www.stats.gov.cn/xxgk/sjfb/zxfb2020/202203/t20220316_1828781.html
2022-02,宜昌,-0.4,-0.5,https://www.stats.gov.cn/xxgk/sjfb/zxfb2020/202203/t20220316_1828781.html
2022-02,岳阳,-0.8,-0.3,https://www.stats.gov.cn/xxgk/sjfb/zxfb2020/202203/t20220316_1828781.html
2022-02,常德,-0.7,-0.6,https://www.stats.gov.cn/xxgk/sjfb/zxfb2020/202203/t20220316_1828781.html
2022-02,平顶山,-0.7,-0.2,https://www.stats.gov.cn/xxgk/sjfb/zxfb2020/202203/t20220316_1828781.html
2022-02,广州,0.6,0.6,https://www.stats.gov.cn/xxgk/sjfb/zxfb2020/202203/t20220316_1828781.html
2022-02,徐州,-0.1,-0.4,https://www.stats.gov.cn/xxgk/sjfb/zxfb2020/202203/t20220316_1828781.html
2022-02,惠州,0.4,0.6,https://www.stats.gov.cn/xxgk/sjfb/zxfb2020/202203/t20220316_1828781.html
2022-02,成都,0.7,0.6,https://www.stats.gov.cn/xxgk/sjfb/zxfb2020/202203/t20220316_1828781.html
2022-02,扬州,-0.4,-0.6,https://www.stats.gov.cn/xxgk/sjfb/zxfb2020/202203/t20220316_1828781.html
2022-02,无锡,0.5,-0.2,https://www.stats.gov.cn/xxgk/sjfb/zxfb2020/202203/t20220316_1828781.html
2022-02,昆明,0.5,-0.4,https://www.stats.gov.cn/xxgk/sjfb/zxfb2020/202203/t20220316_1828781.html
2022-02,杭州,0.4,0.2,https://www.stats.gov.cn/xxgk/sjfb/zxfb2020/202203/t20220316_1828781.html
2022-02,桂林,-0.2,-0.4,https://www.stats.gov.cn/xxgk/sjfb/zxfb2020/202203/t20220316_1828781.html
2022-02,武汉,-0.5,-0.7,https://www.stats.gov.cn/xxgk/sjfb/zxfb2020/202203/t20220316_1828781.html
2022-02,沈阳,-0.6,-1.0,https://www.stats.gov.cn/xxgk/sjfb/zxfb2020/202203/t20220316_1828781.html
2022-02,泉州,0.4,-0.2,https://www.stats.gov.cn/xxgk/sjfb/zxfb2020/202203/t20220316_1828781.html
2022-02,泸州,-0.5,-0.1,https://www.stats.gov.cn/xxgk/sjfb/zxfb2020/202203/t20220316_1828781.html
2022-02,洛阳,-0.4,-0.8,https://www.stats.gov.cn/xxgk/sjfb/zxfb2020/202203/t20220316_1828781.html
2022-02,济南,0.1,-0.2,https://www.stats.gov.cn/xxgk/sjfb/zxfb2020/202203/t20220316_1828781.html
2022-02,济宁,-0.6,-0.4,https://www.stats.gov.cn/xxgk/sjfb/zxfb2020/202203/t20220316_1828781.html
2022-02,海口,-0.3,0.0,https://www.stats.gov.cn/xxgk/sjfb/zxfb2020/202203/t20220316_1828781.html
2022-02,深圳,0.4,-0.2,https://www.stats.gov.cn/xxgk/sjfb/zxfb2020/202203/t20220316_1828781.html
2022-02,温州,-0.8,-0.3,https://www.stats.gov.cn/xxgk/sjfb/zxfb2020/202203/t20220316_1828781.html
2022-02,湛江,0.4,-0.1,https://www.stats.gov.cn/xxgk/sjfb/zxfb2020/202203/t20220316_1828781.html
2022-02,烟台,0.1,-0.6,https://www.stats.gov.cn/xxgk/sjfb/zxfb2020/202203/t20220316_1828781.html
2022-02,牡丹江,-0.6,-1.5,https://www.stats.gov.cn/xxgk/sjfb/zxfb2020/202203/t20220316_1828781.html
2022-02,石家庄,0.0,-0.3,https://www.stats.gov.cn/xxgk/sjfb/zxfb2020/202203/t20220316_1828781.html
2022-02,福州,0.3,-0.4,https://www.stats.gov.cn/xxgk/sjfb/zxfb2020/202203/t20220316_1828781.html
2022-02,秦皇岛,-0.2,-0.2,https://www.stats.gov.cn/xxgk/sjfb/zxfb2020/202203/t20220316_1828781.html
2022-02,蚌埠,0.1,-0.1,https://www.stats.gov.cn/xxgk/sjfb/zxfb2020/202203/t20220316_1828781.html
2022-02,襄阳,-0.5,-0.3,https://www.stats.gov.cn/xxgk/sjfb/zxfb2020/202203/t20220316_1828781.html
2022-02,西宁,-0.8,-0.7,https://www.stats.gov.cn/xxgk/sjfb/zxfb2020/202203/t20220316_1828781.html
2022-02,西安,1.0,-0.3,https://www.stats.gov.cn/xxgk/sjfb/zxfb2020/202203/t20220316_1828781.html
2022-02,贵阳,-0.4,0.1,https://www.stats.gov.cn/xxgk/sjfb/zxfb2020/202203/t20220316_1828781.html
2022-02,赣州,0.3,-0.3,https://www.stats.gov.cn/xxgk/sjfb/zxfb2020/202203/t20220316_1828781.html
2022-02,遵义,0.3,-0.3,https://www.stats.gov.cn/xxgk/sjfb/zxfb2020/202203/t20220316_1828781.html
2022-02,郑州,-0.2,-0.4,https://www.stats.gov.cn/xxgk/sjfb/zxfb2020/202203/t20220316_1828781.html
2022-02,重庆,0.6,-0.1,https://www.stats.gov.cn/xxgk/sjfb/zxfb2020/202203/t20220316_1828781.html
2022-02,金华,0.1,-0.7,https://www.stats.gov.cn/xxgk/sjfb/zxfb2020/202203/t20220316_1828781.html
2022-02,银川,-0.1,-0.3,https://www.stats.gov.cn/xxgk/sjfb/zxfb2020/202203/t20220316_1828781.html
2022-02,锦州,-0.6,-0.7,https://www.stats.gov.cn/xxgk/sjfb/zxfb2020/202203/t20220316_1828781.html
2022-02,长春,-0.3,-0.6,https://www.stats.gov.cn/xxgk/sjfb/zxfb2020/202203/t20220316_1828781.html
2022-02,长沙,0.2,-0.2,https://www.stats.gov.cn/xxgk/sjfb/zxfb2020/202203/t20220316_1828781.html
2022-02,青岛,0.0,-0.1,https://www.stats.gov.cn/xxgk/sjfb/zxfb2020/202203/t20220316_1828781.html
2022-02,韶关,-0.3,-0.6,https://www.stats.gov.cn/xxgk/sjfb/zxfb2020/202203/t20220316_1828781.html
2022-03,三亚,-0.1,0.2,https://www.stats.gov.cn/xxgk/sjfb/zxfb2020/202204/t20220415_1829632.html
2022-03,上海,0.3,0.4,https://www.stats.gov.cn/xxgk/sjfb/zxfb2020/202204/t20220415_1829632.html
2022-03,丹东,-0.8,-0.6,https://www.stats.gov.cn/xxgk/sjfb/zxfb2020/202204/t20220415_1829632.html
2022-03,乌鲁木齐,1.0,0.3,https://www.stats.gov.cn/xxgk/sjfb/zxfb2020/202204/t20220415_1829632.html
2022-03,九江,-0.1,-0.3,https://www.stats.gov.cn/xxgk/sjfb/zxfb2020/202204/t20220415_1829632.html
2022-03,兰州,-0.4,-0.2,https://www.stats.gov.cn/xxgk/sjfb/zxfb2020/202204/t20220415_1829632.html
2022-03,包头,-0.6,-0.5,https://www.stats.gov.cn/xxgk/sjfb/zxfb2020/202204/t20220415_1829632.html
2022-03,北京,0.4,1.2,https://www.stats.gov.cn/xxgk/sjfb/zxfb2020/202204/t20220415_1829632.html
2022-03,北海,-0.5,-0.4,https://www.stats.gov.cn/xxgk/sjfb/zxfb2020/202204/t20220415_1829632.html
2022-03,南京,0.2,-0.1,https://www.stats.gov.cn/xxgk/sjfb/zxfb2020/202204/t20220415_1829632.html
2022-03,南充,0.1,-0.1,https://www.stats.gov.cn/xxgk/sjfb/zxfb2020/202204/t20220415_1829632.html
2022-03,南宁,-0.1,-0.7,https://www.stats.gov.cn/xxgk/sjfb/zxfb2020/202204/t20220415_1829632.html
2022-03,南昌,0.4,0.2,https://www.stats.gov.cn/xxgk/sjfb/zxfb2020/202204/t20220415_1829632.html
2022-03,厦门,-0.3,0.1,https://www.stats.gov.cn/xxgk/sjfb/zxfb2020/202204/t20220415_1829632.html
2022-03,合肥,-0.4,-0.2,https://www.stats.gov.cn/xxgk/sjfb/zxfb2020/202204/t20220415_1829632.html
2022-03,吉林,0.0,0.0,https://www.stats.gov.cn/xxgk/sjfb/zxfb2020/202204/t20220415_1829632.html
2022-03,呼和浩特,-0.1,-0.3,https://www.stats.gov.cn/xxgk/sjfb/zxfb2020/202204/t20220415_1829632.html
2022-03,哈尔滨,-0.7,-0.8,https://www.stats.gov.cn/xxgk/sjfb/zxfb2020/202204/t20220415_1829632.html
2022-03,唐山,0.0,0.0,https://www.stats.gov.cn/xxgk/sjfb/zxfb2020/202204/t20220415_1829632.html
2022-03,大理,-0.4,-0.5,https://www.stats.gov.cn/xxgk/sjfb/zxfb2020/202204/t20220415_1829632.html
2022-03,大连,-0.7,-0.5,https://www.stats.gov.cn/xxgk/sjfb/zxfb2020/202204/t20220415_1829632.html
2022-03,天津,0.2,-0.3,https://www.stats.gov.cn/xxgk/sjfb/zxfb2020/202204/t20220415_1829632.html
2022-03,太原,-0.2,-0.7,https://www.stats.gov.cn/xxgk/sjfb/zxfb2020/202204/t20220415_1829632.html
2022-03,宁波,0.1,0.2,https://www.stats.gov.cn/xxgk/sjfb/zxfb2020/202204/t20220415_1829632.html
2022-03,安庆,-0.6,-0.8,https://www.stats.gov.cn/xxgk/sjfb/zxfb2020/202204/t20220415_1829632.html
2022-03,宜昌,-0.1,-0.3,https://www.stats.gov.cn/xxgk/sjfb/zxfb2020/202204/t20220415_1829632.html
2022-03,岳阳,-0.8,0.1,https://www.stats.gov.cn/xxgk/sjfb/zxfb2020/202204/t20220415_1829632.html
2022-03,常德,0.1,-0.4,https://www.stats.gov.cn/xxgk/sjfb/zxfb2020/202204/t20220415_1829632.html
2022-03,平顶山,-0.3,-0.4,https://www.stats.gov.cn/xxgk/sjfb/zxfb2020/202204/t20220415_1829632.html
2022-03,广州,-0.1,0.3,https://www.stats.gov.cn/xxgk/sjfb/zxfb2020/202204/t20220415_1829632.html
2022-03,徐州,-0.2,-0.7,https://www.stats.gov.cn/xxgk/sjfb/zxfb2020/202204/t20220415_1829632.html
2022-03,惠州,-0.5,-0.3,https://www.stats.gov.cn/xxgk/sjfb/zxfb2020/202204/t20220415_1829632.html
2022-03,成都,0.8,0.6,https://www.stats.gov.cn/xxgk/sjfb/zxfb2020/202204/t20220415_1829632.html
2022-03,扬州,-0.3,0.4,https://www.stats.gov.cn/xxgk/sjfb/zxfb2020/202204/t20220415_1829632.html
2022-03,无锡,0.2,0.5,https://www.stats.gov.cn/xxgk/sjfb/zxfb2020/202204/t20220415_1829632.html
2022-03,昆明,-0.3,0.4,https://www.stats.gov.cn/xxgk/sjfb/zxfb2020/202204/t20220415_1829632.html
2022-03,杭州,0.7,0.3,https://www.stats.gov.cn/xxgk/sjfb/zxfb2020/202204/t20220415_1829632.html
2022-03,桂林,-0.6,0.2,https://www.stats.gov.cn/xxgk/sjfb/zxfb2020/202204/t20220415_1829632.html
2022-03,武汉,-0.4,-0.6,https://www.stats.gov.cn/xxgk/sjfb/zxfb2020/202204/t20220415_1829632.html
2022-03,沈阳,-0.4,-0.7,https://www.stats.gov.cn/xxgk/sjfb/zxfb2020/202204/t20220415_1829632.html
2022-03,泉州,-0.4,-0.4,https://www.stats.gov.cn/xxgk/sjfb/zxfb2020/202204/t20220415_1829632.html
2022-03,泸州,-0.4,-0.5,https://www.stats.gov.cn/xxgk/sjfb/zxfb2020/202204/t20220415_1829632.html
2022-03,洛阳,-0.5,-0.4,https://www.stats.gov.cn/xxgk/sjfb/zxfb2020/202204/t20220415_1829632.html
2022-03,济南,0.3,-0.1,https://www.stats.gov.cn/xxgk/sjfb/zxfb2020/202204/t20220415_1829632.html
2022-03,济宁,-0.4,-0.2,https://www.stats.gov.cn/xxgk/sjfb/zxfb2020/202204/t20220415_1829632.html
2022-03,海口,0.5,0.6,https://www.stats.gov.cn/xxgk/sjfb/zxfb2020/202204/t20220415_1829632.html
2022-03,深圳,0.8,-0.3,https://www.stats.gov.cn/xxgk/sjfb/zxfb2020/202204/t20220415_1829632.html
2022-03,温州,-0.7,-0.5,https://www.stats.gov.cn/xxgk/sjfb/zxfb2020/202204/t20220415_1829632.html
2022-03,湛江,-0.9,-0.4,https://www.stats.gov.cn/xxgk/sjfb/zxfb2020/202204/t20220415_1829632.html
2022-03,烟台,-0.2,-0.3,https://www.stats.gov.cn/xxgk/sjfb/zxfb2020/202204/t20220415_1829632.html
2022-03,牡丹江,-0.3,-2.1,https://www.stats.gov.cn/xxgk/sjfb/zxfb2020/202204/t20220415_1829632.html
2022-03,石家庄,0.3,-0.4,https://www.stats.gov.cn/xxgk/sjfb/zxfb2020/202204/t20220415_1829632.html
2022-03,福州,-0.6,-0.3,https://www.stats.gov.cn/xxgk/sjfb/zxfb2020/202204/t20220415_1829632.html
2022-03,秦皇岛,-0.8,-0.5,https://www.stats.gov.cn/xxgk/sjfb/zxfb2020/202204/t20220415_1829632.html
2022-03,蚌埠,0.2,-0.3,https://www.stats.gov.cn/xxgk/sjfb/zxfb2020/202204/t20220415_1829632.html
2022-03,襄阳,0.2,-0.1,https://www.stats.gov.cn/xxgk/sjfb/zxfb2020/202204/t20220415_1829632.html
2022-03,西宁,-0.3,0.2,https://www.stats.gov.cn/xxgk/sjfb/zxfb2020/202204/t20220415_1829632.html
2022-03,西安,0.4,0.1,https://www.stats.gov.cn/xxgk/sjfb/zxfb2020/202204/t20220415_1829632.html
2022-03,贵阳,0.2,-0.9,https://www.stats.gov.cn/xxgk/sjfb/zxfb2020/202204/t20220415_1829632.html
2022-03,赣州,0.2,0.2,https://www.stats.gov.cn/xxgk/sjfb/zxfb2020/202204/t20220415_1829632.html
2022-03,遵义,0.4,-0.6,https://www.stats.gov.cn/xxgk/sjfb/zxfb2020/202204/t20220415_1829632.html
2022-03,郑州,-0.7,-0.2,https://www.stats.gov.cn/xxgk/sjfb/zxfb2020/202204/t20220415_1829632.html
2022-03,重庆,0.5,0.1,https://www.stats.gov.cn/xxgk/sjfb/zxfb2020/202204/t20220415_1829632.html
2022-03,金华,0.4,-0.7,https://www.stats.gov.cn/xxgk/sjfb/zxfb2020/202204/t20220415_1829632.html
2022-03,银川,0.4,-0.2,https://www.stats.gov.cn/xxgk/sjfb/zxfb2020/202204/t20220415_1829632.html
2022-03,锦州,0.4,-0.1,https://www.stats.gov.cn/xxgk/sjfb/zxfb2020/202204/t20220415_1829632.html
2022-03,长春,0.0,0.0,https://www.stats.gov.cn/xxgk/sjfb/zxfb2020/202204/t20220415_1829632.html
2022-03,长沙,0.4,0.0,https://www.stats.gov.cn/xxgk/sjfb/zxfb2020/202204/t20220415_1829632.html
2022-03,青岛,0.4,0.2,https://www.stats.gov.cn/xxgk/sjfb/zxfb2020/202204/t20220415_1829632.html
2022-03,韶关,0.6,-0.2,https://www.stats.gov.cn/xxgk/sjfb/zxfb2020/202204/t20220415_1829632.html
2022-04,三亚,-0.4,0.0,https://www.stats.gov.cn/sj/zxfb/202302/t20230203_1901470.html
2022-04,上海,0.0,0.0,https://www.stats.gov.cn/sj/zxfb/202302/t20230203_1901470.html
2022-04,丹东,-0.9,-0.4,https://www.stats.gov.cn/sj/zxfb/202302/t20230203_1901470.html
2022-04,乌鲁木齐,0.6,-0.1,https://www.stats.gov.cn/sj/zxfb/202302/t20230203_1901470.html
2022-04,九江,-0.2,0.1,https://www.stats.gov.cn/sj/zxfb/202302/t20230203_1901470.html
2022-04,兰州,-0.7,-0.2,https://www.stats.gov.cn/sj/zxfb/202302/t20230203_1901470.html
2022-04,包头,-0.7,-0.6,https://www.stats.gov.cn/sj/zxfb/202302/t20230203_1901470.html
2022-04,北京,0.7,0.6,https://www.stats.gov.cn/sj/zxfb/202302/t20230203_1901470.html
2022-04,北海,-1.6,-0.3,https://www.stats.gov.cn/sj/zxfb/202302/t20230203_1901470.html
2022-04,南京,-0.5,-0.6,https://www.stats.gov.cn/sj/zxfb/202302/t20230203_1901470.html
2022-04,南充,-0.8,0.4,https://www.stats.gov.cn/sj/zxfb/202302/t20230203_1901470.html
2022-04,南宁,0.2,-0.4,https://www.stats.gov.cn/sj/zxfb/202302/t20230203_1901470.html
2022-04,南昌,0.5,-0.5,https://www.stats.gov.cn/sj/zxfb/202302/t20230203_1901470.html
2022-04,厦门,-0.5,0.2,https://www.stats.gov.cn/sj/zxfb/202302/t20230203_1901470.html
2022-04,合肥,-0.1,-0.8,https://www.stats.gov.cn/sj/zxfb/202302/t20230203_1901470.html
2022-04,吉林,0.0,0.0,https://www.stats.gov.cn/sj/zxfb/202302/t20230203_1901470.html
2022-04,呼和浩特,-0.5,-0.2,https://www.stats.gov.cn/sj/zxfb/202302/t20230203_1901470.html
2022-04,哈尔滨,-0.7,-1.1,https://www.stats.gov.cn/sj/zxfb/202302/t20230203_1901470.html
2022-04,唐山,0.1,-0.4,https://www.stats.gov.cn/sj/zxfb/202302/t20230203_1901470.html
2022-04,大理,-0.7,-0.9,https://www.stats.gov.cn/sj/zxfb/202302/t20230203_1901470.html
2022-04,大连,-0.1,-1.0,https://www.stats.gov.cn/sj/zxfb/202302/t20230203_1901470.html
2022-04,天津,-0.1,-0.5,https://www.stats.gov.cn/sj/zxfb/202302/t20230203_1901470.html
2022-04,太原,-0.6,-1.6,https://www.stats.gov.cn/sj/zxfb/202302/t20230203_1901470.html
2022-04,宁波,-0.3,-0.1,https://www.stats.gov.cn/sj/zxfb/202302/t20230203_1901470.html
2022-04,安庆,-0.5,-0.3,https://www.stats.gov.cn/sj/zxfb/202302/t20230203_1901470.html
2022-04,宜昌,-0.2,-0.1,https://www.stats.gov.cn/sj/zxfb/202302/t20230203_1901470.html
2022-04,岳阳,-1.3,0.2,https://www.stats.gov.cn/sj/zxfb/202302/t20230203_1901470.html
2022-04,常德,-1.0,-0.5,https://www.stats.gov.cn/sj/zxfb/202302/t20230203_1901470.html
2022-04,平顶山,-0.1,-0.3,https://www.stats.gov.cn/sj/zxfb/202302/t20230203_1901470.html
2022-04,广州,0.1,0.5,https://www.stats.gov.cn/sj/zxfb/202302/t20230203_1901470.html
2022-04,徐州,-0.5,0.4,https://www.stats.gov.cn/sj/zxfb/202302/t20230203_1901470.html
2022-04,惠州,-0.4,-0.3,https://www.stats.gov.cn/sj/zxfb/202302/t20230203_1901470.html
2022-04,成都,0.8,0.7,https://www.stats.gov.cn/sj/zxfb/202302/t20230203_1901470.html
2022-04,扬州,-1.0,-1.2,https://www.stats.gov.cn/sj/zxfb/202302/t20230203_1901470.html
2022-04,无锡,-0.1,-0.2,https://www.stats.gov.cn/sj/zxfb/202302/t20230203_1901470.html
2022-04,昆明,-0.1,0.6,https://www.stats.gov.cn/sj/zxfb/202302/t20230203_1901470.html
2022-04,杭州,0.6,0.1,https://www.stats.gov.cn/sj/zxfb/202302/t20230203_1901470.html
2022-04,桂林,-0.5,-0.4,https://www.stats.gov.cn/sj/zxfb/202302/t20230203_1901470.html
2022-04,武汉,-0.8,-0.4,https://www.stats.gov.cn/sj/zxfb/202302/t20230203_1901470.html
2022-04,沈阳,-0.2,-0.4,https://www.stats.gov.cn/sj/zxfb/202302/t20230203_1901470.html
2022-04,泉州,-0.2,-0.6,https://www.stats.gov.cn/sj/zxfb/202302/t20230203_1901470.html
2022-04,泸州,-0.7,-0.2,https://www.stats.gov.cn/sj/zxfb/202302/t20230203_1901470.html
2022-04,洛阳,-0.7,-0.9,https://www.stats.gov.cn/sj/zxfb/202302/t20230203_1901470.html
2022-04,济南,-0.2,-0.8,https://www.stats.gov.cn/sj/zxfb/202302/t20230203_1901470.html
2022-04,济宁,0.2,-0.5,https://www.stats.gov.cn/sj/zxfb/202302/t20230203_1901470.html
2022-04,海口,0.4,0.1,https://www.stats.gov.cn/sj/zxfb/202302/t20230203_1901470.html
2022-04,深圳,-0.1,0.5,https://www.stats.gov.cn/sj/zxfb/202302/t20230203_1901470.html
2022-04,温州,-0.8,-0.5,https://www.stats.gov.cn/sj/zxfb/202302/t20230203_1901470.html
2022-04,湛江,-1.2,-0.2,https://www.stats.gov.cn/sj/zxfb/202302/t20230203_1901470.html
2022-04,烟台,-0.4,-0.7,https://www.stats.gov.cn/sj/zxfb/202302/t20230203_1901470.html
2022-04,牡丹江,0.0,0.0,https://www.stats.gov.cn/sj/zxfb/202302/t20230203_1901470.html
2022-04,石家庄,0.2,-0.2,https://www.stats.gov.cn/sj/zxfb/202302/t20230203_1901470.html
2022-04,福州,-0.6,0.3,https://www.stats.gov.cn/sj/zxfb/202302/t20230203_1901470.html
2022-04,秦皇岛,-0.3,-0.1,https://www.stats.gov.cn/sj/zxfb/202302/t20230203_1901470.html
2022-04,蚌埠,-1.2,-0.2,https://www.stats.gov.cn/sj/zxfb/202302/t20230203_1901470.html
2022-04,襄阳,-1.2,-0.6,https://www.stats.gov.cn/sj/zxfb/202302/t20230203_1901470.html
2022-04,西宁,0.0,0.3,https://www.stats.gov.cn/sj/zxfb/202302/t20230203_1901470.html
2022-04,西安,0.2,-0.1,https://www.stats.gov.cn/sj/zxfb/202302/t20230203_1901470.html
2022-04,贵阳,0.8,-0.2,https://www.stats.gov.cn/sj/zxfb/202302/t20230203_1901470.html
2022-04,赣州,0.1,0.3,https://www.stats.gov.cn/sj/zxfb/202302/t20230203_1901470.html
2022-04,遵义,-0.2,-0.3,https://www.stats.gov.cn/sj/zxfb/202302/t20230203_1901470.html
2022-04,郑州,-0.3,-0.5,https://www.stats.gov.cn/sj/zxfb/202302/t20230203_1901470.html
2022-04,重庆,-0.4,-0.5,https://www.stats.gov.cn/sj/zxfb/202302/t20230203_1901470.html
2022-04,金华,0.3,-0.4,https://www.stats.gov.cn/sj/zxfb/202302/t20230203_1901470.html
2022-04,银川,0.1,-0.5,https://www.stats.gov.cn/sj/zxfb/202302/t20230203_1901470.html
2022-04,锦州,-1.5,-0.8,https://www.stats.gov.cn/sj/zxfb/202302/t20230203_1901470.html
2022-04,长春,0.0,0.0,https://www.stats.gov.cn/sj/zxfb/202302/t20230203_1901470.html
2022-04,长沙,0.3,-0.5,https://www.stats.gov.cn/sj/zxfb/202302/t20230203_1901470.html
2022-04,青岛,0.1,-0.7,https://www.stats.gov.cn/sj/zxfb/202302/t20230203_1901470.html
2022-04,韶关,-1.0,-0.7,https://www.stats.gov.cn/sj/zxfb/202302/t20230203_1901470.html
2022-05,三亚,-0.2,-0.3,https://www.stats.gov.cn/xxgk/sjfb/zxfb2020/202206/t20220616_1858370.html
2022-05,上海,0.0,0.0,https://www.stats.gov.cn/xxgk/sjfb/zxfb2020/202206/t20220616_1858370.html
2022-05,丹东,0.0,0.0,https://www.stats.gov.cn/xxgk/sjfb/zxfb2020/202206/t20220616_1858370.html
2022-05,乌鲁木齐,0.7,-0.1,https://www.stats.gov.cn/xxgk/sjfb/zxfb2020/202206/t20220616_1858370.html
2022-05,九江,-0.3,-0.1,https://www.stats.gov.cn/xxgk/sjfb/zxfb2020/202206/t20220616_1858370.html
2022-05,兰州,-0.3,-1.2,https://www.stats.gov.cn/xxgk/sjfb/zxfb2020/202206/t20220616_1858370.html
2022-05,包头,-0.5,-0.1,https://www.stats.gov.cn/xxgk/sjfb/zxfb2020/202206/t20220616_1858370.html
2022-05,北京,0.4,-0.1,https://www.stats.gov.cn/xxgk/sjfb/zxfb2020/202206/t20220616_1858370.html
2022-05,北海,-0.8,-1.0,https://www.stats.gov.cn/xxgk/sjfb/zxfb2020/202206/t20220616_1858370.html
2022-05,南京,-0.6,-0.9,https://www.stats.gov.cn/xxgk/sjfb/zxfb2020/202206/t20220616_1858370.html
2022-05,南充,-1.2,0.6,https://www.stats.gov.cn/xxgk/sjfb/zxfb2020/202206/t20220616_1858370.html
2022-05,南宁,0.2,-0.6,https://www.stats.gov.cn/xxgk/sjfb/zxfb2020/202206/t20220616_1858370.html
2022-05,南昌,0.1,-0.7,https://www.stats.gov.cn/xxgk/sjfb/zxfb2020/202206/t20220616_1858370.html
2022-05,厦门,-0.4,0.5,https://www.stats.gov.cn/xxgk/sjfb/zxfb2020/202206/t20220616_1858370.html
2022-05,合肥,0.1,-0.5,https://www.stats.gov.cn/xxgk/sjfb/zxfb2020/202206/t20220616_1858370.html
2022-05,吉林,-0.6,-1.8,https://www.stats.gov.cn/xxgk/sjfb/zxfb2020/202206/t20220616_1858370.html
2022-05,呼和浩特,0.1,-0.5,https://www.stats.gov.cn/xxgk/sjfb/zxfb2020/202206/t20220616_1858370.html
2022-05,哈尔滨,-0.4,-0.9,https://www.stats.gov.cn/xxgk/sjfb/zxfb2020/202206/t20220616_1858370.html
2022-05,唐山,0.2,-1.2,https://www.stats.gov.cn/xxgk/sjfb/zxfb2020/202206/t20220616_1858370.html
2022-05,大理,-0.3,-0.6,https://www.stats.gov.cn/xxgk/sjfb/zxfb2020/202206/t20220616_1858370.html
2022-05,大连,-0.2,-0.5,https://www.stats.gov.cn/xxgk/sjfb/zxfb2020/202206/t20220616_1858370.html
2022-05,天津,-0.5,-0.9,https://www.stats.gov.cn/xxgk/sjfb/zxfb2020/202206/t20220616_1858370.html
2022-05,太原,-0.3,0.6,https://www.stats.gov.cn/xxgk/sjfb/zxfb2020/202206/t20220616_1858370.html
2022-05,宁波,-0.3,-0.4,https://www.stats.gov.cn/xxgk/sjfb/zxfb2020/202206/t20220616_1858370.html
2022-05,安庆,-0.5,-0.6,https://www.stats.gov.cn/xxgk/sjfb/zxfb2020/202206/t20220616_1858370.html
2022-05,宜昌,0.1,-0.8,https://www.stats.gov.cn/xxgk/sjfb/zxfb2020/202206/t20220616_1858370.html
2022-05,岳阳,-0.5,-1.0,https://www.stats.gov.cn/xxgk/sjfb/zxfb2020/202206/t20220616_1858370.html
2022-05,常德,-0.6,-0.7,https://www.stats.gov.cn/xxgk/sjfb/zxfb2020/202206/t20220616_1858370.html
2022-05,平顶山,-0.2,-0.3,https://www.stats.gov.cn/xxgk/sjfb/zxfb2020/202206/t20220616_1858370.html
2022-05,广州,0.5,0.2,https://www.stats.gov.cn/xxgk/sjfb/zxfb2020/202206/t20220616_1858370.html
2022-05,徐州,0.2,0.3,https://www.stats.gov.cn/xxgk/sjfb/zxfb2020/202206/t20220616_1858370.html
2022-05,惠州,-0.3,-0.4,https://www.stats.gov.cn/xxgk/sjfb/zxfb2020/202206/t20220616_1858370.html
2022-05,成都,0.9,0.9,https://www.stats.gov.cn/xxgk/sjfb/zxfb2020/202206/t20220616_1858370.html
2022-05,扬州,-0.7,-0.3,https://www.stats.gov.cn/xxgk/sjfb/zxfb2020/202206/t20220616_1858370.html
2022-05,无锡,-0.2,0.8,https://www.stats.gov.cn/xxgk/sjfb/zxfb2020/202206/t20220616_1858370.html
2022-05,昆明,-0.5,0.2,https://www.stats.gov.cn/xxgk/sjfb/zxfb2020/202206/t20220616_1858370.html
2022-05,杭州,0.4,-0.2,https://www.stats.gov.cn/xxgk/sjfb/zxfb2020/202206/t20220616_1858370.html
2022-05,桂林,-0.1,0.3,https://www.stats.gov.cn/xxgk/sjfb/zxfb2020/202206/t20220616_1858370.html
2022-05,武汉,-0.8,-0.5,https://www.stats.gov.cn/xxgk/sjfb/zxfb2020/202206/t20220616_1858370.html
2022-05,沈阳,-0.1,-0.1,https://www.stats.gov.cn/xxgk/sjfb/zxfb2020/202206/t20220616_1858370.html
2022-05,泉州,-0.7,-0.5,https://www.stats.gov.cn/xxgk/sjfb/zxfb2020/202206/t20220616_1858370.html
2022-05,泸州,-0.8,-0.2,https://www.stats.gov.cn/xxgk/sjfb/zxfb2020/202206/t20220616_1858370.html
2022-05,洛阳,-0.7,-0.8,https://www.stats.gov.cn/xxgk/sjfb/zxfb2020/202206/t20220616_1858370.html
2022-05,济南,0.5,-0.4,https://www.stats.gov.cn/xxgk/sjfb/zxfb2020/202206/t20220616_1858370.html
2022-05,济宁,0.1,-0.7,https://www.stats.gov.cn/xxgk/sjfb/zxfb2020/202206/t20220616_1858370.html
2022-05,海口,0.5,-0.1,https://www.stats.gov.cn/xxgk/sjfb/zxfb2020/202206/t20220616_1858370.html
2022-05,深圳,0.5,0.1,https://www.stats.gov.cn/xxgk/sjfb/zxfb2020/202206/t20220616_1858370.html
2022-05,温州,-0.5,-0.6,https://www.stats.gov.cn/xxgk/sjfb/zxfb2020/202206/t20220616_1858370.html
2022-05,湛江,-1.3,-1.2,https://www.stats.gov.cn/xxgk/sjfb/zxfb2020/202206/t20220616_1858370.html
2022-05,烟台,-0.6,-0.8,https://www.stats.gov.cn/xxgk/sjfb/zxfb2020/202206/t20220616_1858370.html
2022-05,牡丹江,0.3,-1.3,https://www.stats.gov.cn/xxgk/sjfb/zxfb2020/202206/t20220616_1858370.html
2022-05,石家庄,-0.3,0.1,https://www.stats.gov.cn/xxgk/sjfb/zxfb2020/202206/t20220616_1858370.html
2022-05,福州,-0.2,0.2,https://www.stats.gov.cn/xxgk/sjfb/zxfb2020/202206/t20220616_1858370.html
2022-05,秦皇岛,0.2,0.1,https://www.stats.gov.cn/xxgk/sjfb/zxfb2020/202206/t20220616_1858370.html
2022-05,蚌埠,-0.4,-0.9,https://www.stats.gov.cn/xxgk/sjfb/zxfb2020/202206/t20220616_1858370.html
2022-05,襄阳,-0.5,-0.9,https://www.stats.gov.cn/xxgk/sjfb/zxfb2020/202206/t20220616_1858370.html
2022-05,西宁,-1.1,-0.2,https://www.stats.gov.cn/xxgk/sjfb/zxfb2020/202206/t20220616_1858370.html
2022-05,西安,0.3,-0.4,https://www.stats.gov.cn/xxgk/sjfb/zxfb2020/202206/t20220616_1858370.html
2022-05,贵阳,-0.2,-0.8,https://www.stats.gov.cn/xxgk/sjfb/zxfb2020/202206/t20220616_1858370.html
2022-05,赣州,0.2,0.3,https://www.stats.gov.cn/xxgk/sjfb/zxfb2020/202206/t20220616_1858370.html
2022-05,遵义,-0.5,-0.8,https://www.stats.gov.cn/xxgk/sjfb/zxfb2020/202206/t20220616_1858370.html
2022-05,郑州,-0.1,-0.3,https://www.stats.gov.cn/xxgk/sjfb/zxfb2020/202206/t20220616_1858370.html
2022-05,重庆,-0.2,-0.3,https://www.stats.gov.cn/xxgk/sjfb/zxfb2020/202206/t20220616_1858370.html
2022-05,金华,-0.1,-1.0,https://www.stats.gov.cn/xxgk/sjfb/zxfb2020/202206/t20220616_1858370.html
2022-05,银川,0.2,-0.4,https://www.stats.gov.cn/xxgk/sjfb/zxfb2020/202206/t20220616_1858370.html
2022-05,锦州,0.4,-0.6,https://www.stats.gov.cn/xxgk/sjfb/zxfb2020/202206/t20220616_1858370.html
2022-05,长春,-0.2,-1.6,https://www.stats.gov.cn/xxgk/sjfb/zxfb2020/202206/t20220616_1858370.html
2022-05,长沙,0.2,-0.2,https://www.stats.gov.cn/xxgk/sjfb/zxfb2020/202206/t20220616_1858370.html
2022-05,青岛,0.2,-0.2,https://www.stats.gov.cn/xxgk/sjfb/zxfb2020/202206/t20220616_1858370.html
2022-05,韶关,0.1,0.2,https://www.stats.gov.cn/xxgk/sjfb/zxfb2020/202206/t20220616_1858370.html
2022-06,三亚,-0.4,-0.1,https://www.stats.gov.cn/xxgk/sjfb/zxfb2020/202207/t20220715_1886454.html
2022-06,上海,0.5,0.2,https://www.stats.gov.cn/xxgk/sjfb/zxfb2020/202207/t20220715_1886454.html
2022-06,丹东,0.0,0.0,https://www.stats.gov.cn/xxgk/sjfb/zxfb2020/202207/t20220715_1886454.html
2022-06,乌鲁木齐,-0.2,-0.8,https://www.stats.gov.cn/xxgk/sjfb/zxfb2020/202207/t20220715_1886454.html
2022-06,九江,-0.4,-0.1,https://www.stats.gov.cn/xxgk/sjfb/zxfb2020/202207/t20220715_1886454.html
2022-06,兰州,-0.5,-0.4,https://www.stats.gov.cn/xxgk/sjfb/zxfb2020/202207/t20220715_1886454.html
2022-06,包头,-0.4,-0.3,https://www.stats.gov.cn/xxgk/sjfb/zxfb2020/202207/t20220715_1886454.html
2022-06,北京,0.8,0.5,https://www.stats.gov.cn/xxgk/sjfb/zxfb2020/202207/t20220715_1886454.html
2022-06,北海,-1.0,-0.2,https://www.stats.gov.cn/xxgk/sjfb/zxfb2020/202207/t20220715_1886454.html
2022-06,南京,0.4,-0.4,https://www.stats.gov.cn/xxgk/sjfb/zxfb2020/202207/t20220715_1886454.html
2022-06,南充,-0.2,1.0,https://www.stats.gov.cn/xxgk/sjfb/zxfb2020/202207/t20220715_1886454.html
2022-06,南宁,0.1,-0.5,https://www.stats.gov.cn/xxgk/sjfb/zxfb2020/202207/t20220715_1886454.html
2022-06,南昌,-0.6,-0.3,https://www.stats.gov.cn/xxgk/sjfb/zxfb2020/202207/t20220715_1886454.html
2022-06,厦门,0.5,0.3,https://www.stats.gov.cn/xxgk/sjfb/zxfb2020/202207/t20220715_1886454.html
2022-06,合肥,0.5,0.6,https://www.stats.gov.cn/xxgk/sjfb/zxfb2020/202207/t20220715_1886454.html
2022-06,吉林,0.1,-1.1,https://www.stats.gov.cn/xxgk/sjfb/zxfb2020/202207/t20220715_1886454.html
2022-06,呼和浩特,-0.4,-0.7,https://www.stats.gov.cn/xxgk/sjfb/zxfb2020/202207/t20220715_1886454.html
2022-06,哈尔滨,-0.6,-1.0,https://www.stats.gov.cn/xxgk/sjfb/zxfb2020/202207/t20220715_1886454.html
2022-06,唐山,-0.7,-0.9,https://www.stats.gov.cn/xxgk/sjfb/zxfb2020/202207/t20220715_1886454.html
2022-06,大理,-1.0,0.4,https://www.stats.gov.cn/xxgk/sjfb/zxfb2020/202207/t20220715_1886454.html
2022-06,大连,-0.3,0.2,https://www.stats.gov.cn/xxgk/sjfb/zxfb2020/202207/t20220715_1886454.html
2022-06,天津,-0.2,-0.4,https://www.stats.gov.cn/xxgk/sjfb/zxfb2020/202207/t20220715_1886454.html
2022-06,太原,0.1,0.5,https://www.stats.gov.cn/xxgk/sjfb/zxfb2020/202207/t20220715_1886454.html
2022-06,宁波,0.1,0.4,https://www.stats.gov.cn/xxgk/sjfb/zxfb2020/202207/t20220715_1886454.html
2022-06,安庆,-0.4,-0.8,https://www.stats.gov.cn/xxgk/sjfb/zxfb2020/202207/t20220715_1886454.html
2022-06,宜昌,-1.5,-1.1,https://www.stats.gov.cn/xxgk/sjfb/zxfb2020/202207/t20220715_1886454.html
2022-06,岳阳,-1.6,-1.1,https://www.stats.gov.cn/xxgk/sjfb/zxfb2020/202207/t20220715_1886454.html
2022-06,常德,-0.2,-0.3,https://www.stats.gov.cn/xxgk/sjfb/zxfb2020/202207/t20220715_1886454.html
2022-06,平顶山,-0.1,-0.2,https://www.stats.gov.cn/xxgk/sjfb/zxfb2020/202207/t20220715_1886454.html
2022-06,广州,0.3,0.5,https://www.stats.gov.cn/xxgk/sjfb/zxfb2020/202207/t20220715_1886454.html
2022-06,徐州,0.5,-0.6,https://www.stats.gov.cn/xxgk/sjfb/zxfb2020/202207/t20220715_1886454.html
2022-06,惠州,0.2,-0.4,https://www.stats.gov.cn/xxgk/sjfb/zxfb2020/202207/t20220715_1886454.html
2022-06,成都,1.3,2.0,https://www.stats.gov.cn/xxgk/sjfb/zxfb2020/202207/t20220715_1886454.html
2022-06,扬州,-0.3,-0.1,https://www.stats.gov.cn/xxgk/sjfb/zxfb2020/202207/t20220715_1886454.html
2022-06,无锡,0.2,0.5,https://www.stats.gov.cn/xxgk/sjfb/zxfb2020/202207/t20220715_1886454.html
2022-06,昆明,-0.2,0.1,https://www.stats.gov.cn/xxgk/sjfb/zxfb2020/202207/t20220715_1886454.html
2022-06,杭州,1.0,0.6,https://www.stats.gov.cn/xxgk/sjfb/zxfb2020/202207/t20220715_1886454.html
2022-06,桂林,-0.1,-0.3,https://www.stats.gov.cn/xxgk/sjfb/zxfb2020/202207/t20220715_1886454.html
2022-06,武汉,-0.4,-0.7,https://www.stats.gov.cn/xxgk/sjfb/zxfb2020/202207/t20220715_1886454.html
2022-06,沈阳,0.1,-0.3,https://www.stats.gov.cn/xxgk/sjfb/zxfb2020/202207/t20220715_1886454.html
2022-06,泉州,-0.6,-0.5,https://www.stats.gov.cn/xxgk/sjfb/zxfb2020/202207/t20220715_1886454.html
2022-06,泸州,-0.5,-0.4,https://www.stats.gov.cn/xxgk/sjfb/zxfb2020/202207/t20220715_1886454.html
2022-06,洛阳,-0.3,-0.7,https://www.stats.gov.cn/xxgk/sjfb/zxfb2020/202207/t20220715_1886454.html
2022-06,济南,0.3,-0.1,https://www.stats.gov.cn/xxgk/sjfb/zxfb2020/202207/t20220715_1886454.html
2022-06,济宁,-0.4,-0.5,https://www.stats.gov.cn/xxgk/sjfb/zxfb2020/202207/t20220715_1886454.html
2022-06,海口,-0.2,0.3,https://www.stats.gov.cn/xxgk/sjfb/zxfb2020/202207/t20220715_1886454.html
2022-06,深圳,0.2,-1.0,https://www.stats.gov.cn/xxgk/sjfb/zxfb2020/202207/t20220715_1886454.html
2022-06,温州,-0.6,-0.7,https://www.stats.gov.cn/xxgk/sjfb/zxfb2020/202207/t20220715_1886454.html
2022-06,湛江,-0.7,-0.1,https://www.stats.gov.cn/xxgk/sjfb/zxfb2020/202207/t20220715_1886454.html
2022-06,烟台,0.2,0.1,https://www.stats.gov.cn/xxgk/sjfb/zxfb2020/202207/t20220715_1886454.html
2022-06,牡丹江,0.3,-0.5,https://www.stats.gov.cn/xxgk/sjfb/zxfb2020/202207/t20220715_1886454.html
2022-06,石家庄,-0.2,-0.5,https://www.stats.gov.cn/xxgk/sjfb/zxfb2020/202207/t20220715_1886454.html
2022-06,福州,0.3,-0.2,https://www.stats.gov.cn/xxgk/sjfb/zxfb2020/202207/t20220715_1886454.html
2022-06,秦皇岛,-1.0,-0.5,https://www.stats.gov.cn/xxgk/sjfb/zxfb2020/202207/t20220715_1886454.html
2022-06,蚌埠,0.2,-0.1,https://www.stats.gov.cn/xxgk/sjfb/zxfb2020/202207/t20220715_1886454.html
2022-06,襄阳,-0.2,-0.6,https://www.stats.gov.cn/xxgk/sjfb/zxfb2020/202207/t20220715_1886454.html
2022-06,西宁,0.4,-0.6,https://www.stats.gov.cn/xxgk/sjfb/zxfb2020/202207/t20220715_1886454.html
2022-06,西安,0.3,0.1,https://www.stats.gov.cn/xxgk/sjfb/zxfb2020/202207/t20220715_1886454.html
2022-06,贵阳,-0.2,-0.7,https://www.stats.gov.cn/xxgk/sjfb/zxfb2020/202207/t20220715_1886454.html
2022-06,赣州,0.4,0.2,https://www.stats.gov.cn/xxgk/sjfb/zxfb2020/202207/t20220715_1886454.html
2022-06,遵义,0.5,-0.5,https://www.stats.gov.cn/xxgk/sjfb/zxfb2020/202207/t20220715_1886454.html
2022-06,郑州,-0.2,-0.7,https://www.stats.gov.cn/xxgk/sjfb/zxfb2020/202207/t20220715_1886454.html
2022-06,重庆,0.4,0.5,https://www.stats.gov.cn/xxgk/sjfb/zxfb2020/202207/t20220715_1886454.html
2022-06,金华,-0.3,-0.5,https://www.stats.gov.cn/xxgk/sjfb/zxfb2020/202207/t20220715_1886454.html
2022-06,银川,0.1,-0.1,https://www.stats.gov.cn/xxgk/sjfb/zxfb2020/202207/t20220715_1886454.html
2022-06,锦州,0.2,-0.4,https://www.stats.gov.cn/xxgk/sjfb/zxfb2020/202207/t20220715_1886454.html
2022-06,长春,-0.7,-0.8,https://www.stats.gov.cn/xxgk/sjfb/zxfb2020/202207/t20220715_1886454.html
2022-06,长沙,0.4,0.1,https://www.stats.gov.cn/xxgk/sjfb/zxfb2020/202207/t20220715_1886454.html
2022-06,青岛,0.6,0.5,https://www.stats.gov.cn/xxgk/sjfb/zxfb2020/202207/t20220715_1886454.html
2022-06,韶关,-0.5,-0.3,https://www.stats.gov.cn/xxgk/sjfb/zxfb2020/202207/t20220715_1886454.html
2022-07,三亚,0.3,-0.2,https://www.stats.gov.cn/sj/zxfb/202302/t20230203_1901546.html
2022-07,上海,0.5,0.8,https://www.stats.gov.cn/sj/zxfb/202302/t20230203_1901546.html
2022-07,丹东,-0.8,-0.8,https://www.stats.gov.cn/sj/zxfb/202302/t20230203_1901546.html
2022-07,乌鲁木齐,-0.2,-0.4,https://www.stats.gov.cn/sj/zxfb/202302/t20230203_1901546.html
2022-07,九江,0.4,-0.2,https://www.stats.gov.cn/sj/zxfb/202302/t20230203_1901546.html
2022-07,兰州,-0.6,-0.6,https://www.stats.gov.cn/sj/zxfb/202302/t20230203_1901546.html
2022-07,包头,-0.1,-0.4,https://www.stats.gov.cn/sj/zxfb/202302/t20230203_1901546.html
2022-07,北京,0.5,0.2,https://www.stats.gov.cn/sj/zxfb/202302/t20230203_1901546.html
2022-07,北海,-1.3,-0.8,https://www.stats.gov.cn/sj/zxfb/202302/t20230203_1901546.html
2022-07,南京,0.3,0.2,https://www.stats.gov.cn/sj/zxfb/202302/t20230203_1901546.html
2022-07,南充,0.2,0.6,https://www.stats.gov.cn/sj/zxfb/202302/t20230203_1901546.html
2022-07,南宁,-1.0,-0.4,https://www.stats.gov.cn/sj/zxfb/202302/t20230203_1901546.html
2022-07,南昌,0.8,0.5,https://www.stats.gov.cn/sj/zxfb/202302/t20230203_1901546.html
2022-07,厦门,-0.4,-0.5,https://www.stats.gov.cn/sj/zxfb/202302/t20230203_1901546.html
2022-07,合肥,0.7,0.7,https://www.stats.gov.cn/sj/zxfb/202302/t20230203_1901546.html
2022-07,吉林,-1.0,-0.9,https://www.stats.gov.cn/sj/zxfb/202302/t20230203_1901546.html
2022-07,呼和浩特,0.3,-0.5,https://www.stats.gov.cn/sj/zxfb/202302/t20230203_1901546.html
2022-07,哈尔滨,-0.2,-0.4,https://www.stats.gov.cn/sj/zxfb/202302/t20230203_1901546.html
2022-07,唐山,0.2,-0.8,https://www.stats.gov.cn/sj/zxfb/202302/t20230203_1901546.html
2022-07,大理,-0.8,-0.4,https://www.stats.gov.cn/sj/zxfb/202302/t20230203_1901546.html
2022-07,大连,-0.1,-0.2,https://www.stats.gov.cn/sj/zxfb/202302/t20230203_1901546.html
2022-07,天津,-0.6,-0.8,https://www.stats.gov.cn/sj/zxfb/202302/t20230203_1901546.html
2022-07,太原,-0.4,-0.3,https://www.stats.gov.cn/sj/zxfb/202302/t20230203_1901546.html
2022-07,宁波,-0.2,0.1,https://www.stats.gov.cn/sj/zxfb/202302/t20230203_1901546.html
2022-07,安庆,-1.0,-0.4,https://www.stats.gov.cn/sj/zxfb/202302/t20230203_1901546.html
2022-07,宜昌,-0.4,-0.3,https://www.stats.gov.cn/sj/zxfb/202302/t20230203_1901546.html
2022-07,岳阳,-0.5,-0.5,https://www.stats.gov.cn/sj/zxfb/202302/t20230203_1901546.html
2022-07,常德,-0.8,-0.8,https://www.stats.gov.cn/sj/zxfb/202302/t20230203_1901546.html
2022-07,平顶山,0.1,-0.6,https://www.stats.gov.cn/sj/zxfb/202302/t20230203_1901546.html
2022-07,广州,0.3,0.1,https://www.stats.gov.cn/sj/zxfb/202302/t20230203_1901546.html
2022-07,徐州,0.1,-0.4,https://www.stats.gov.cn/sj/zxfb/202302/t20230203_1901546.html
2022-07,惠州,0.2,0.2,https://www.stats.gov.cn/sj/zxfb/202302/t20230203_1901546.html
2022-07,成都,1.0,1.3,https://www.stats.gov.cn/sj/zxfb/202302/t20230203_1901546.html
2022-07,扬州,0.8,0.5,https://www.stats.gov.cn/sj/zxfb/202302/t20230203_1901546.html
2022-07,无锡,-0.4,0.1,https://www.stats.gov.cn/sj/zxfb/202302/t20230203_1901546.html
2022-07,昆明,-0.5,-0.7,https://www.stats.gov.cn/sj/zxfb/202302/t20230203_1901546.html
2022-07,杭州,0.7,-0.3,https://www.stats.gov.cn/sj/zxfb/202302/t20230203_1901546.html
2022-07,桂林,-0.5,-0.6,https://www.stats.gov.cn/sj/zxfb/202302/t20230203_1901546.html
2022-07,武汉,-0.2,-0.1,https://www.stats.gov.cn/sj/zxfb/202302/t20230203_1901546.html
2022-07,沈阳,-0.4,-0.6,https://www.stats.gov.cn/sj/zxfb/202302/t20230203_1901546.html
2022-07,泉州,-0.5,-0.6,https://www.stats.gov.cn/sj/zxfb/202302/t20230203_1901546.html
2022-07,泸州,-0.2,0.3,https://www.stats.gov.cn/sj/zxfb/202302/t20230203_1901546.html
2022-07,洛阳,0.1,-0.4,https://www.stats.gov.cn/sj/zxfb/202302/t20230203_1901546.html
2022-07,济南,0.4,-0.2,https://www.stats.gov.cn/sj/zxfb/202302/t20230203_1901546.html
2022-07,济宁,-0.3,-0.2,https://www.stats.gov.cn/sj/zxfb/202302/t20230203_1901546.html
2022-07,海口,0.3,-0.3,https://www.stats.gov.cn/sj/zxfb/202302/t20230203_1901546.html
2022-07,深圳,-0.2,-0.5,https://www.stats.gov.cn/sj/zxfb/202302/t20230203_1901546.html
2022-07,温州,-0.7,-0.4,https://www.stats.gov.cn/sj/zxfb/202302/t20230203_1901546.html
2022-07,湛江,-0.6,-0.3,https://www.stats.gov.cn/sj/zxfb/202302/t20230203_1901546.html
2022-07,烟台,-0.4,0.9,https://www.stats.gov.cn/sj/zxfb/202302/t20230203_1901546.html
2022-07,牡丹江,0.2,-0.7,https://www.stats.gov.cn/sj/zxfb/202302/t20230203_1901546.html
2022-07,石家庄,-0.3,0.1,https://www.stats.gov.cn/sj/zxfb/202302/t20230203_1901546.html
2022-07,福州,0.4,-0.1,https://www.stats.gov.cn/sj/zxfb/202302/t20230203_1901546.html
2022-07,秦皇岛,-0.6,-0.4,https://www.stats.gov.cn/sj/zxfb/202302/t20230203_1901546.html
2022-07,蚌埠,-0.5,-0.3,https://www.stats.gov.cn/sj/zxfb/202302/t20230203_1901546.html
2022-07,襄阳,-0.1,-0.5,https://www.stats.gov.cn/sj/zxfb/202302/t20230203_1901546.html
2022-07,西宁,0.1,-0.1,https://www.stats.gov.cn/sj/zxfb/202302/t20230203_1901546.html
2022-07,西安,0.6,0.3,https://www.stats.gov.cn/sj/zxfb/202302/t20230203_1901546.html
2022-07,贵阳,-0.3,-0.5,https://www.stats.gov.cn/sj/zxfb/202302/t20230203_1901546.html
2022-07,赣州,0.1,-0.4,https://www.stats.gov.cn/sj/zxfb/202302/t20230203_1901546.html
2022-07,遵义,-0.3,0.4,https://www.stats.gov.cn/sj/zxfb/202302/t20230203_1901546.html
2022-07,郑州,0.3,-0.5,https://www.stats.gov.cn/sj/zxfb/202302/t20230203_1901546.html
2022-07,重庆,0.4,0.3,https://www.stats.gov.cn/sj/zxfb/202302/t20230203_1901546.html
2022-07,金华,-0.4,-0.5,https://www.stats.gov.cn/sj/zxfb/202302/t20230203_1901546.html
2022-07,银川,0.5,-0.3,https://www.stats.gov.cn/sj/zxfb/202302/t20230203_1901546.html
2022-07,锦州,-0.2,-0.1,https://www.stats.gov.cn/sj/zxfb/202302/t20230203_1901546.html
2022-07,长春,-0.3,-0.6,https://www.stats.gov.cn/sj/zxfb/202302/t20230203_1901546.html
2022-07,长沙,0.1,0.3,https://www.stats.gov.cn/sj/zxfb/202302/t20230203_1901546.html
2022-07,青岛,-0.2,-0.3,https://www.stats.gov.cn/sj/zxfb/202302/t20230203_1901546.html
2022-07,韶关,0.2,-0.5,https://www.stats.gov.cn/sj/zxfb/202302/t20230203_1901546.html
2022-08,三亚,0.0,0.0,https://www.stats.gov.cn/xxgk/sjfb/zxfb2020/202209/t20220916_1888342.html
2022-08,上海,0.6,0.6,https://www.stats.gov.cn/xxgk/sjfb/zxfb2020/202209/t20220916_1888342.html
2022-08,丹东,-0.4,-0.7,https://www.stats.gov.cn/xxgk/sjfb/zxfb2020/202209/t20220916_1888342.html
2022-08,乌鲁木齐,-0.1,-0.1,https://www.stats.gov.cn/xxgk/sjfb/zxfb2020/202209/t20220916_1888342.html
2022-08,九江,-0.2,-0.6,https://www.stats.gov.cn/xxgk/sjfb/zxfb2020/202209/t20220916_1888342.html
2022-08,兰州,-1.0,-0.3,https://www.stats.gov.cn/xxgk/sjfb/zxfb2020/202209/t20220916_1888342.html
2022-08,包头,-0.6,-0.4,https://www.stats.gov.cn/xxgk/sjfb/zxfb2020/202209/t20220916_1888342.html
2022-08,北京,0.4,0.2,https://www.stats.gov.cn/xxgk/sjfb/zxfb2020/202209/t20220916_1888342.html
2022-08,北海,-1.4,-1.0,https://www.stats.gov.cn/xxgk/sjfb/zxfb2020/202209/t20220916_1888342.html
2022-08,南京,0.4,0.7,https://www.stats.gov.cn/xxgk/sjfb/zxfb2020/202209/t20220916_1888342.html
2022-08,南充,-0.6,-0.3,https://www.stats.gov.cn/xxgk/sjfb/zxfb2020/202209/t20220916_1888342.html
2022-08,南宁,-0.7,-0.8,https://www.stats.gov.cn/xxgk/sjfb/zxfb2020/202209/t20220916_1888342.html
2022-08,南昌,0.1,0.1,https://www.stats.gov.cn/xxgk/sjfb/zxfb2020/202209/t20220916_1888342.html
2022-08,厦门,-0.6,-0.7,https://www.stats.gov.cn/xxgk/sjfb/zxfb2020/202209/t20220916_1888342.html
2022-08,合肥,0.3,0.2,https://www.stats.gov.cn/xxgk/sjfb/zxfb2020/202209/t20220916_1888342.html
2022-08,吉林,-0.7,-0.9,https://www.stats.gov.cn/xxgk/sjfb/zxfb2020/202209/t20220916_1888342.html
2022-08,呼和浩特,-1.0,-0.7,https://www.stats.gov.cn/xxgk/sjfb/zxfb2020/202209/t20220916_1888342.html
2022-08,哈尔滨,-0.5,-0.9,https://www.stats.gov.cn/xxgk/sjfb/zxfb2020/202209/t20220916_1888342.html
2022-08,唐山,-0.6,-0.4,https://www.stats.gov.cn/xxgk/sjfb/zxfb2020/202209/t20220916_1888342.html
2022-08,大理,-0.1,0.3,https://www.stats.gov.cn/xxgk/sjfb/zxfb2020/202209/t20220916_1888342.html
2022-08,大连,-0.2,-0.3,https://www.stats.gov.cn/xxgk/sjfb/zxfb2020/202209/t20220916_1888342.html
2022-08,天津,-0.4,-0.7,https://www.stats.gov.cn/xxgk/sjfb/zxfb2020/202209/t20220916_1888342.html
2022-08,太原,-0.5,-0.4,https://www.stats.gov.cn/xxgk/sjfb/zxfb2020/202209/t20220916_1888342.html
2022-08,宁波,0.3,-0.6,https://www.stats.gov.cn/xxgk/sjfb/zxfb2020/202209/t20220916_1888342.html
2022-08,安庆,-0.4,-0.5,https://www.stats.gov.cn/xxgk/sjfb/zxfb2020/202209/t20220916_1888342.html
2022-08,宜昌,-0.2,-1.3,https://www.stats.gov.cn/xxgk/sjfb/zxfb2020/202209/t20220916_1888342.html
2022-08,岳阳,-0.5,0.1,https://www.stats.gov.cn/xxgk/sjfb/zxfb2020/202209/t20220916_1888342.html
2022-08,常德,-0.6,-0.5,https://www.stats.gov.cn/xxgk/sjfb/zxfb2020/202209/t20220916_1888342.html
2022-08,平顶山,-0.4,-0.3,https://www.stats.gov.cn/xxgk/sjfb/zxfb2020/202209/t20220916_1888342.html
2022-08,广州,-0.2,-0.1,https://www.stats.gov.cn/xxgk/sjfb/zxfb2020/202209/t20220916_1888342.html
2022-08,徐州,-0.4,-0.8,https://www.stats.gov.cn/xxgk/sjfb/zxfb2020/202209/t20220916_1888342.html
2022-08,惠州,-0.2,-0.2,https://www.stats.gov.cn/xxgk/sjfb/zxfb2020/202209/t20220916_1888342.html
2022-08,成都,0.4,0.6,https://www.stats.gov.cn/xxgk/sjfb/zxfb2020/202209/t20220916_1888342.html
2022-08,扬州,-0.3,-0.1,https://www.stats.gov.cn/xxgk/sjfb/zxfb2020/202209/t20220916_1888342.html
2022-08,无锡,0.4,0.2,https://www.stats.gov.cn/xxgk/sjfb/zxfb2020/202209/t20220916_1888342.html
2022-08,昆明,-0.4,0.4,https://www.stats.gov.cn/xxgk/sjfb/zxfb2020/202209/t20220916_1888342.html
2022-08,杭州,0.4,-0.4,https://www.stats.gov.cn/xxgk/sjfb/zxfb2020/202209/t20220916_1888342.html
2022-08,桂林,-0.7,-0.4,https://www.stats.gov.cn/xxgk/sjfb/zxfb2020/202209/t20220916_1888342.html
2022-08,武汉,-1.3,-0.6,https://www.stats.gov.cn/xxgk/sjfb/zxfb2020/202209/t20220916_1888342.html
2022-08,沈阳,-0.8,-0.8,https://www.stats.gov.cn/xxgk/sjfb/zxfb2020/202209/t20220916_1888342.html
2022-08,泉州,-1.0,-0.9,https://www.stats.gov.cn/xxgk/sjfb/zxfb2020/202209/t20220916_1888342.html
2022-08,泸州,-0.5,-0.1,https://www.stats.gov.cn/xxgk/sjfb/zxfb2020/202209/t20220916_1888342.html
2022-08,洛阳,-0.3,-0.6,https://www.stats.gov.cn/xxgk/sjfb/zxfb2020/202209/t20220916_1888342.html
2022-08,济南,0.2,-0.4,https://www.stats.gov.cn/xxgk/sjfb/zxfb2020/202209/t20220916_1888342.html
2022-08,济宁,-0.8,-0.8,https://www.stats.gov.cn/xxgk/sjfb/zxfb2020/202209/t20220916_1888342.html
2022-08,海口,0.2,-0.2,https://www.stats.gov.cn/xxgk/sjfb/zxfb2020/202209/t20220916_1888342.html
2022-08,深圳,-0.4,-0.5,https://www.stats.gov.cn/xxgk/sjfb/zxfb2020/202209/t20220916_1888342.html
2022-08,温州,-0.4,-0.6,https://www.stats.gov.cn/xxgk/sjfb/zxfb2020/202209/t20220916_1888342.html
2022-08,湛江,-1.2,-1.0,https://www.stats.gov.cn/xxgk/sjfb/zxfb2020/202209/t20220916_1888342.html
2022-08,烟台,0.1,-0.2,https://www.stats.gov.cn/xxgk/sjfb/zxfb2020/202209/t20220916_1888342.html
2022-08,牡丹江,0.1,-0.7,https://www.stats.gov.cn/xxgk/sjfb/zxfb2020/202209/t20220916_1888342.html
2022-08,石家庄,-0.5,-0.4,https://www.stats.gov.cn/xxgk/sjfb/zxfb2020/202209/t20220916_1888342.html
2022-08,福州,-0.5,-0.3,https://www.stats.gov.cn/xxgk/sjfb/zxfb2020/202209/t20220916_1888342.html
2022-08,秦皇岛,-0.5,-0.7,https://www.stats.gov.cn/xxgk/sjfb/zxfb2020/202209/t20220916_1888342.html
2022-08,蚌埠,-0.1,-0.6,https://www.stats.gov.cn/xxgk/sjfb/zxfb2020/202209/t20220916_1888342.html
2022-08,襄阳,-0.4,-0.7,https://www.stats.gov.cn/xxgk/sjfb/zxfb2020/202209/t20220916_1888342.html
2022-08,西宁,-0.4,0.1,https://www.stats.gov.cn/xxgk/sjfb/zxfb2020/202209/t20220916_1888342.html
2022-08,西安,0.1,-0.5,https://www.stats.gov.cn/xxgk/sjfb/zxfb2020/202209/t20220916_1888342.html
2022-08,贵阳,-0.1,0.3,https://www.stats.gov.cn/xxgk/sjfb/zxfb2020/202209/t20220916_1888342.html
2022-08,赣州,-0.4,-0.3,https://www.stats.gov.cn/xxgk/sjfb/zxfb2020/202209/t20220916_1888342.html
2022-08,遵义,-0.3,-0.3,https://www.stats.gov.cn/xxgk/sjfb/zxfb2020/202209/t20220916_1888342.html
2022-08,郑州,-0.4,-0.8,https://www.stats.gov.cn/xxgk/sjfb/zxfb2020/202209/t20220916_1888342.html
2022-08,重庆,-1.1,-0.4,https://www.stats.gov.cn/xxgk/sjfb/zxfb2020/202209/t20220916_1888342.html
2022-08,金华,-0.4,-0.3,https://www.stats.gov.cn/xxgk/sjfb/zxfb2020/202209/t20220916_1888342.html
2022-08,银川,0.4,-0.2,https://www.stats.gov.cn/xxgk/sjfb/zxfb2020/202209/t20220916_1888342.html
2022-08,锦州,-0.3,-0.4,https://www.stats.gov.cn/xxgk/sjfb/zxfb2020/202209/t20220916_1888342.html
2022-08,长春,0.2,-0.3,https://www.stats.gov.cn/xxgk/sjfb/zxfb2020/202209/t20220916_1888342.html
2022-08,长沙,0.3,0.2,https://www.stats.gov.cn/xxgk/sjfb/zxfb2020/202209/t20220916_1888342.html
2022-08,青岛,0.3,-0.4,https://www.stats.gov.cn/xxgk/sjfb/zxfb2020/202209/t20220916_1888342.html
2022-08,韶关,0.2,-0.2,https://www.stats.gov.cn/xxgk/sjfb/zxfb2020/202209/t20220916_1888342.html
2022-09,三亚,-0.3,-0.1,https://www.stats.gov.cn/xxgk/sjfb/zxfb2020/202210/t20221024_1889591.html
2022-09,上海,0.2,0.5,https://www.stats.gov.cn/xxgk/sjfb/zxfb2020/202210/t20221024_1889591.html
2022-09,丹东,-0.5,-0.9,https://www.stats.gov.cn/xxgk/sjfb/zxfb2020/202210/t20221024_1889591.html
2022-09,乌鲁木齐,-0.3,0.0,https://www.stats.gov.cn/xxgk/sjfb/zxfb2020/202210/t20221024_1889591.html
2022-09,九江,-0.1,-0.2,https://www.stats.gov.cn/xxgk/sjfb/zxfb2020/202210/t20221024_1889591.html
2022-09,兰州,-0.9,-0.4,https://www.stats.gov.cn/xxgk/sjfb/zxfb2020/202210/t20221024_1889591.html
2022-09,包头,-0.7,-0.8,https://www.stats.gov.cn/xxgk/sjfb/zxfb2020/202210/t20221024_1889591.html
2022-09,北京,0.2,0.4,https://www.stats.gov.cn/xxgk/sjfb/zxfb2020/202210/t20221024_1889591.html
2022-09,北海,-0.6,-1.1,https://www.stats.gov.cn/xxgk/sjfb/zxfb2020/202210/t20221024_1889591.html
2022-09,南京,-0.4,0.1,https://www.stats.gov.cn/xxgk/sjfb/zxfb2020/202210/t20221024_1889591.html
2022-09,南充,-0.5,-0.3,https://www.stats.gov.cn/xxgk/sjfb/zxfb2020/202210/t20221024_1889591.html
2022-09,南宁,-0.6,-0.4,https://www.stats.gov.cn/xxgk/sjfb/zxfb2020/202210/t20221024_1889591.html
2022-09,南昌,0.3,-0.2,https://www.stats.gov.cn/xxgk/sjfb/zxfb2020/202210/t20221024_1889591.html
2022-09,厦门,-0.3,-0.5,https://www.stats.gov.cn/xxgk/sjfb/zxfb2020/202210/t20221024_1889591.html
2022-09,合肥,0.7,0.2,https://www.stats.gov.cn/xxgk/sjfb/zxfb2020/202210/t20221024_1889591.html
2022-09,吉林,-0.6,-0.7,https://www.stats.gov.cn/xxgk/sjfb/zxfb2020/202210/t20221024_1889591.html
2022-09,呼和浩特,0.1,-0.5,https://www.stats.gov.cn/xxgk/sjfb/zxfb2020/202210/t20221024_1889591.html
2022-09,哈尔滨,-0.8,-0.6,https://www.stats.gov.cn/xxgk/sjfb/zxfb2020/202210/t20221024_1889591.html
2022-09,唐山,-0.4,-0.7,https://www.stats.gov.cn/xxgk/sjfb/zxfb2020/202210/t20221024_1889591.html
2022-09,大理,0.4,-0.1,https://www.stats.gov.cn/xxgk/sjfb/zxfb2020/202210/t20221024_1889591.html
2022-09,大连,-0.5,-0.7,https://www.stats.gov.cn/xxgk/sjfb/zxfb2020/202210/t20221024_1889591.html
2022-09,天津,-0.2,-0.9,https://www.stats.gov.cn/xxgk/sjfb/zxfb2020/202210/t20221024_1889591.html
2022-09,太原,-0.6,-0.5,https://www.stats.gov.cn/xxgk/sjfb/zxfb2020/202210/t20221024_1889591.html
2022-09,宁波,0.2,-0.3,https://www.stats.gov.cn/xxgk/sjfb/zxfb2020/202210/t20221024_1889591.html
2022-09,安庆,-0.5,-0.6,https://www.stats.gov.cn/xxgk/sjfb/zxfb2020/202210/t20221024_1889591.html
2022-09,宜昌,-0.7,-0.6,https://www.stats.gov.cn/xxgk/sjfb/zxfb2020/202210/t20221024_1889591.html
2022-09,岳阳,-0.7,-0.8,https://www.stats.gov.cn/xxgk/sjfb/zxfb2020/202210/t20221024_1889591.html
2022-09,常德,-0.4,-0.2,https://www.stats.gov.cn/xxgk/sjfb/zxfb2020/202210/t20221024_1889591.html
2022-09,平顶山,-0.2,-0.5,https://www.stats.gov.cn/xxgk/sjfb/zxfb2020/202210/t20221024_1889591.html
2022-09,广州,-0.3,-0.6,https://www.stats.gov.cn/xxgk/sjfb/zxfb2020/202210/t20221024_1889591.html
2022-09,徐州,-0.1,-0.3,https://www.stats.gov.cn/xxgk/sjfb/zxfb2020/202210/t20221024_1889591.html
2022-09,惠州,-0.3,-0.3,https://www.stats.gov.cn/xxgk/sjfb/zxfb2020/202210/t20221024_1889591.html
2022-09,成都,0.7,0.3,https://www.stats.gov.cn/xxgk/sjfb/zxfb2020/202210/t20221024_1889591.html
2022-09,扬州,-0.5,-0.4,https://www.stats.gov.cn/xxgk/sjfb/zxfb2020/202210/t20221024_1889591.html
2022-09,无锡,-0.4,-0.3,https://www.stats.gov.cn/xxgk/sjfb/zxfb2020/202210/t20221024_1889591.html
2022-09,昆明,-0.6,0.3,https://www.stats.gov.cn/xxgk/sjfb/zxfb2020/202210/t20221024_1889591.html
2022-09,杭州,0.4,-0.6,https://www.stats.gov.cn/xxgk/sjfb/zxfb2020/202210/t20221024_1889591.html
2022-09,桂林,-0.4,-0.5,https://www.stats.gov.cn/xxgk/sjfb/zxfb2020/202210/t20221024_1889591.html
2022-09,武汉,-0.9,-0.8,https://www.stats.gov.cn/xxgk/sjfb/zxfb2020/202210/t20221024_1889591.html
2022-09,沈阳,-0.3,-0.4,https://www.stats.gov.cn/xxgk/sjfb/zxfb2020/202210/t20221024_1889591.html
2022-09,泉州,-0.7,-0.6,https://www.stats.gov.cn/xxgk/sjfb/zxfb2020/202210/t20221024_1889591.html
2022-09,泸州,-0.1,0.2,https://www.stats.gov.cn/xxgk/sjfb/zxfb2020/202210/t20221024_1889591.html
2022-09,洛阳,-0.4,-0.6,https://www.stats.gov.cn/xxgk/sjfb/zxfb2020/202210/t20221024_1889591.html
2022-09,济南,0.3,-0.1,https://www.stats.gov.cn/xxgk/sjfb/zxfb2020/202210/t20221024_1889591.html
2022-09,济宁,-0.1,-0.8,https://www.stats.gov.cn/xxgk/sjfb/zxfb2020/202210/t20221024_1889591.html
2022-09,海口,0.2,-0.7,https://www.stats.gov.cn/xxgk/sjfb/zxfb2020/202210/t20221024_1889591.html
2022-09,深圳,-0.5,-0.4,https://www.stats.gov.cn/xxgk/sjfb/zxfb2020/202210/t20221024_1889591.html
2022-09,温州,-0.9,-0.2,https://www.stats.gov.cn/xxgk/sjfb/zxfb2020/202210/t20221024_1889591.html
2022-09,湛江,-0.9,-0.8,https://www.stats.gov.cn/xxgk/sjfb/zxfb2020/202210/t20221024_1889591.html
2022-09,烟台,-0.3,-0.4,https://www.stats.gov.cn/xxgk/sjfb/zxfb2020/202210/t20221024_1889591.html
2022-09,牡丹江,-0.1,-1.1,https://www.stats.gov.cn/xxgk/sjfb/zxfb2020/202210/t20221024_1889591.html
2022-09,石家庄,-0.3,-0.2,https://www.stats.gov.cn/xxgk/sjfb/zxfb2020/202210/t20221024_1889591.html
2022-09,福州,-0.7,-0.3,https://www.stats.gov.cn/xxgk/sjfb/zxfb2020/202210/t20221024_1889591.html
2022-09,秦皇岛,-0.7,-0.5,https://www.stats.gov.cn/xxgk/sjfb/zxfb2020/202210/t20221024_1889591.html
2022-09,蚌埠,-0.2,-0.3,https://www.stats.gov.cn/xxgk/sjfb/zxfb2020/202210/t20221024_1889591.html
2022-09,襄阳,-0.2,-0.7,https://www.stats.gov.cn/xxgk/sjfb/zxfb2020/202210/t20221024_1889591.html
2022-09,西宁,-0.3,-0.3,https://www.stats.gov.cn/xxgk/sjfb/zxfb2020/202210/t20221024_1889591.html
2022-09,西安,-0.5,-0.4,https://www.stats.gov.cn/xxgk/sjfb/zxfb2020/202210/t20221024_1889591.html
2022-09,贵阳,0.0,-0.1,https://www.stats.gov.cn/xxgk/sjfb/zxfb2020/202210/t20221024_1889591.html
2022-09,赣州,0.2,-0.3,https://www.stats.gov.cn/xxgk/sjfb/zxfb2020/202210/t20221024_1889591.html
2022-09,遵义,0.2,-0.5,https://www.stats.gov.cn/xxgk/sjfb/zxfb2020/202210/t20221024_1889591.html
2022-09,郑州,-0.3,-0.4,https://www.stats.gov.cn/xxgk/sjfb/zxfb2020/202210/t20221024_1889591.html
2022-09,重庆,0.3,-0.5,https://www.stats.gov.cn/xxgk/sjfb/zxfb2020/202210/t20221024_1889591.html
2022-09,金华,-0.6,-0.5,https://www.stats.gov.cn/xxgk/sjfb/zxfb2020/202210/t20221024_1889591.html
2022-09,银川,-0.1,-0.4,https://www.stats.gov.cn/xxgk/sjfb/zxfb2020/202210/t20221024_1889591.html
2022-09,锦州,-0.3,-0.6,https://www.stats.gov.cn/xxgk/sjfb/zxfb2020/202210/t20221024_1889591.html
2022-09,长春,-0.7,-0.3,https://www.stats.gov.cn/xxgk/sjfb/zxfb2020/202210/t20221024_1889591.html
2022-09,长沙,0.1,0.2,https://www.stats.gov.cn/xxgk/sjfb/zxfb2020/202210/t20221024_1889591.html
2022-09,青岛,-0.1,-0.5,https://www.stats.gov.cn/xxgk/sjfb/zxfb2020/202210/t20221024_1889591.html
2022-09,韶关,-0.4,-0.5,https://www.stats.gov.cn/xxgk/sjfb/zxfb2020/202210/t20221024_1889591.html
2022-10,三亚,-0.1,-0.6,https://www.stats.gov.cn/xxgk/sjfb/zxfb2020/202211/t20221116_1890340.html
2022-10,上海,0.3,-0.4,https://www.stats.gov.cn/xxgk/sjfb/zxfb2020/202211/t20221116_1890340.html
2022-10,丹东,-0.1,-0.6,https://www.stats.gov.cn/xxgk/sjfb/zxfb2020/202211/t20221116_1890340.html
2022-10,乌鲁木齐,-0.2,0.0,https://www.stats.gov.cn/xxgk/sjfb/zxfb2020/202211/t20221116_1890340.html
2022-10,九江,-0.4,-0.9,https://www.stats.gov.cn/xxgk/sjfb/zxfb2020/202211/t20221116_1890340.html
2022-10,兰州,-0.4,-0.5,https://www.stats.gov.cn/xxgk/sjfb/zxfb2020/202211/t20221116_1890340.html
2022-10,包头,0.0,0.0,https://www.stats.gov.cn/xxgk/sjfb/zxfb2020/202211/t20221116_1890340.html
2022-10,北京,0.4,0.1,https://www.stats.gov.cn/xxgk/sjfb/zxfb2020/202211/t20221116_1890340.html
2022-10,北海,-0.7,-0.9,https://www.stats.gov.cn/xxgk/sjfb/zxfb2020/202211/t20221116_1890340.html
2022-10,南京,-0.5,-0.6,https://www.stats.gov.cn/xxgk/sjfb/zxfb2020/202211/t20221116_1890340.html
2022-10,南充,1.0,0.3,https://www.stats.gov.cn/xxgk/sjfb/zxfb2020/202211/t20221116_1890340.html
2022-10,南宁,-1.0,-0.8,https://www.stats.gov.cn/xxgk/sjfb/zxfb2020/202211/t20221116_1890340.html
2022-10,南昌,-0.1,-0.1,https://www.stats.gov.cn/xxgk/sjfb/zxfb2020/202211/t20221116_1890340.html
2022-10,厦门,-0.7,-0.4,https://www.stats.gov.cn/xxgk/sjfb/zxfb2020/202211/t20221116_1890340.html
2022-10,合肥,0.6,-0.1,https://www.stats.gov.cn/xxgk/sjfb/zxfb2020/202211/t20221116_1890340.html
2022-10,吉林,-0.3,-1.0,https://www.stats.gov.cn/xxgk/sjfb/zxfb2020/202211/t20221116_1890340.html
2022-10,呼和浩特,0.0,0.0,https://www.stats.gov.cn/xxgk/sjfb/zxfb2020/202211/t20221116_1890340.html
2022-10,哈尔滨,-0.6,-0.8,https://www.stats.gov.cn/xxgk/sjfb/zxfb2020/202211/t20221116_1890340.html
2022-10,唐山,-0.2,-0.5,https://www.stats.gov.cn/xxgk/sjfb/zxfb2020/202211/t20221116_1890340.html
2022-10,大理,-0.5,-0.3,https://www.stats.gov.cn/xxgk/sjfb/zxfb2020/202211/t20221116_1890340.html
2022-10,大连,-1.2,-0.7,https://www.stats.gov.cn/xxgk/sjfb/zxfb2020/202211/t20221116_1890340.html
2022-10,天津,-0.3,-0.6,https://www.stats.gov.cn/xxgk/sjfb/zxfb2020/202211/t20221116_1890340.html
2022-10,太原,-0.4,-0.6,https://www.stats.gov.cn/xxgk/sjfb/zxfb2020/202211/t20221116_1890340.html
2022-10,宁波,0.4,-0.5,https://www.stats.gov.cn/xxgk/sjfb/zxfb2020/202211/t20221116_1890340.html
2022-10,安庆,0.1,-0.5,https://www.stats.gov.cn/xxgk/sjfb/zxfb2020/202211/t20221116_1890340.html
2022-10,宜昌,-0.9,-0.7,https://www.stats.gov.cn/xxgk/sjfb/zxfb2020/202211/t20221116_1890340.html
2022-10,岳阳,-0.8,-0.6,https://www.stats.gov.cn/xxgk/sjfb/zxfb2020/202211/t20221116_1890340.html
2022-10,常德,-0.5,-0.8,https://www.stats.gov.cn/xxgk/sjfb/zxfb2020/202211/t20221116_1890340.html
2022-10,平顶山,-0.3,-0.4,https://www.stats.gov.cn/xxgk/sjfb/zxfb2020/202211/t20221116_1890340.html
2022-10,广州,-0.3,-0.7,https://www.stats.gov.cn/xxgk/sjfb/zxfb2020/202211/t20221116_1890340.html
2022-10,徐州,-0.5,0.1,https://www.stats.gov.cn/xxgk/sjfb/zxfb2020/202211/t20221116_1890340.html
2022-10,惠州,-0.7,-0.4,https://www.stats.gov.cn/xxgk/sjfb/zxfb2020/202211/t20221116_1890340.html
2022-10,成都,0.3,0.4,https://www.stats.gov.cn/xxgk/sjfb/zxfb2020/202211/t20221116_1890340.html
2022-10,扬州,-0.4,-0.1,https://www.stats.gov.cn/xxgk/sjfb/zxfb2020/202211/t20221116_1890340.html
2022-10,无锡,-0.8,-0.5,https://www.stats.gov.cn/xxgk/sjfb/zxfb2020/202211/t20221116_1890340.html
2022-10,昆明,-0.8,-0.6,https://www.stats.gov.cn/xxgk/sjfb/zxfb2020/202211/t20221116_1890340.html
2022-10,杭州,0.3,-0.8,https://www.stats.gov.cn/xxgk/sjfb/zxfb2020/202211/t20221116_1890340.html
2022-10,桂林,-0.3,-0.4,https://www.stats.gov.cn/xxgk/sjfb/zxfb2020/202211/t20221116_1890340.html
2022-10,武汉,-0.6,-0.5,https://www.stats.gov.cn/xxgk/sjfb/zxfb2020/202211/t20221116_1890340.html
2022-10,沈阳,-0.6,-0.5,https://www.stats.gov.cn/xxgk/sjfb/zxfb2020/202211/t20221116_1890340.html
2022-10,泉州,-0.6,-0.6,https://www.stats.gov.cn/xxgk/sjfb/zxfb2020/202211/t20221116_1890340.html
2022-10,泸州,-0.3,-0.7,https://www.stats.gov.cn/xxgk/sjfb/zxfb2020/202211/t20221116_1890340.html
2022-10,洛阳,-0.7,-0.8,https://www.stats.gov.cn/xxgk/sjfb/zxfb2020/202211/t20221116_1890340.html
2022-10,济南,0.1,-0.3,https://www.stats.gov.cn/xxgk/sjfb/zxfb2020/202211/t20221116_1890340.html
2022-10,济宁,-0.6,-0.9,https://www.stats.gov.cn/xxgk/sjfb/zxfb2020/202211/t20221116_1890340.html
2022-10,海口,-0.1,-0.7,https://www.stats.gov.cn/xxgk/sjfb/zxfb2020/202211/t20221116_1890340.html
2022-10,深圳,-0.7,-0.2,https://www.stats.gov.cn/xxgk/sjfb/zxfb2020/202211/t20221116_1890340.html
2022-10,温州,-0.7,-0.5,https://www.stats.gov.cn/xxgk/sjfb/zxfb2020/202211/t20221116_1890340.html
2022-10,湛江,-0.6,-0.5,https://www.stats.gov.cn/xxgk/sjfb/zxfb2020/202211/t20221116_1890340.html
2022-10,烟台,-0.2,0.2,https://www.stats.gov.cn/xxgk/sjfb/zxfb2020/202211/t20221116_1890340.html
2022-10,牡丹江,-1.1,-0.9,https://www.stats.gov.cn/xxgk/sjfb/zxfb2020/202211/t20221116_1890340.html
2022-10,石家庄,-0.7,-0.5,https://www.stats.gov.cn/xxgk/sjfb/zxfb2020/202211/t20221116_1890340.html
2022-10,福州,-0.5,-0.6,https://www.stats.gov.cn/xxgk/sjfb/zxfb2020/202211/t20221116_1890340.html
2022-10,秦皇岛,-0.7,-0.7,https://www.stats.gov.cn/xxgk/sjfb/zxfb2020/202211/t20221116_1890340.html
2022-10,蚌埠,-0.1,-0.4,https://www.stats.gov.cn/xxgk/sjfb/zxfb2020/202211/t20221116_1890340.html
2022-10,襄阳,-0.1,-0.5,https://www.stats.gov.cn/xxgk/sjfb/zxfb2020/202211/t20221116_1890340.html
2022-10,西宁,-0.6,-0.8,https://www.stats.gov.cn/xxgk/sjfb/zxfb2020/202211/t20221116_1890340.html
2022-10,西安,-0.3,-0.2,https://www.stats.gov.cn/xxgk/sjfb/zxfb2020/202211/t20221116_1890340.html
2022-10,贵阳,-0.4,-0.6,https://www.stats.gov.cn/xxgk/sjfb/zxfb2020/202211/t20221116_1890340.html
2022-10,赣州,-0.6,-0.1,https://www.stats.gov.cn/xxgk/sjfb/zxfb2020/202211/t20221116_1890340.html
2022-10,遵义,-0.6,-0.5,https://www.stats.gov.cn/xxgk/sjfb/zxfb2020/202211/t20221116_1890340.html
2022-10,郑州,-0.5,-0.5,https://www.stats.gov.cn/xxgk/sjfb/zxfb2020/202211/t20221116_1890340.html
2022-10,重庆,-0.6,-0.7,https://www.stats.gov.cn/xxgk/sjfb/zxfb2020/202211/t20221116_1890340.html
2022-10,金华,-0.6,-0.4,https://www.stats.gov.cn/xxgk/sjfb/zxfb2020/202211/t20221116_1890340.html
2022-10,银川,-0.2,-0.2,https://www.stats.gov.cn/xxgk/sjfb/zxfb2020/202211/t20221116_1890340.html
2022-10,锦州,-0.9,-1.1,https://www.stats.gov.cn/xxgk/sjfb/zxfb2020/202211/t20221116_1890340.html
2022-10,长春,-0.7,-0.5,https://www.stats.gov.cn/xxgk/sjfb/zxfb2020/202211/t20221116_1890340.html
2022-10,长沙,0.2,-0.1,https://www.stats.gov.cn/xxgk/sjfb/zxfb2020/202211/t20221116_1890340.html
2022-10,青岛,-0.2,-0.6,https://www.stats.gov.cn/xxgk/sjfb/zxfb2020/202211/t20221116_1890340.html
2022-10,韶关,-0.3,-0.3,https://www.stats.gov.cn/xxgk/sjfb/zxfb2020/202211/t20221116_1890340.html
2022-11,三亚,0.2,-0.3,https://www.stats.gov.cn/sj/zxfb/202302/t20230203_1901676.html
2022-11,上海,0.3,-0.5,https://www.stats.gov.cn/sj/zxfb/202302/t20230203_1901676.html
2022-11,丹东,-0.1,-0.5,https://www.stats.gov.cn/sj/zxfb/202302/t20230203_1901676.html
2022-11,乌鲁木齐,0.0,0.0,https://www.stats.gov.cn/sj/zxfb/202302/t20230203_1901676.html
2022-11,九江,-0.3,-0.4,https://www.stats.gov.cn/sj/zxfb/202302/t20230203_1901676.html
2022-11,兰州,-0.1,0.0,https://www.stats.gov.cn/sj/zxfb/202302/t20230203_1901676.html
2022-11,包头,-0.3,-0.4,https://www.stats.gov.cn/sj/zxfb/202302/t20230203_1901676.html
2022-11,北京,0.1,-0.2,https://www.stats.gov.cn/sj/zxfb/202302/t20230203_1901676.html
2022-11,北海,-0.4,-0.5,https://www.stats.gov.cn/sj/zxfb/202302/t20230203_1901676.html
2022-11,南京,0.3,-0.3,https://www.stats.gov.cn/sj/zxfb/202302/t20230203_1901676.html
2022-11,南充,0.5,-0.6,https://www.stats.gov.cn/sj/zxfb/202302/t20230203_1901676.html
2022-11,南宁,-0.6,-0.5,https://www.stats.gov.cn/sj/zxfb/202302/t20230203_1901676.html
2022-11,南昌,-0.1,-0.4,https://www.stats.gov.cn/sj/zxfb/202302/t20230203_1901676.html
2022-11,厦门,-0.2,-0.3,https://www.stats.gov.cn/sj/zxfb/202302/t20230203_1901676.html
2022-11,合肥,0.1,-0.4,https://www.stats.gov.cn/sj/zxfb/202302/t20230203_1901676.html
2022-11,吉林,-0.5,-0.8,https://www.stats.gov.cn/sj/zxfb/202302/t20230203_1901676.html
2022-11,呼和浩特,0.0,0.0,https://www.stats.gov.cn/sj/zxfb/202302/t20230203_1901676.html
2022-11,哈尔滨,-0.9,-0.8,https://www.stats.gov.cn/sj/zxfb/202302/t20230203_1901676.html
2022-11,唐山,-0.7,-0.5,https://www.stats.gov.cn/sj/zxfb/202302/t20230203_1901676.html
2022-11,大理,0.1,-0.8,https://www.stats.gov.cn/sj/zxfb/202302/t20230203_1901676.html
2022-11,大连,-0.5,-0.6,https://www.stats.gov.cn/sj/zxfb/202302/t20230203_1901676.html
2022-11,天津,-0.6,-0.4,https://www.stats.gov.cn/sj/zxfb/202302/t20230203_1901676.html
2022-11,太原,-0.7,-0.3,https://www.stats.gov.cn/sj/zxfb/202302/t20230203_1901676.html
2022-11,宁波,0.1,-0.4,https://www.stats.gov.cn/sj/zxfb/202302/t20230203_1901676.html
2022-11,安庆,-0.1,-0.9,https://www.stats.gov.cn/sj/zxfb/202302/t20230203_1901676.html
2022-11,宜昌,-0.2,-0.3,https://www.stats.gov.cn/sj/zxfb/202302/t20230203_1901676.html
2022-11,岳阳,-0.4,-0.4,https://www.stats.gov.cn/sj/zxfb/202302/t20230203_1901676.html
2022-11,常德,-0.3,-0.6,https://www.stats.gov.cn/sj/zxfb/202302/t20230203_1901676.html
2022-11,平顶山,-0.2,-0.4,https://www.stats.gov.cn/sj/zxfb/202302/t20230203_1901676.html
2022-11,广州,-0.5,-0.6,https://www.stats.gov.cn/sj/zxfb/202302/t20230203_1901676.html
2022-11,徐州,-0.5,0.2,https://www.stats.gov.cn/sj/zxfb/202302/t20230203_1901676.html
2022-11,惠州,-0.2,-0.2,https://www.stats.gov.cn/sj/zxfb/202302/t20230203_1901676.html
2022-11,成都,0.5,0.3,https://www.stats.gov.cn/sj/zxfb/202302/t20230203_1901676.html
2022-11,扬州,-0.2,-0.3,https://www.stats.gov.cn/sj/zxfb/202302/t20230203_1901676.html
2022-11,无锡,-0.3,-0.3,https://www.stats.gov.cn/sj/zxfb/202302/t20230203_1901676.html
2022-11,昆明,0.2,0.5,https://www.stats.gov.cn/sj/zxfb/202302/t20230203_1901676.html
2022-11,杭州,0.7,-0.2,https://www.stats.gov.cn/sj/zxfb/202302/t20230203_1901676.html
2022-11,桂林,-0.8,-0.7,https://www.stats.gov.cn/sj/zxfb/202302/t20230203_1901676.html
2022-11,武汉,-0.2,-0.7,https://www.stats.gov.cn/sj/zxfb/202302/t20230203_1901676.html
2022-11,沈阳,-0.7,-0.8,https://www.stats.gov.cn/sj/zxfb/202302/t20230203_1901676.html
2022-11,泉州,0.5,-0.7,https://www.stats.gov.cn/sj/zxfb/202302/t20230203_1901676.html
2022-11,泸州,0.4,-0.9,https://www.stats.gov.cn/sj/zxfb/202302/t20230203_1901676.html
2022-11,洛阳,-0.4,-0.7,https://www.stats.gov.cn/sj/zxfb/202302/t20230203_1901676.html
2022-11,济南,-0.1,-0.5,https://www.stats.gov.cn/sj/zxfb/202302/t20230203_1901676.html
2022-11,济宁,-1.1,-1.0,https://www.stats.gov.cn/sj/zxfb/202302/t20230203_1901676.html
2022-11,海口,-0.2,-0.3,https://www.stats.gov.cn/sj/zxfb/202302/t20230203_1901676.html
2022-11,深圳,-0.5,-0.3,https://www.stats.gov.cn/sj/zxfb/202302/t20230203_1901676.html
2022-11,温州,-0.8,-0.7,https://www.stats.gov.cn/sj/zxfb/202302/t20230203_1901676.html
2022-11,湛江,-0.5,-0.9,https://www.stats.gov.cn/sj/zxfb/202302/t20230203_1901676.html
2022-11,烟台,0.3,-0.4,https://www.stats.gov.cn/sj/zxfb/202302/t20230203_1901676.html
2022-11,牡丹江,-1.0,-1.2,https://www.stats.gov.cn/sj/zxfb/202302/t20230203_1901676.html
2022-11,石家庄,-0.2,-0.7,https://www.stats.gov.cn/sj/zxfb/202302/t20230203_1901676.html
2022-11,福州,-0.3,-0.5,https://www.stats.gov.cn/sj/zxfb/202302/t20230203_1901676.html
2022-11,秦皇岛,-0.3,-0.4,https://www.stats.gov.cn/sj/zxfb/202302/t20230203_1901676.html
2022-11,蚌埠,-0.6,0.4,https://www.stats.gov.cn/sj/zxfb/202302/t20230203_1901676.html
2022-11,襄阳,-0.5,-0.4,https://www.stats.gov.cn/sj/zxfb/202302/t20230203_1901676.html
2022-11,西宁,0.0,-0.3,https://www.stats.gov.cn/sj/zxfb/202302/t20230203_1901676.html
2022-11,西安,-0.3,-0.7,https://www.stats.gov.cn/sj/zxfb/202302/t20230203_1901676.html
2022-11,贵阳,-0.8,-0.4,https://www.stats.gov.cn/sj/zxfb/202302/t20230203_1901676.html
2022-11,赣州,-0.4,-0.2,https://www.stats.gov.cn/sj/zxfb/202302/t20230203_1901676.html
2022-11,遵义,0.3,-0.2,https://www.stats.gov.cn/sj/zxfb/202302/t20230203_1901676.html
2022-11,郑州,-0.4,-0.8,https://www.stats.gov.cn/sj/zxfb/202302/t20230203_1901676.html
2022-11,重庆,-0.3,-0.6,https://www.stats.gov.cn/sj/zxfb/202302/t20230203_1901676.html
2022-11,金华,-0.5,-0.5,https://www.stats.gov.cn/sj/zxfb/202302/t20230203_1901676.html
2022-11,银川,-0.7,-0.5,https://www.stats.gov.cn/sj/zxfb/202302/t20230203_1901676.html
2022-11,锦州,-0.2,-0.4,https://www.stats.gov.cn/sj/zxfb/202302/t20230203_1901676.html
2022-11,长春,-0.8,-0.5,https://www.stats.gov.cn/sj/zxfb/202302/t20230203_1901676.html
2022-11,长沙,0.5,0.1,https://www.stats.gov.cn/sj/zxfb/202302/t20230203_1901676.html
2022-11,青岛,-0.2,-0.7,https://www.stats.gov.cn/sj/zxfb/202302/t20230203_1901676.html
2022-11,韶关,-0.7,-0.5,https://www.stats.gov.cn/sj/zxfb/202302/t20230203_1901676.html
2022-12,三亚,-0.2,-0.2,https://www.stats.gov.cn/xxgk/sjfb/zxfb2020/202301/t20230116_1891688.html
2022-12,上海,0.4,-0.5,https://www.stats.gov.cn/xxgk/sjfb/zxfb2020/202301/t20230116_1891688.html
2022-12,丹东,-0.2,-1.0,https://www.stats.gov.cn/xxgk/sjfb/zxfb2020/202301/t20230116_1891688.html
2022-12,乌鲁木齐,-0.3,-0.6,https://www.stats.gov.cn/xxgk/sjfb/zxfb2020/202301/t20230116_1891688.html
2022-12,九江,0.2,-0.3,https://www.stats.gov.cn/xxgk/sjfb/zxfb2020/202301/t20230116_1891688.html
2022-12,兰州,-0.5,-0.5,https://www.stats.gov.cn/xxgk/sjfb/zxfb2020/202301/t20230116_1891688.html
2022-12,包头,-0.4,-0.6,https://www.stats.gov.cn/xxgk/sjfb/zxfb2020/202301/t20230116_1891688.html
2022-12,北京,0.2,-0.4,https://www.stats.gov.cn/xxgk/sjfb/zxfb2020/202301/t20230116_1891688.html
2022-12,北海,-0.4,-1.2,https://www.stats.gov.cn/xxgk/sjfb/zxfb2020/202301/t20230116_1891688.html
2022-12,南京,-0.1,-0.5,https://www.stats.gov.cn/xxgk/sjfb/zxfb2020/202301/t20230116_1891688.html
2022-12,南充,0.1,-0.4,https://www.stats.gov.cn/xxgk/sjfb/zxfb2020/202301/t20230116_1891688.html
2022-12,南宁,-0.2,-0.7,https://www.stats.gov.cn/xxgk/sjfb/zxfb2020/202301/t20230116_1891688.html
2022-12,南昌,-0.3,-0.4,https://www.stats.gov.cn/xxgk/sjfb/zxfb2020/202301/t20230116_1891688.html
2022-12,厦门,-0.1,-0.5,https://www.stats.gov.cn/xxgk/sjfb/zxfb2020/202301/t20230116_1891688.html
2022-12,合肥,-0.1,-0.3,https://www.stats.gov.cn/xxgk/sjfb/zxfb2020/202301/t20230116_1891688.html
2022-12,吉林,-0.5,-0.7,https://www.stats.gov.cn/xxgk/sjfb/zxfb2020/202301/t20230116_1891688.html
2022-12,呼和浩特,-1.4,-1.2,https://www.stats.gov.cn/xxgk/sjfb/zxfb2020/202301/t20230116_1891688.html
2022-12,哈尔滨,-0.4,-0.6,https://www.stats.gov.cn/xxgk/sjfb/zxfb2020/202301/t20230116_1891688.html
2022-12,唐山,-0.6,-0.5,https://www.stats.gov.cn/xxgk/sjfb/zxfb2020/202301/t20230116_1891688.html
2022-12,大理,-0.3,-0.5,https://www.stats.gov.cn/xxgk/sjfb/zxfb2020/202301/t20230116_1891688.html
2022-12,大连,-0.4,-0.3,https://www.stats.gov.cn/xxgk/sjfb/zxfb2020/202301/t20230116_1891688.html
2022-12,天津,-0.7,-0.7,https://www.stats.gov.cn/xxgk/sjfb/zxfb2020/202301/t20230116_1891688.html
2022-12,太原,-0.6,-0.7,https://www.stats.gov.cn/xxgk/sjfb/zxfb2020/202301/t20230116_1891688.html
2022-12,宁波,0.2,0.1,https://www.stats.gov.cn/xxgk/sjfb/zxfb2020/202301/t20230116_1891688.html
2022-12,安庆,-0.3,-0.4,https://www.stats.gov.cn/xxgk/sjfb/zxfb2020/202301/t20230116_1891688.html
2022-12,宜昌,-0.2,-0.6,https://www.stats.gov.cn/xxgk/sjfb/zxfb2020/202301/t20230116_1891688.html
2022-12,岳阳,-0.6,-0.5,https://www.stats.gov.cn/xxgk/sjfb/zxfb2020/202301/t20230116_1891688.html
2022-12,常德,-0.4,-0.7,https://www.stats.gov.cn/xxgk/sjfb/zxfb2020/202301/t20230116_1891688.html
2022-12,平顶山,0.2,-0.3,https://www.stats.gov.cn/xxgk/sjfb/zxfb2020/202301/t20230116_1891688.html
2022-12,广州,-0.4,-0.6,https://www.stats.gov.cn/xxgk/sjfb/zxfb2020/202301/t20230116_1891688.html
2022-12,徐州,-0.3,0.2,https://www.stats.gov.cn/xxgk/sjfb/zxfb2020/202301/t20230116_1891688.html
2022-12,惠州,-0.7,-0.3,https://www.stats.gov.cn/xxgk/sjfb/zxfb2020/202301/t20230116_1891688.html
2022-12,成都,0.5,0.2,https://www.stats.gov.cn/xxgk/sjfb/zxfb2020/202301/t20230116_1891688.html
2022-12,扬州,0.6,-0.3,https://www.stats.gov.cn/xxgk/sjfb/zxfb2020/202301/t20230116_1891688.html
2022-12,无锡,0.4,-0.6,https://www.stats.gov.cn/xxgk/sjfb/zxfb2020/202301/t20230116_1891688.html
2022-12,昆明,-0.7,0.3,https://www.stats.gov.cn/xxgk/sjfb/zxfb2020/202301/t20230116_1891688.html
2022-12,杭州,0.3,-0.1,https://www.stats.gov.cn/xxgk/sjfb/zxfb2020/202301/t20230116_1891688.html
2022-12,桂林,-0.6,-0.5,https://www.stats.gov.cn/xxgk/sjfb/zxfb2020/202301/t20230116_1891688.html
2022-12,武汉,-0.1,-0.4,https://www.stats.gov.cn/xxgk/sjfb/zxfb2020/202301/t20230116_1891688.html
2022-12,沈阳,-0.6,-0.8,https://www.stats.gov.cn/xxgk/sjfb/zxfb2020/202301/t20230116_1891688.html
2022-12,泉州,0.7,-0.4,https://www.stats.gov.cn/xxgk/sjfb/zxfb2020/202301/t20230116_1891688.html
2022-12,泸州,-0.4,0.1,https://www.stats.gov.cn/xxgk/sjfb/zxfb2020/202301/t20230116_1891688.html
2022-12,洛阳,-0.5,-0.7,https://www.stats.gov.cn/xxgk/sjfb/zxfb2020/202301/t20230116_1891688.html
2022-12,济南,-0.1,-0.2,https://www.stats.gov.cn/xxgk/sjfb/zxfb2020/202301/t20230116_1891688.html
2022-12,济宁,-0.3,-0.7,https://www.stats.gov.cn/xxgk/sjfb/zxfb2020/202301/t20230116_1891688.html
2022-12,海口,-0.2,-0.5,https://www.stats.gov.cn/xxgk/sjfb/zxfb2020/202301/t20230116_1891688.html
2022-12,深圳,-0.3,-0.5,https://www.stats.gov.cn/xxgk/sjfb/zxfb2020/202301/t20230116_1891688.html
2022-12,温州,-0.2,-0.1,https://www.stats.gov.cn/xxgk/sjfb/zxfb2020/202301/t20230116_1891688.html
2022-12,湛江,-0.5,-0.4,https://www.stats.gov.cn/xxgk/sjfb/zxfb2020/202301/t20230116_1891688.html
2022-12,烟台,-0.2,-0.1,https://www.stats.gov.cn/xxgk/sjfb/zxfb2020/202301/t20230116_1891688.html
2022-12,牡丹江,-0.5,-1.0,https://www.stats.gov.cn/xxgk/sjfb/zxfb2020/202301/t20230116_1891688.html
2022-12,石家庄,-0.6,-0.1,https://www.stats.gov.cn/xxgk/sjfb/zxfb2020/202301/t20230116_1891688.html
2022-12,福州,-0.2,-0.3,https://www.stats.gov.cn/xxgk/sjfb/zxfb2020/202301/t20230116_1891688.html
2022-12,秦皇岛,-0.5,-0.3,https://www.stats.gov.cn/xxgk/sjfb/zxfb2020/202301/t20230116_1891688.html
2022-12,蚌埠,-0.1,-0.2,https://www.stats.gov.cn/xxgk/sjfb/zxfb2020/202301/t20230116_1891688.html
2022-12,襄阳,-0.1,-0.2,https://www.stats.gov.cn/xxgk/sjfb/zxfb2020/202301/t20230116_1891688.html
2022-12,西宁,-0.3,-0.2,https://www.stats.gov.cn/xxgk/sjfb/zxfb2020/202301/t20230116_1891688.html
2022-12,西安,0.1,-0.3,https://www.stats.gov.cn/xxgk/sjfb/zxfb2020/202301/t20230116_1891688.html
2022-12,贵阳,-0.2,0.1,https://www.stats.gov.cn/xxgk/sjfb/zxfb2020/202301/t20230116_1891688.html
2022-12,赣州,-0.3,-0.1,https://www.stats.gov.cn/xxgk/sjfb/zxfb2020/202301/t20230116_1891688.html
2022-12,遵义,-0.5,-1.0,https://www.stats.gov.cn/xxgk/sjfb/zxfb2020/202301/t20230116_1891688.html
2022-12,郑州,-0.6,-0.6,https://www.stats.gov.cn/xxgk/sjfb/zxfb2020/202301/t20230116_1891688.html
2022-12,重庆,-0.5,-0.4,https://www.stats.gov.cn/xxgk/sjfb/zxfb2020/202301/t20230116_1891688.html
2022-12,金华,-0.3,-0.2,https://www.stats.gov.cn/xxgk/sjfb/zxfb2020/202301/t20230116_1891688.html
2022-12,银川,0.1,-0.1,https://www.stats.gov.cn/xxgk/sjfb/zxfb2020/202301/t20230116_1891688.html
2022-12,锦州,-0.4,-0.4,https://www.stats.gov.cn/xxgk/sjfb/zxfb2020/202301/t20230116_1891688.html
2022-12,长春,-1.1,-0.8,https://www.stats.gov.cn/xxgk/sjfb/zxfb2020/202301/t20230116_1891688.html
2022-12,长沙,0.5,0.2,https://www.stats.gov.cn/xxgk/sjfb/zxfb2020/202301/t20230116_1891688.html
2022-12,青岛,0.3,-0.5,https://www.stats.gov.cn/xxgk/sjfb/zxfb2020/202301/t20230116_1891688.html
2022-12,韶关,-0.6,-0.4,https://www.stats.gov.cn/xxgk/sjfb/zxfb2020/202301/t20230116_1891688.html
2023-01,三亚,0.3,0.4,https://www.stats.gov.cn/sj/zxfb/202302/t20230220_1913664.html
2023-01,上海,0.7,0.4,https://www.stats.gov.cn/sj/zxfb/202302/t20230220_1913664.html
2023-01,丹东,0.1,-0.3,https://www.stats.gov.cn/sj/zxfb/202302/t20230220_1913664.html
2023-01,乌鲁木齐,0.3,-0.4,https://www.stats.gov.cn/sj/zxfb/202302/t20230220_1913664.html
2023-01,九江,0.2,-0.1,https://www.stats.gov.cn/sj/zxfb/202302/t20230220_1913664.html
2023-01,兰州,-0.1,-0.5,https://www.stats.gov.cn/sj/zxfb/202302/t20230220_1913664.html
2023-01,包头,-0.1,-0.2,https://www.stats.gov.cn/sj/zxfb/202302/t20230220_1913664.html
2023-01,北京,0.4,0.9,https://www.stats.gov.cn/sj/zxfb/202302/t20230220_1913664.html
2023-01,北海,0.4,-0.3,https://www.stats.gov.cn/sj/zxfb/202302/t20230220_1913664.html
2023-01,南京,0.0,0.5,https://www.stats.gov.cn/sj/zxfb/202302/t20230220_1913664.html
2023-01,南充,0.5,-0.1,https://www.stats.gov.cn/sj/zxfb/202302/t20230220_1913664.html
2023-01,南宁,-0.1,-0.6,https://www.stats.gov.cn/sj/zxfb/202302/t20230220_1913664.html
2023-01,南昌,0.3,-0.5,https://www.stats.gov.cn/sj/zxfb/202302/t20230220_1913664.html
2023-01,厦门,-0.3,-0.2,https://www.stats.gov.cn/sj/zxfb/202302/t20230220_1913664.html
2023-01,合肥,0.7,-0.2,https://www.stats.gov.cn/sj/zxfb/202302/t20230220_1913664.html
2023-01,吉林,-0.8,-0.7,https://www.stats.gov.cn/sj/zxfb/202302/t20230220_1913664.html
2023-01,呼和浩特,-0.3,-0.4,https://www.stats.gov.cn/sj/zxfb/202302/t20230220_1913664.html
2023-01,哈尔滨,-0.4,-0.7,https://www.stats.gov.cn/sj/zxfb/202302/t20230220_1913664.html
2023-01,唐山,0.1,-0.7,https://www.stats.gov.cn/sj/zxfb/202302/t20230220_1913664.html
2023-01,大理,-0.6,-0.6,https://www.stats.gov.cn/sj/zxfb/202302/t20230220_1913664.html
2023-01,大连,-0.1,-0.5,https://www.stats.gov.cn/sj/zxfb/202302/t20230220_1913664.html
2023-01,天津,0.3,-0.4,https://www.stats.gov.cn/sj/zxfb/202302/t20230220_1913664.html
2023-01,太原,0.2,-0.3,https://www.stats.gov.cn/sj/zxfb/202302/t20230220_1913664.html
2023-01,宁波,0.6,0.2,https://www.stats.gov.cn/sj/zxfb/202302/t20230220_1913664.html
2023-01,安庆,0.2,-0.3,https://www.stats.gov.cn/sj/zxfb/202302/t20230220_1913664.html
2023-01,宜昌,-0.5,-0.4,https://www.stats.gov.cn/sj/zxfb/202302/t20230220_1913664.html
2023-01,岳阳,0.1,-0.5,https://www.stats.gov.cn/sj/zxfb/202302/t20230220_1913664.html
2023-01,常德,-0.5,-0.3,https://www.stats.gov.cn/sj/zxfb/202302/t20230220_1913664.html
2023-01,平顶山,-0.6,-0.3,https://www.stats.gov.cn/sj/zxfb/202302/t20230220_1913664.html
2023-01,广州,-0.2,-0.2,https://www.stats.gov.cn/sj/zxfb/202302/t20230220_1913664.html
2023-01,徐州,0.2,0.1,https://www.stats.gov.cn/sj/zxfb/202302/t20230220_1913664.html
2023-01,惠州,-0.4,-0.2,https://www.stats.gov.cn/sj/zxfb/202302/t20230220_1913664.html
2023-01,成都,0.6,0.5,https://www.stats.gov.cn/sj/zxfb/202302/t20230220_1913664.html
2023-01,扬州,0.4,-0.2,https://www.stats.gov.cn/sj/zxfb/202302/t20230220_1913664.html
2023-01,无锡,-0.3,-0.4,https://www.stats.gov.cn/sj/zxfb/202302/t20230220_1913664.html
2023-01,昆明,0.3,-0.7,https://www.stats.gov.cn/sj/zxfb/202302/t20230220_1913664.html
2023-01,杭州,0.4,-0.2,https://www.stats.gov.cn/sj/zxfb/202302/t20230220_1913664.html
2023-01,桂林,0.1,-0.4,https://www.stats.gov.cn/sj/zxfb/202302/t20230220_1913664.html
2023-01,武汉,0.2,-0.3,https://www.stats.gov.cn/sj/zxfb/202302/t20230220_1913664.html
2023-01,沈阳,-0.4,-0.6,https://www.stats.gov.cn/sj/zxfb/202302/t20230220_1913664.html
2023-01,泉州,-0.5,-0.6,https://www.stats.gov.cn/sj/zxfb/202302/t20230220_1913664.html
2023-01,泸州,-0.6,-0.4,https://www.stats.gov.cn/sj/zxfb/202302/t20230220_1913664.html
2023-01,洛阳,-0.5,-0.5,https://www.stats.gov.cn/sj/zxfb/202302/t20230220_1913664.html
2023-01,济南,-0.2,-0.3,https://www.stats.gov.cn/sj/zxfb/202302/t20230220_1913664.html
2023-01,济宁,-0.2,-0.3,https://www.stats.gov.cn/sj/zxfb/202302/t20230220_1913664.html
2023-01,海口,-0.1,-0.4,https://www.stats.gov.cn/sj/zxfb/202302/t20230220_1913664.html
2023-01,深圳,-0.2,0.6,https://www.stats.gov.cn/sj/zxfb/202302/t20230220_1913664.html
2023-01,温州,-1.0,-0.2,https://www.stats.gov.cn/sj/zxfb/202302/t20230220_1913664.html
2023-01,湛江,0.6,-0.2,https://www.stats.gov.cn/sj/zxfb/202302/t20230220_1913664.html
2023-01,烟台,-0.1,0.1,https://www.stats.gov.cn/sj/zxfb/202302/t20230220_1913664.html
2023-01,牡丹江,-0.2,-0.7,https://www.stats.gov.cn/sj/zxfb/202302/t20230220_1913664.html
2023-01,石家庄,0.1,-0.5,https://www.stats.gov.cn/sj/zxfb/202302/t20230220_1913664.html
2023-01,福州,0.2,0.1,https://www.stats.gov.cn/sj/zxfb/202302/t20230220_1913664.html
2023-01,秦皇岛,-0.3,-0.4,https://www.stats.gov.cn/sj/zxfb/202302/t20230220_1913664.html
2023-01,蚌埠,0.4,-0.3,https://www.stats.gov.cn/sj/zxfb/202302/t20230220_1913664.html
2023-01,襄阳,-0.3,-0.6,https://www.stats.gov.cn/sj/zxfb/202302/t20230220_1913664.html
2023-01,西宁,0.5,0.2,https://www.stats.gov.cn/sj/zxfb/202302/t20230220_1913664.html
2023-01,西安,0.2,0.6,https://www.stats.gov.cn/sj/zxfb/202302/t20230220_1913664.html
2023-01,贵阳,-0.4,-0.5,https://www.stats.gov.cn/sj/zxfb/202302/t20230220_1913664.html
2023-01,赣州,-0.1,-0.4,https://www.stats.gov.cn/sj/zxfb/202302/t20230220_1913664.html
2023-01,遵义,0.2,-0.8,https://www.stats.gov.cn/sj/zxfb/202302/t20230220_1913664.html
2023-01,郑州,0.2,-0.4,https://www.stats.gov.cn/sj/zxfb/202302/t20230220_1913664.html
2023-01,重庆,0.3,-0.5,https://www.stats.gov.cn/sj/zxfb/202302/t20230220_1913664.html
2023-01,金华,-0.2,-0.4,https://www.stats.gov.cn/sj/zxfb/202302/t20230220_1913664.html
2023-01,银川,0.1,-0.6,https://www.stats.gov.cn/sj/zxfb/202302/t20230220_1913664.html
2023-01,锦州,-0.5,-0.6,https://www.stats.gov.cn/sj/zxfb/202302/t20230220_1913664.html
2023-01,长春,-0.5,-1.0,https://www.stats.gov.cn/sj/zxfb/202302/t20230220_1913664.html
2023-01,长沙,0.3,0.2,https://www.stats.gov.cn/sj/zxfb/202302/t20230220_1913664.html
2023-01,青岛,0.4,-0.1,https://www.stats.gov.cn/sj/zxfb/202302/t20230220_1913664.html
2023-01,韶关,0.2,-0.7,https://www.stats.gov.cn/sj/zxfb/202302/t20230220_1913664.html
2023-02,三亚,0.5,0.1,https://www.stats.gov.cn/xxgk/sjfb/zxfb2020/202303/t20230316_1937306.html
2023-02,上海,0.2,1.0,https://www.stats.gov.cn/xxgk/sjfb/zxfb2020/202303/t20230316_1937306.html
2023-02,丹东,-0.3,-0.4,https://www.stats.gov.cn/xxgk/sjfb/zxfb2020/202303/t20230316_1937306.html
2023-02,乌鲁木齐,0.4,0.1,https://www.stats.gov.cn/xxgk/sjfb/zxfb2020/202303/t20230316_1937306.html
2023-02,九江,0.1,-0.2,https://www.stats.gov.cn/xxgk/sjfb/zxfb2020/202303/t20230316_1937306.html
2023-02,兰州,0.5,-0.4,https://www.stats.gov.cn/xxgk/sjfb/zxfb2020/202303/t20230316_1937306.html
2023-02,包头,0.5,-0.2,https://www.stats.gov.cn/xxgk/sjfb/zxfb2020/202303/t20230316_1937306.html
2023-02,北京,0.2,0.8,https://www.stats.gov.cn/xxgk/sjfb/zxfb2020/202303/t20230316_1937306.html
2023-02,北海,0.6,-0.1,https://www.stats.gov.cn/xxgk/sjfb/zxfb2020/202303/t20230316_1937306.html
2023-02,南京,0.3,0.6,https://www.stats.gov.cn/xxgk/sjfb/zxfb2020/202303/t20230316_1937306.html
2023-02,南充,-0.2,0.4,https://www.stats.gov.cn/xxgk/sjfb/zxfb2020/202303/t20230316_1937306.html
2023-02,南宁,0.5,-0.5,https://www.stats.gov.cn/xxgk/sjfb/zxfb2020/202303/t20230316_1937306.html
2023-02,南昌,0.3,-0.1,https://www.stats.gov.cn/xxgk/sjfb/zxfb2020/202303/t20230316_1937306.html
2023-02,厦门,0.1,-0.1,https://www.stats.gov.cn/xxgk/sjfb/zxfb2020/202303/t20230316_1937306.html
2023-02,合肥,0.3,0.5,https://www.stats.gov.cn/xxgk/sjfb/zxfb2020/202303/t20230316_1937306.html
2023-02,吉林,0.3,-0.5,https://www.stats.gov.cn/xxgk/sjfb/zxfb2020/202303/t20230316_1937306.html
2023-02,呼和浩特,0.6,-0.1,https://www.stats.gov.cn/xxgk/sjfb/zxfb2020/202303/t20230316_1937306.html
2023-02,哈尔滨,0.1,-0.3,https://www.stats.gov.cn/xxgk/sjfb/zxfb2020/202303/t20230316_1937306.html
2023-02,唐山,0.4,-0.4,https://www.stats.gov.cn/xxgk/sjfb/zxfb2020/202303/t20230316_1937306.html
2023-02,大理,0.3,-0.2,https://www.stats.gov.cn/xxgk/sjfb/zxfb2020/202303/t20230316_1937306.html
2023-02,大连,-0.3,0.2,https://www.stats.gov.cn/xxgk/sjfb/zxfb2020/202303/t20230316_1937306.html
2023-02,天津,0.9,0.6,https://www.stats.gov.cn/xxgk/sjfb/zxfb2020/202303/t20230316_1937306.html
2023-02,太原,0.5,0.3,https://www.stats.gov.cn/xxgk/sjfb/zxfb2020/202303/t20230316_1937306.html
2023-02,宁波,0.9,0.2,https://www.stats.gov.cn/xxgk/sjfb/zxfb2020/202303/t20230316_1937306.html
2023-02,安庆,0.4,0.1,https://www.stats.gov.cn/xxgk/sjfb/zxfb2020/202303/t20230316_1937306.html
2023-02,宜昌,0.6,-0.2,https://www.stats.gov.cn/xxgk/sjfb/zxfb2020/202303/t20230316_1937306.html
2023-02,岳阳,0.1,0.6,https://www.stats.gov.cn/xxgk/sjfb/zxfb2020/202303/t20230316_1937306.html
2023-02,常德,0.2,0.2,https://www.stats.gov.cn/xxgk/sjfb/zxfb2020/202303/t20230316_1937306.html
2023-02,平顶山,-0.1,-0.2,https://www.stats.gov.cn/xxgk/sjfb/zxfb2020/202303/t20230316_1937306.html
2023-02,广州,0.3,0.5,https://www.stats.gov.cn/xxgk/sjfb/zxfb2020/202303/t20230316_1937306.html
2023-02,徐州,0.6,0.8,https://www.stats.gov.cn/xxgk/sjfb/zxfb2020/202303/t20230316_1937306.html
2023-02,惠州,0.3,-0.1,https://www.stats.gov.cn/xxgk/sjfb/zxfb2020/202303/t20230316_1937306.html
2023-02,成都,0.7,1.0,https://www.stats.gov.cn/xxgk/sjfb/zxfb2020/202303/t20230316_1937306.html
2023-02,扬州,0.4,-0.2,https://www.stats.gov.cn/xxgk/sjfb/zxfb2020/202303/t20230316_1937306.html
2023-02,无锡,0.3,1.0,https://www.stats.gov.cn/xxgk/sjfb/zxfb2020/202303/t20230316_1937306.html
2023-02,昆明,0.9,-0.5,https://www.stats.gov.cn/xxgk/sjfb/zxfb2020/202303/t20230316_1937306.html
2023-02,杭州,0.2,0.4,https://www.stats.gov.cn/xxgk/sjfb/zxfb2020/202303/t20230316_1937306.html
2023-02,桂林,0.7,0.5,https://www.stats.gov.cn/xxgk/sjfb/zxfb2020/202303/t20230316_1937306.html
2023-02,武汉,0.6,0.1,https://www.stats.gov.cn/xxgk/sjfb/zxfb2020/202303/t20230316_1937306.html
2023-02,沈阳,-0.1,-0.4,https://www.stats.gov.cn/xxgk/sjfb/zxfb2020/202303/t20230316_1937306.html
2023-02,泉州,-0.4,-0.3,https://www.stats.gov.cn/xxgk/sjfb/zxfb2020/202303/t20230316_1937306.html
2023-02,泸州,0.1,0.2,https://www.stats.gov.cn/xxgk/sjfb/zxfb2020/202303/t20230316_1937306.html
2023-02,洛阳,0.3,-0.1,https://www.stats.gov.cn/xxgk/sjfb/zxfb2020/202303/t20230316_1937306.html
2023-02,济南,0.9,0.2,https://www.stats.gov.cn/xxgk/sjfb/zxfb2020/202303/t20230316_1937306.html
2023-02,济宁,-0.1,-0.1,https://www.stats.gov.cn/xxgk/sjfb/zxfb2020/202303/t20230316_1937306.html
2023-02,海口,0.4,0.1,https://www.stats.gov.cn/xxgk/sjfb/zxfb2020/202303/t20230316_1937306.html
2023-02,深圳,0.2,0.5,https://www.stats.gov.cn/xxgk/sjfb/zxfb2020/202303/t20230316_1937306.html
2023-02,温州,0.3,0.6,https://www.stats.gov.cn/xxgk/sjfb/zxfb2020/202303/t20230316_1937306.html
2023-02,湛江,1.4,0.4,https://www.stats.gov.cn/xxgk/sjfb/zxfb2020/202303/t20230316_1937306.html
2023-02,烟台,0.5,0.4,https://www.stats.gov.cn/xxgk/sjfb/zxfb2020/202303/t20230316_1937306.html
2023-02,牡丹江,-0.2,-0.4,https://www.stats.gov.cn/xxgk/sjfb/zxfb2020/202303/t20230316_1937306.html
2023-02,石家庄,0.2,0.1,https://www.stats.gov.cn/xxgk/sjfb/zxfb2020/202303/t20230316_1937306.html
2023-02,福州,0.3,0.4,https://www.stats.gov.cn/xxgk/sjfb/zxfb2020/202303/t20230316_1937306.html
2023-02,秦皇岛,-0.2,-0.1,https://www.stats.gov.cn/xxgk/sjfb/zxfb2020/202303/t20230316_1937306.html
2023-02,蚌埠,0.3,0.2,https://www.stats.gov.cn/xxgk/sjfb/zxfb2020/202303/t20230316_1937306.html
2023-02,襄阳,0.2,-0.1,https://www.stats.gov.cn/xxgk/sjfb/zxfb2020/202303/t20230316_1937306.html
2023-02,西宁,0.3,0.1,https://www.stats.gov.cn/xxgk/sjfb/zxfb2020/202303/t20230316_1937306.html
2023-02,西安,0.0,0.8,https://www.stats.gov.cn/xxgk/sjfb/zxfb2020/202303/t20230316_1937306.html
2023-02,贵阳,-0.3,0.4,https://www.stats.gov.cn/xxgk/sjfb/zxfb2020/202303/t20230316_1937306.html
2023-02,赣州,-0.1,-0.3,https://www.stats.gov.cn/xxgk/sjfb/zxfb2020/202303/t20230316_1937306.html
2023-02,遵义,0.8,0.5,https://www.stats.gov.cn/xxgk/sjfb/zxfb2020/202303/t20230316_1937306.html
2023-02,郑州,0.6,0.3,https://www.stats.gov.cn/xxgk/sjfb/zxfb2020/202303/t20230316_1937306.html
2023-02,重庆,0.7,0.3,https://www.stats.gov.cn/xxgk/sjfb/zxfb2020/202303/t20230316_1937306.html
2023-02,金华,0.4,-0.1,https://www.stats.gov.cn/xxgk/sjfb/zxfb2020/202303/t20230316_1937306.html
2023-02,银川,0.5,0.4,https://www.stats.gov.cn/xxgk/sjfb/zxfb2020/202303/t20230316_1937306.html
2023-02,锦州,-0.2,-0.3,https://www.stats.gov.cn/xxgk/sjfb/zxfb2020/202303/t20230316_1937306.html
2023-02,长春,-0.3,-0.4,https://www.stats.gov.cn/xxgk/sjfb/zxfb2020/202303/t20230316_1937306.html
2023-02,长沙,0.0,0.1,https://www.stats.gov.cn/xxgk/sjfb/zxfb2020/202303/t20230316_1937306.html
2023-02,青岛,0.5,0.2,https://www.stats.gov.cn/xxgk/sjfb/zxfb2020/202303/t20230316_1937306.html
2023-02,韶关,0.2,-0.6,https://www.stats.gov.cn/xxgk/sjfb/zxfb2020/202303/t20230316_1937306.html
2023-03,三亚,0.7,0.5,https://www.stats.gov.cn/xxgk/sjfb/zxfb2020/202304/t20230415_1938662.html
2023-03,上海,0.4,0.7,https://www.stats.gov.cn/xxgk/sjfb/zxfb2020/202304/t20230415_1938662.html
2023-03,丹东,-0.5,-0.6,https://www.stats.gov.cn/xxgk/sjfb/zxfb2020/202304/t20230415_1938662.html
2023-03,乌鲁木齐,0.8,-0.3,https://www.stats.gov.cn/xxgk/sjfb/zxfb2020/202304/t20230415_1938662.html
2023-03,九江,0.4,0.3,https://www.stats.gov.cn/xxgk/sjfb/zxfb2020/202304/t20230415_1938662.html
2023-03,兰州,0.6,0.4,https://www.stats.gov.cn/xxgk/sjfb/zxfb2020/202304/t20230415_1938662.html
2023-03,包头,-0.1,-0.1,https://www.stats.gov.cn/xxgk/sjfb/zxfb2020/202304/t20230415_1938662.html
2023-03,北京,0.3,0.7,https://www.stats.gov.cn/xxgk/sjfb/zxfb2020/202304/t20230415_1938662.html
2023-03,北海,0.9,0.3,https://www.stats.gov.cn/xxgk/sjfb/zxfb2020/202304/t20230415_1938662.html
2023-03,南京,0.5,0.4,https://www.stats.gov.cn/xxgk/sjfb/zxfb2020/202304/t20230415_1938662.html
2023-03,南充,0.6,0.4,https://www.stats.gov.cn/xxgk/sjfb/zxfb2020/202304/t20230415_1938662.html
2023-03,南宁,0.9,0.4,https://www.stats.gov.cn/xxgk/sjfb/zxfb2020/202304/t20230415_1938662.html
2023-03,南昌,0.6,-0.1,https://www.stats.gov.cn/xxgk/sjfb/zxfb2020/202304/t20230415_1938662.html
2023-03,厦门,0.5,0.1,https://www.stats.gov.cn/xxgk/sjfb/zxfb2020/202304/t20230415_1938662.html
2023-03,合肥,0.3,0.2,https://www.stats.gov.cn/xxgk/sjfb/zxfb2020/202304/t20230415_1938662.html
2023-03,吉林,0.7,-0.3,https://www.stats.gov.cn/xxgk/sjfb/zxfb2020/202304/t20230415_1938662.html
2023-03,呼和浩特,0.5,-0.2,https://www.stats.gov.cn/xxgk/sjfb/zxfb2020/202304/t20230415_1938662.html
2023-03,哈尔滨,0.4,0.8,https://www.stats.gov.cn/xxgk/sjfb/zxfb2020/202304/t20230415_1938662.html
2023-03,唐山,0.3,-0.2,https://www.stats.gov.cn/xxgk/sjfb/zxfb2020/202304/t20230415_1938662.html
2023-03,大理,0.6,0.4,https://www.stats.gov.cn/xxgk/sjfb/zxfb2020/202304/t20230415_1938662.html
2023-03,大连,-0.4,0.3,https://www.stats.gov.cn/xxgk/sjfb/zxfb2020/202304/t20230415_1938662.html
2023-03,天津,0.8,0.1,https://www.stats.gov.cn/xxgk/sjfb/zxfb2020/202304/t20230415_1938662.html
2023-03,太原,0.1,0.2,https://www.stats.gov.cn/xxgk/sjfb/zxfb2020/202304/t20230415_1938662.html
2023-03,宁波,0.6,0.3,https://www.stats.gov.cn/xxgk/sjfb/zxfb2020/202304/t20230415_1938662.html
2023-03,安庆,0.6,0.2,https://www.stats.gov.cn/xxgk/sjfb/zxfb2020/202304/t20230415_1938662.html
2023-03,宜昌,0.2,-0.1,https://www.stats.gov.cn/xxgk/sjfb/zxfb2020/202304/t20230415_1938662.html
2023-03,岳阳,0.5,-0.5,https://www.stats.gov.cn/xxgk/sjfb/zxfb2020/202304/t20230415_1938662.html
2023-03,常德,0.5,0.1,https://www.stats.gov.cn/xxgk/sjfb/zxfb2020/202304/t20230415_1938662.html
2023-03,平顶山,0.4,0.1,https://www.stats.gov.cn/xxgk/sjfb/zxfb2020/202304/t20230415_1938662.html
2023-03,广州,0.2,0.2,https://www.stats.gov.cn/xxgk/sjfb/zxfb2020/202304/t20230415_1938662.html
2023-03,徐州,1.0,0.3,https://www.stats.gov.cn/xxgk/sjfb/zxfb2020/202304/t20230415_1938662.html
2023-03,惠州,0.2,0.1,https://www.stats.gov.cn/xxgk/sjfb/zxfb2020/202304/t20230415_1938662.html
2023-03,成都,0.7,0.8,https://www.stats.gov.cn/xxgk/sjfb/zxfb2020/202304/t20230415_1938662.html
2023-03,扬州,0.6,0.6,https://www.stats.gov.cn/xxgk/sjfb/zxfb2020/202304/t20230415_1938662.html
2023-03,无锡,0.3,0.7,https://www.stats.gov.cn/xxgk/sjfb/zxfb2020/202304/t20230415_1938662.html
2023-03,昆明,1.2,0.7,https://www.stats.gov.cn/xxgk/sjfb/zxfb2020/202304/t20230415_1938662.html
2023-03,杭州,0.2,0.6,https://www.stats.gov.cn/xxgk/sjfb/zxfb2020/202304/t20230415_1938662.html
2023-03,桂林,0.1,0.4,https://www.stats.gov.cn/xxgk/sjfb/zxfb2020/202304/t20230415_1938662.html
2023-03,武汉,1.3,0.5,https://www.stats.gov.cn/xxgk/sjfb/zxfb2020/202304/t20230415_1938662.html
2023-03,沈阳,0.5,0.3,https://www.stats.gov.cn/xxgk/sjfb/zxfb2020/202304/t20230415_1938662.html
2023-03,泉州,-0.6,-0.2,https://www.stats.gov.cn/xxgk/sjfb/zxfb2020/202304/t20230415_1938662.html
2023-03,泸州,0.5,0.1,https://www.stats.gov.cn/xxgk/sjfb/zxfb2020/202304/t20230415_1938662.html
2023-03,洛阳,0.5,0.1,https://www.stats.gov.cn/xxgk/sjfb/zxfb2020/202304/t20230415_1938662.html
2023-03,济南,0.7,0.4,https://www.stats.gov.cn/xxgk/sjfb/zxfb2020/202304/t20230415_1938662.html
2023-03,济宁,0.4,0.5,https://www.stats.gov.cn/xxgk/sjfb/zxfb2020/202304/t20230415_1938662.html
2023-03,海口,0.5,0.3,https://www.stats.gov.cn/xxgk/sjfb/zxfb2020/202304/t20230415_1938662.html
2023-03,深圳,0.4,0.3,https://www.stats.gov.cn/xxgk/sjfb/zxfb2020/202304/t20230415_1938662.html
2023-03,温州,0.1,0.4,https://www.stats.gov.cn/xxgk/sjfb/zxfb2020/202304/t20230415_1938662.html
2023-03,湛江,0.8,0.4,https://www.stats.gov.cn/xxgk/sjfb/zxfb2020/202304/t20230415_1938662.html
2023-03,烟台,0.5,0.2,https://www.stats.gov.cn/xxgk/sjfb/zxfb2020/202304/t20230415_1938662.html
2023-03,牡丹江,-0.7,-0.2,https://www.stats.gov.cn/xxgk/sjfb/zxfb2020/202304/t20230415_1938662.html
2023-03,石家庄,0.7,0.3,https://www.stats.gov.cn/xxgk/sjfb/zxfb2020/202304/t20230415_1938662.html
2023-03,福州,0.4,0.2,https://www.stats.gov.cn/xxgk/sjfb/zxfb2020/202304/t20230415_1938662.html
2023-03,秦皇岛,0.2,0.2,https://www.stats.gov.cn/xxgk/sjfb/zxfb2020/202304/t20230415_1938662.html
2023-03,蚌埠,0.3,0.1,https://www.stats.gov.cn/xxgk/sjfb/zxfb2020/202304/t20230415_1938662.html
2023-03,襄阳,0.4,0.1,https://www.stats.gov.cn/xxgk/sjfb/zxfb2020/202304/t20230415_1938662.html
2023-03,西宁,0.2,0.3,https://www.stats.gov.cn/xxgk/sjfb/zxfb2020/202304/t20230415_1938662.html
2023-03,西安,0.4,0.8,https://www.stats.gov.cn/xxgk/sjfb/zxfb2020/202304/t20230415_1938662.html
2023-03,贵阳,0.7,0.5,https://www.stats.gov.cn/xxgk/sjfb/zxfb2020/202304/t20230415_1938662.html
2023-03,赣州,0.0,0.4,https://www.stats.gov.cn/xxgk/sjfb/zxfb2020/202304/t20230415_1938662.html
2023-03,遵义,0.9,0.9,https://www.stats.gov.cn/xxgk/sjfb/zxfb2020/202304/t20230415_1938662.html
2023-03,郑州,0.9,0.4,https://www.stats.gov.cn/xxgk/sjfb/zxfb2020/202304/t20230415_1938662.html
2023-03,重庆,0.9,0.3,https://www.stats.gov.cn/xxgk/sjfb/zxfb2020/202304/t20230415_1938662.html
2023-03,金华,0.2,0.4,https://www.stats.gov.cn/xxgk/sjfb/zxfb2020/202304/t20230415_1938662.html
2023-03,银川,0.6,0.5,https://www.stats.gov.cn/xxgk/sjfb/zxfb2020/202304/t20230415_1938662.html
2023-03,锦州,0.2,-0.1,https://www.stats.gov.cn/xxgk/sjfb/zxfb2020/202304/t20230415_1938662.html
2023-03,长春,0.3,-0.1,https://www.stats.gov.cn/xxgk/sjfb/zxfb2020/202304/t20230415_1938662.html
2023-03,长沙,0.6,0.4,https://www.stats.gov.cn/xxgk/sjfb/zxfb2020/202304/t20230415_1938662.html
2023-03,青岛,0.5,0.2,https://www.stats.gov.cn/xxgk/sjfb/zxfb2020/202304/t20230415_1938662.html
2023-03,韶关,0.6,0.5,https://www.stats.gov.cn/xxgk/sjfb/zxfb2020/202304/t20230415_1938662.html
2023-04,三亚,0.1,0.1,https://www.stats.gov.cn/xxgk/sjfb/zxfb2020/202305/t20230517_1939610.html
2023-04,上海,0.4,-0.2,https://www.stats.gov.cn/xxgk/sjfb/zxfb2020/202305/t20230517_1939610.html
2023-04,丹东,0.3,0.2,https://www.stats.gov.cn/xxgk/sjfb/zxfb2020/202305/t20230517_1939610.html
2023-04,乌鲁木齐,0.1,-0.2,https://www.stats.gov.cn/xxgk/sjfb/zxfb2020/202305/t20230517_1939610.html
2023-04,九江,0.4,0.3,https://www.stats.gov.cn/xxgk/sjfb/zxfb2020/202305/t20230517_1939610.html
2023-04,兰州,0.4,-0.2,https://www.stats.gov.cn/xxgk/sjfb/zxfb2020/202305/t20230517_1939610.html
2023-04,包头,0.4,0.2,https://www.stats.gov.cn/xxgk/sjfb/zxfb2020/202305/t20230517_1939610.html
2023-04,北京,0.6,0.1,https://www.stats.gov.cn/xxgk/sjfb/zxfb2020/202305/t20230517_1939610.html
2023-04,北海,0.4,0.2,https://www.stats.gov.cn/xxgk/sjfb/zxfb2020/202305/t20230517_1939610.html
2023-04,南京,0.5,-0.1,https://www.stats.gov.cn/xxgk/sjfb/zxfb2020/202305/t20230517_1939610.html
2023-04,南充,0.3,0.2,https://www.stats.gov.cn/xxgk/sjfb/zxfb2020/202305/t20230517_1939610.html
2023-04,南宁,0.3,0.2,https://www.stats.gov.cn/xxgk/sjfb/zxfb2020/202305/t20230517_1939610.html
2023-04,南昌,0.5,-0.3,https://www.stats.gov.cn/xxgk/sjfb/zxfb2020/202305/t20230517_1939610.html
2023-04,厦门,0.1,-0.5,https://www.stats.gov.cn/xxgk/sjfb/zxfb2020/202305/t20230517_1939610.html
2023-04,合肥,0.1,-0.1,https://www.stats.gov.cn/xxgk/sjfb/zxfb2020/202305/t20230517_1939610.html
2023-04,吉林,0.1,-0.3,https://www.stats.gov.cn/xxgk/sjfb/zxfb2020/202305/t20230517_1939610.html
2023-04,呼和浩特,0.3,-0.1,https://www.stats.gov.cn/xxgk/sjfb/zxfb2020/202305/t20230517_1939610.html
2023-04,哈尔滨,0.7,0.4,https://www.stats.gov.cn/xxgk/sjfb/zxfb2020/202305/t20230517_1939610.html
2023-04,唐山,0.7,0.5,https://www.stats.gov.cn/xxgk/sjfb/zxfb2020/202305/t20230517_1939610.html
2023-04,大理,-0.5,-0.6,https://www.stats.gov.cn/xxgk/sjfb/zxfb2020/202305/t20230517_1939610.html
2023-04,大连,-0.4,-0.5,https://www.stats.gov.cn/xxgk/sjfb/zxfb2020/202305/t20230517_1939610.html
2023-04,天津,0.6,-0.2,https://www.stats.gov.cn/xxgk/sjfb/zxfb2020/202305/t20230517_1939610.html
2023-04,太原,0.3,-0.4,https://www.stats.gov.cn/xxgk/sjfb/zxfb2020/202305/t20230517_1939610.html
2023-04,宁波,0.2,0.1,https://www.stats.gov.cn/xxgk/sjfb/zxfb2020/202305/t20230517_1939610.html
2023-04,安庆,0.2,-0.1,https://www.stats.gov.cn/xxgk/sjfb/zxfb2020/202305/t20230517_1939610.html
2023-04,宜昌,-0.1,-0.3,https://www.stats.gov.cn/xxgk/sjfb/zxfb2020/202305/t20230517_1939610.html
2023-04,岳阳,0.2,0.5,https://www.stats.gov.cn/xxgk/sjfb/zxfb2020/202305/t20230517_1939610.html
2023-04,常德,0.2,0.3,https://www.stats.gov.cn/xxgk/sjfb/zxfb2020/202305/t20230517_1939610.html
2023-04,平顶山,0.1,0.1,https://www.stats.gov.cn/xxgk/sjfb/zxfb2020/202305/t20230517_1939610.html
2023-04,广州,0.2,0.3,https://www.stats.gov.cn/xxgk/sjfb/zxfb2020/202305/t20230517_1939610.html
2023-04,徐州,0.6,-0.4,https://www.stats.gov.cn/xxgk/sjfb/zxfb2020/202305/t20230517_1939610.html
2023-04,惠州,0.7,0.4,https://www.stats.gov.cn/xxgk/sjfb/zxfb2020/202305/t20230517_1939610.html
2023-04,成都,0.9,0.7,https://www.stats.gov.cn/xxgk/sjfb/zxfb2020/202305/t20230517_1939610.html
2023-04,扬州,0.0,-0.1,https://www.stats.gov.cn/xxgk/sjfb/zxfb2020/202305/t20230517_1939610.html
2023-04,无锡,0.4,-0.2,https://www.stats.gov.cn/xxgk/sjfb/zxfb2020/202305/t20230517_1939610.html
2023-04,昆明,0.1,0.4,https://www.stats.gov.cn/xxgk/sjfb/zxfb2020/202305/t20230517_1939610.html
2023-04,杭州,0.1,0.3,https://www.stats.gov.cn/xxgk/sjfb/zxfb2020/202305/t20230517_1939610.html
2023-04,桂林,0.5,-0.4,https://www.stats.gov.cn/xxgk/sjfb/zxfb2020/202305/t20230517_1939610.html
2023-04,武汉,0.7,0.4,https://www.stats.gov.cn/xxgk/sjfb/zxfb2020/202305/t20230517_1939610.html
2023-04,沈阳,0.2,-0.4,https://www.stats.gov.cn/xxgk/sjfb/zxfb2020/202305/t20230517_1939610.html
2023-04,泉州,-0.2,-0.5,https://www.stats.gov.cn/xxgk/sjfb/zxfb2020/202305/t20230517_1939610.html
2023-04,泸州,0.4,0.1,https://www.stats.gov.cn/xxgk/sjfb/zxfb2020/202305/t20230517_1939610.html
2023-04,洛阳,0.6,-0.1,https://www.stats.gov.cn/xxgk/sjfb/zxfb2020/202305/t20230517_1939610.html
2023-04,济南,0.6,0.2,https://www.stats.gov.cn/xxgk/sjfb/zxfb2020/202305/t20230517_1939610.html
2023-04,济宁,0.3,0.3,https://www.stats.gov.cn/xxgk/sjfb/zxfb2020/202305/t20230517_1939610.html
2023-04,海口,0.7,-0.5,https://www.stats.gov.cn/xxgk/sjfb/zxfb2020/202305/t20230517_1939610.html
2023-04,深圳,0.3,0.5,https://www.stats.gov.cn/xxgk/sjfb/zxfb2020/202305/t20230517_1939610.html
2023-04,温州,0.2,-0.4,https://www.stats.gov.cn/xxgk/sjfb/zxfb2020/202305/t20230517_1939610.html
2023-04,湛江,0.6,0.3,https://www.stats.gov.cn/xxgk/sjfb/zxfb2020/202305/t20230517_1939610.html
2023-04,烟台,-0.1,-0.5,https://www.stats.gov.cn/xxgk/sjfb/zxfb2020/202305/t20230517_1939610.html
2023-04,牡丹江,0.2,0.1,https://www.stats.gov.cn/xxgk/sjfb/zxfb2020/202305/t20230517_1939610.html
2023-04,石家庄,0.7,-0.2,https://www.stats.gov.cn/xxgk/sjfb/zxfb2020/202305/t20230517_1939610.html
2023-04,福州,0.2,-0.2,https://www.stats.gov.cn/xxgk/sjfb/zxfb2020/202305/t20230517_1939610.html
2023-04,秦皇岛,-0.4,-0.2,https://www.stats.gov.cn/xxgk/sjfb/zxfb2020/202305/t20230517_1939610.html
2023-04,蚌埠,0.4,-0.1,https://www.stats.gov.cn/xxgk/sjfb/zxfb2020/202305/t20230517_1939610.html
2023-04,襄阳,0.3,0.2,https://www.stats.gov.cn/xxgk/sjfb/zxfb2020/202305/t20230517_1939610.html
2023-04,西宁,0.3,0.1,https://www.stats.gov.cn/xxgk/sjfb/zxfb2020/202305/t20230517_1939610.html
2023-04,西安,0.6,0.3,https://www.stats.gov.cn/xxgk/sjfb/zxfb2020/202305/t20230517_1939610.html
2023-04,贵阳,0.2,0.3,https://www.stats.gov.cn/xxgk/sjfb/zxfb2020/202305/t20230517_1939610.html
2023-04,赣州,0.3,0.3,https://www.stats.gov.cn/xxgk/sjfb/zxfb2020/202305/t20230517_1939610.html
2023-04,遵义,0.5,-0.3,https://www.stats.gov.cn/xxgk/sjfb/zxfb2020/202305/t20230517_1939610.html
2023-04,郑州,0.5,-0.3,https://www.stats.gov.cn/xxgk/sjfb/zxfb2020/202305/t20230517_1939610.html
2023-04,重庆,0.7,0.4,https://www.stats.gov.cn/xxgk/sjfb/zxfb2020/202305/t20230517_1939610.html
2023-04,金华,-0.4,-0.2,https://www.stats.gov.cn/xxgk/sjfb/zxfb2020/202305/t20230517_1939610.html
2023-04,银川,1.0,0.2,https://www.stats.gov.cn/xxgk/sjfb/zxfb2020/202305/t20230517_1939610.html
2023-04,锦州,0.4,0.1,https://www.stats.gov.cn/xxgk/sjfb/zxfb2020/202305/t20230517_1939610.html
2023-04,长春,0.4,-0.2,https://www.stats.gov.cn/xxgk/sjfb/zxfb2020/202305/t20230517_1939610.html
2023-04,长沙,0.5,0.3,https://www.stats.gov.cn/xxgk/sjfb/zxfb2020/202305/t20230517_1939610.html
2023-04,青岛,0.2,-0.3,https://www.stats.gov.cn/xxgk/sjfb/zxfb2020/202305/t20230517_1939610.html
2023-04,韶关,0.4,0.6,https://www.stats.gov.cn/xxgk/sjfb/zxfb2020/202305/t20230517_1939610.html
2023-05,三亚,0.6,0.4,https://www.stats.gov.cn/xxgk/sjfb/zxfb2020/202306/t20230615_1940635.html
2023-05,上海,0.3,-0.8,https://www.stats.gov.cn/xxgk/sjfb/zxfb2020/202306/t20230615_1940635.html
2023-05,丹东,-0.4,-0.2,https://www.stats.gov.cn/xxgk/sjfb/zxfb2020/202306/t20230615_1940635.html
2023-05,乌鲁木齐,0.3,-0.2,https://www.stats.gov.cn/xxgk/sjfb/zxfb2020/202306/t20230615_1940635.html
2023-05,九江,0.1,-0.2,https://www.stats.gov.cn/xxgk/sjfb/zxfb2020/202306/t20230615_1940635.html
2023-05,兰州,0.5,-0.6,https://www.stats.gov.cn/xxgk/sjfb/zxfb2020/202306/t20230615_1940635.html
2023-05,包头,-0.2,-0.1,https://www.stats.gov.cn/xxgk/sjfb/zxfb2020/202306/t20230615_1940635.html
2023-05,北京,0.2,-0.6,https://www.stats.gov.cn/xxgk/sjfb/zxfb2020/202306/t20230615_1940635.html
2023-05,北海,0.5,0.3,https://www.stats.gov.cn/xxgk/sjfb/zxfb2020/202306/t20230615_1940635.html
2023-05,南京,-0.3,-0.6,https://www.stats.gov.cn/xxgk/sjfb/zxfb2020/202306/t20230615_1940635.html
2023-05,南充,-0.6,0.4,https://www.stats.gov.cn/xxgk/sjfb/zxfb2020/202306/t20230615_1940635.html
2023-05,南宁,0.4,-0.3,https://www.stats.gov.cn/xxgk/sjfb/zxfb2020/202306/t20230615_1940635.html
2023-05,南昌,0.4,-0.3,https://www.stats.gov.cn/xxgk/sjfb/zxfb2020/202306/t20230615_1940635.html
2023-05,厦门,-0.2,-0.7,https://www.stats.gov.cn/xxgk/sjfb/zxfb2020/202306/t20230615_1940635.html
2023-05,合肥,0.2,-0.4,https://www.stats.gov.cn/xxgk/sjfb/zxfb2020/202306/t20230615_1940635.html
2023-05,吉林,0.6,-0.5,https://www.stats.gov.cn/xxgk/sjfb/zxfb2020/202306/t20230615_1940635.html
2023-05,呼和浩特,0.1,-0.5,https://www.stats.gov.cn/xxgk/sjfb/zxfb2020/202306/t20230615_1940635.html
2023-05,哈尔滨,0.3,-0.4,https://www.stats.gov.cn/xxgk/sjfb/zxfb2020/202306/t20230615_1940635.html
2023-05,唐山,-0.1,-0.4,https://www.stats.gov.cn/xxgk/sjfb/zxfb2020/202306/t20230615_1940635.html
2023-05,大理,-0.8,-0.1,https://www.stats.gov.cn/xxgk/sjfb/zxfb2020/202306/t20230615_1940635.html
2023-05,大连,-0.3,-0.5,https://www.stats.gov.cn/xxgk/sjfb/zxfb2020/202306/t20230615_1940635.html
2023-05,天津,0.2,0.3,https://www.stats.gov.cn/xxgk/sjfb/zxfb2020/202306/t20230615_1940635.html
2023-05,太原,0.7,0.3,https://www.stats.gov.cn/xxgk/sjfb/zxfb2020/202306/t20230615_1940635.html
2023-05,宁波,0.4,-0.3,https://www.stats.gov.cn/xxgk/sjfb/zxfb2020/202306/t20230615_1940635.html
2023-05,安庆,0.2,-0.6,https://www.stats.gov.cn/xxgk/sjfb/zxfb2020/202306/t20230615_1940635.html
2023-05,宜昌,-0.7,-0.6,https://www.stats.gov.cn/xxgk/sjfb/zxfb2020/202306/t20230615_1940635.html
2023-05,岳阳,-0.2,-0.5,https://www.stats.gov.cn/xxgk/sjfb/zxfb2020/202306/t20230615_1940635.html
2023-05,常德,-0.2,0.1,https://www.stats.gov.cn/xxgk/sjfb/zxfb2020/202306/t20230615_1940635.html
2023-05,平顶山,0.2,-0.2,https://www.stats.gov.cn/xxgk/sjfb/zxfb2020/202306/t20230615_1940635.html
2023-05,广州,0.1,-0.2,https://www.stats.gov.cn/xxgk/sjfb/zxfb2020/202306/t20230615_1940635.html
2023-05,徐州,0.1,-0.6,https://www.stats.gov.cn/xxgk/sjfb/zxfb2020/202306/t20230615_1940635.html
2023-05,惠州,-0.4,-0.5,https://www.stats.gov.cn/xxgk/sjfb/zxfb2020/202306/t20230615_1940635.html
2023-05,成都,0.5,0.3,https://www.stats.gov.cn/xxgk/sjfb/zxfb2020/202306/t20230615_1940635.html
2023-05,扬州,0.3,-0.3,https://www.stats.gov.cn/xxgk/sjfb/zxfb2020/202306/t20230615_1940635.html
2023-05,无锡,-0.2,-0.4,https://www.stats.gov.cn/xxgk/sjfb/zxfb2020/202306/t20230615_1940635.html
2023-05,昆明,-0.4,0.5,https://www.stats.gov.cn/xxgk/sjfb/zxfb2020/202306/t20230615_1940635.html
2023-05,杭州,0.2,-0.5,https://www.stats.gov.cn/xxgk/sjfb/zxfb2020/202306/t20230615_1940635.html
2023-05,桂林,-0.4,0.4,https://www.stats.gov.cn/xxgk/sjfb/zxfb2020/202306/t20230615_1940635.html
2023-05,武汉,0.2,-0.5,https://www.stats.gov.cn/xxgk/sjfb/zxfb2020/202306/t20230615_1940635.html
2023-05,沈阳,0.3,-0.6,https://www.stats.gov.cn/xxgk/sjfb/zxfb2020/202306/t20230615_1940635.html
2023-05,泉州,0.3,-0.1,https://www.stats.gov.cn/xxgk/sjfb/zxfb2020/202306/t20230615_1940635.html
2023-05,泸州,0.5,0.2,https://www.stats.gov.cn/xxgk/sjfb/zxfb2020/202306/t20230615_1940635.html
2023-05,洛阳,0.1,-0.5,https://www.stats.gov.cn/xxgk/sjfb/zxfb2020/202306/t20230615_1940635.html
2023-05,济南,0.7,-0.2,https://www.stats.gov.cn/xxgk/sjfb/zxfb2020/202306/t20230615_1940635.html
2023-05,济宁,-0.5,-0.7,https://www.stats.gov.cn/xxgk/sjfb/zxfb2020/202306/t20230615_1940635.html
2023-05,海口,0.4,-0.1,https://www.stats.gov.cn/xxgk/sjfb/zxfb2020/202306/t20230615_1940635.html
2023-05,深圳,-0.2,-0.1,https://www.stats.gov.cn/xxgk/sjfb/zxfb2020/202306/t20230615_1940635.html
2023-05,温州,-0.2,-0.6,https://www.stats.gov.cn/xxgk/sjfb/zxfb2020/202306/t20230615_1940635.html
2023-05,湛江,0.8,0.2,https://www.stats.gov.cn/xxgk/sjfb/zxfb2020/202306/t20230615_1940635.html
2023-05,烟台,0.1,-0.3,https://www.stats.gov.cn/xxgk/sjfb/zxfb2020/202306/t20230615_1940635.html
2023-05,牡丹江,0.1,-0.3,https://www.stats.gov.cn/xxgk/sjfb/zxfb2020/202306/t20230615_1940635.html
2023-05,石家庄,0.5,-0.2,https://www.stats.gov.cn/xxgk/sjfb/zxfb2020/202306/t20230615_1940635.html
2023-05,福州,0.1,-0.4,https://www.stats.gov.cn/xxgk/sjfb/zxfb2020/202306/t20230615_1940635.html
2023-05,秦皇岛,0.1,-0.1,https://www.stats.gov.cn/xxgk/sjfb/zxfb2020/202306/t20230615_1940635.html
2023-05,蚌埠,0.2,-0.2,https://www.stats.gov.cn/xxgk/sjfb/zxfb2020/202306/t20230615_1940635.html
2023-05,襄阳,0.2,-0.2,https://www.stats.gov.cn/xxgk/sjfb/zxfb2020/202306/t20230615_1940635.html
2023-05,西宁,0.2,0.1,https://www.stats.gov.cn/xxgk/sjfb/zxfb2020/202306/t20230615_1940635.html
2023-05,西安,0.4,-0.4,https://www.stats.gov.cn/xxgk/sjfb/zxfb2020/202306/t20230615_1940635.html
2023-05,贵阳,0.4,-0.3,https://www.stats.gov.cn/xxgk/sjfb/zxfb2020/202306/t20230615_1940635.html
2023-05,赣州,-0.2,0.1,https://www.stats.gov.cn/xxgk/sjfb/zxfb2020/202306/t20230615_1940635.html
2023-05,遵义,-0.5,-0.4,https://www.stats.gov.cn/xxgk/sjfb/zxfb2020/202306/t20230615_1940635.html
2023-05,郑州,-0.2,-0.4,https://www.stats.gov.cn/xxgk/sjfb/zxfb2020/202306/t20230615_1940635.html
2023-05,重庆,-0.1,-0.5,https://www.stats.gov.cn/xxgk/sjfb/zxfb2020/202306/t20230615_1940635.html
2023-05,金华,-0.3,-0.4,https://www.stats.gov.cn/xxgk/sjfb/zxfb2020/202306/t20230615_1940635.html
2023-05,银川,0.2,-0.1,https://www.stats.gov.cn/xxgk/sjfb/zxfb2020/202306/t20230615_1940635.html
2023-05,锦州,0.1,-0.3,https://www.stats.gov.cn/xxgk/sjfb/zxfb2020/202306/t20230615_1940635.html
2023-05,长春,-0.2,-0.5,https://www.stats.gov.cn/xxgk/sjfb/zxfb2020/202306/t20230615_1940635.html
2023-05,长沙,0.4,0.2,https://www.stats.gov.cn/xxgk/sjfb/zxfb2020/202306/t20230615_1940635.html
2023-05,青岛,0.3,-0.2,https://www.stats.gov.cn/xxgk/sjfb/zxfb2020/202306/t20230615_1940635.html
2023-05,韶关,0.7,0.5,https://www.stats.gov.cn/xxgk/sjfb/zxfb2020/202306/t20230615_1940635.html
2023-06,三亚,0.3,0.2,https://www.stats.gov.cn/xxgk/sjfb/zxfb2020/202307/t20230715_1941249.html
2023-06,上海,0.4,-1.2,https://www.stats.gov.cn/xxgk/sjfb/zxfb2020/202307/t20230715_1941249.html
2023-06,丹东,0.1,-0.6,https://www.stats.gov.cn/xxgk/sjfb/zxfb2020/202307/t20230715_1941249.html
2023-06,乌鲁木齐,-0.4,-0.5,https://www.stats.gov.cn/xxgk/sjfb/zxfb2020/202307/t20230715_1941249.html
2023-06,九江,-0.2,-0.2,https://www.stats.gov.cn/xxgk/sjfb/zxfb2020/202307/t20230715_1941249.html
2023-06,兰州,0.2,0.1,https://www.stats.gov.cn/xxgk/sjfb/zxfb2020/202307/t20230715_1941249.html
2023-06,包头,-0.4,-0.3,https://www.stats.gov.cn/xxgk/sjfb/zxfb2020/202307/t20230715_1941249.html
2023-06,北京,0.1,-0.7,https://www.stats.gov.cn/xxgk/sjfb/zxfb2020/202307/t20230715_1941249.html
2023-06,北海,0.2,-0.6,https://www.stats.gov.cn/xxgk/sjfb/zxfb2020/202307/t20230715_1941249.html
2023-06,南京,-0.2,-1.1,https://www.stats.gov.cn/xxgk/sjfb/zxfb2020/202307/t20230715_1941249.html
2023-06,南充,-0.1,0.1,https://www.stats.gov.cn/xxgk/sjfb/zxfb2020/202307/t20230715_1941249.html
2023-06,南宁,-0.3,-0.7,https://www.stats.gov.cn/xxgk/sjfb/zxfb2020/202307/t20230715_1941249.html
2023-06,南昌,0.1,-0.2,https://www.stats.gov.cn/xxgk/sjfb/zxfb2020/202307/t20230715_1941249.html
2023-06,厦门,-0.3,-0.7,https://www.stats.gov.cn/xxgk/sjfb/zxfb2020/202307/t20230715_1941249.html
2023-06,合肥,-0.1,-0.4,https://www.stats.gov.cn/xxgk/sjfb/zxfb2020/202307/t20230715_1941249.html
2023-06,吉林,0.2,-0.7,https://www.stats.gov.cn/xxgk/sjfb/zxfb2020/202307/t20230715_1941249.html
2023-06,呼和浩特,0.2,-0.2,https://www.stats.gov.cn/xxgk/sjfb/zxfb2020/202307/t20230715_1941249.html
2023-06,哈尔滨,0.3,-0.5,https://www.stats.gov.cn/xxgk/sjfb/zxfb2020/202307/t20230715_1941249.html
2023-06,唐山,-0.1,-1.1,https://www.stats.gov.cn/xxgk/sjfb/zxfb2020/202307/t20230715_1941249.html
2023-06,大理,-0.8,-0.6,https://www.stats.gov.cn/xxgk/sjfb/zxfb2020/202307/t20230715_1941249.html
2023-06,大连,0.2,-0.6,https://www.stats.gov.cn/xxgk/sjfb/zxfb2020/202307/t20230715_1941249.html
2023-06,天津,0.3,-0.2,https://www.stats.gov.cn/xxgk/sjfb/zxfb2020/202307/t20230715_1941249.html
2023-06,太原,-0.2,-0.5,https://www.stats.gov.cn/xxgk/sjfb/zxfb2020/202307/t20230715_1941249.html
2023-06,宁波,0.3,-0.7,https://www.stats.gov.cn/xxgk/sjfb/zxfb2020/202307/t20230715_1941249.html
2023-06,安庆,-0.2,-0.4,https://www.stats.gov.cn/xxgk/sjfb/zxfb2020/202307/t20230715_1941249.html
2023-06,宜昌,-0.2,-0.8,https://www.stats.gov.cn/xxgk/sjfb/zxfb2020/202307/t20230715_1941249.html
2023-06,岳阳,-0.2,-0.2,https://www.stats.gov.cn/xxgk/sjfb/zxfb2020/202307/t20230715_1941249.html
2023-06,常德,-0.4,-0.4,https://www.stats.gov.cn/xxgk/sjfb/zxfb2020/202307/t20230715_1941249.html
2023-06,平顶山,-0.3,-0.5,https://www.stats.gov.cn/xxgk/sjfb/zxfb2020/202307/t20230715_1941249.html
2023-06,广州,-0.1,-0.3,https://www.stats.gov.cn/xxgk/sjfb/zxfb2020/202307/t20230715_1941249.html
2023-06,徐州,-0.1,-0.9,https://www.stats.gov.cn/xxgk/sjfb/zxfb2020/202307/t20230715_1941249.html
2023-06,惠州,-1.1,-0.8,https://www.stats.gov.cn/xxgk/sjfb/zxfb2020/202307/t20230715_1941249.html
2023-06,成都,0.2,0.2,https://www.stats.gov.cn/xxgk/sjfb/zxfb2020/202307/t20230715_1941249.html
2023-06,扬州,0.1,-0.4,https://www.stats.gov.cn/xxgk/sjfb/zxfb2020/202307/t20230715_1941249.html
2023-06,无锡,-0.4,-0.7,https://www.stats.gov.cn/xxgk/sjfb/zxfb2020/202307/t20230715_1941249.html
2023-06,昆明,-0.5,-0.7,https://www.stats.gov.cn/xxgk/sjfb/zxfb2020/202307/t20230715_1941249.html
2023-06,杭州,0.4,-0.6,https://www.stats.gov.cn/xxgk/sjfb/zxfb2020/202307/t20230715_1941249.html
2023-06,桂林,-0.5,-0.6,https://www.stats.gov.cn/xxgk/sjfb/zxfb2020/202307/t20230715_1941249.html
2023-06,武汉,0.0,-0.6,https://www.stats.gov.cn/xxgk/sjfb/zxfb2020/202307/t20230715_1941249.html
2023-06,沈阳,-0.3,-0.5,https://www.stats.gov.cn/xxgk/sjfb/zxfb2020/202307/t20230715_1941249.html
2023-06,泉州,-0.4,-0.6,https://www.stats.gov.cn/xxgk/sjfb/zxfb2020/202307/t20230715_1941249.html
2023-06,泸州,-0.5,-0.3,https://www.stats.gov.cn/xxgk/sjfb/zxfb2020/202307/t20230715_1941249.html
2023-06,洛阳,-0.2,-0.4,https://www.stats.gov.cn/xxgk/sjfb/zxfb2020/202307/t20230715_1941249.html
2023-06,济南,0.2,-0.3,https://www.stats.gov.cn/xxgk/sjfb/zxfb2020/202307/t20230715_1941249.html
2023-06,济宁,0.1,-0.3,https://www.stats.gov.cn/xxgk/sjfb/zxfb2020/202307/t20230715_1941249.html
2023-06,海口,0.4,-0.4,https://www.stats.gov.cn/xxgk/sjfb/zxfb2020/202307/t20230715_1941249.html
2023-06,深圳,-0.3,-0.7,https://www.stats.gov.cn/xxgk/sjfb/zxfb2020/202307/t20230715_1941249.html
2023-06,温州,0.3,-0.2,https://www.stats.gov.cn/xxgk/sjfb/zxfb2020/202307/t20230715_1941249.html
2023-06,湛江,0.2,-0.3,https://www.stats.gov.cn/xxgk/sjfb/zxfb2020/202307/t20230715_1941249.html
2023-06,烟台,0.1,-0.3,https://www.stats.gov.cn/xxgk/sjfb/zxfb2020/202307/t20230715_1941249.html
2023-06,牡丹江,0.3,-0.6,https://www.stats.gov.cn/xxgk/sjfb/zxfb2020/202307/t20230715_1941249.html
2023-06,石家庄,-0.1,-0.3,https://www.stats.gov.cn/xxgk/sjfb/zxfb2020/202307/t20230715_1941249.html
2023-06,福州,-0.2,-0.6,https://www.stats.gov.cn/xxgk/sjfb/zxfb2020/202307/t20230715_1941249.html
2023-06,秦皇岛,-0.4,-0.5,https://www.stats.gov.cn/xxgk/sjfb/zxfb2020/202307/t20230715_1941249.html
2023-06,蚌埠,-0.3,-0.4,https://www.stats.gov.cn/xxgk/sjfb/zxfb2020/202307/t20230715_1941249.html
2023-06,襄阳,0.4,-0.2,https://www.stats.gov.cn/xxgk/sjfb/zxfb2020/202307/t20230715_1941249.html
2023-06,西宁,0.1,0.2,https://www.stats.gov.cn/xxgk/sjfb/zxfb2020/202307/t20230715_1941249.html
2023-06,西安,0.3,-0.4,https://www.stats.gov.cn/xxgk/sjfb/zxfb2020/202307/t20230715_1941249.html
2023-06,贵阳,-0.2,-0.4,https://www.stats.gov.cn/xxgk/sjfb/zxfb2020/202307/t20230715_1941249.html
2023-06,赣州,-0.4,0.3,https://www.stats.gov.cn/xxgk/sjfb/zxfb2020/202307/t20230715_1941249.html
2023-06,遵义,-0.1,-0.5,https://www.stats.gov.cn/xxgk/sjfb/zxfb2020/202307/t20230715_1941249.html
2023-06,郑州,-0.3,-0.8,https://www.stats.gov.cn/xxgk/sjfb/zxfb2020/202307/t20230715_1941249.html
2023-06,重庆,-0.2,-0.5,https://www.stats.gov.cn/xxgk/sjfb/zxfb2020/202307/t20230715_1941249.html
2023-06,金华,-0.2,-0.4,https://www.stats.gov.cn/xxgk/sjfb/zxfb2020/202307/t20230715_1941249.html
2023-06,银川,0.4,-0.4,https://www.stats.gov.cn/xxgk/sjfb/zxfb2020/202307/t20230715_1941249.html
2023-06,锦州,0.2,-0.5,https://www.stats.gov.cn/xxgk/sjfb/zxfb2020/202307/t20230715_1941249.html
2023-06,长春,0.5,-0.4,https://www.stats.gov.cn/xxgk/sjfb/zxfb2020/202307/t20230715_1941249.html
2023-06,长沙,0.2,0.1,https://www.stats.gov.cn/xxgk/sjfb/zxfb2020/202307/t20230715_1941249.html
2023-06,青岛,0.1,-0.3,https://www.stats.gov.cn/xxgk/sjfb/zxfb2020/202307/t20230715_1941249.html
2023-06,韶关,-0.3,-0.4,https://www.stats.gov.cn/xxgk/sjfb/zxfb2020/202307/t20230715_1941249.html
2023-07,三亚,0.2,-0.5,https://www.stats.gov.cn/sj/zxfb/202308/t20230816_1942026.html
2023-07,上海,0.2,-0.7,https://www.stats.gov.cn/sj/zxfb/202308/t20230816_1942026.html
2023-07,丹东,0.2,-0.4,https://www.stats.gov.cn/sj/zxfb/202308/t20230816_1942026.html
2023-07,乌鲁木齐,-0.2,-0.6,https://www.stats.gov.cn/sj/zxfb/202308/t20230816_1942026.html
2023-07,九江,-0.1,-0.6,https://www.stats.gov.cn/sj/zxfb/202308/t20230816_1942026.html
2023-07,兰州,0.1,-0.5,https://www.stats.gov.cn/sj/zxfb/202308/t20230816_1942026.html
2023-07,包头,-0.6,-0.7,https://www.stats.gov.cn/sj/zxfb/202308/t20230816_1942026.html
2023-07,北京,0.4,-0.6,https://www.stats.gov.cn/sj/zxfb/202308/t20230816_1942026.html
2023-07,北海,0.3,0.4,https://www.stats.gov.cn/sj/zxfb/202308/t20230816_1942026.html
2023-07,南京,-0.1,-0.9,https://www.stats.gov.cn/sj/zxfb/202308/t20230816_1942026.html
2023-07,南充,-0.2,-0.4,https://www.stats.gov.cn/sj/zxfb/202308/t20230816_1942026.html
2023-07,南宁,-0.7,-0.5,https://www.stats.gov.cn/sj/zxfb/202308/t20230816_1942026.html
2023-07,南昌,-0.3,-0.2,https://www.stats.gov.cn/sj/zxfb/202308/t20230816_1942026.html
2023-07,厦门,-0.5,-0.6,https://www.stats.gov.cn/sj/zxfb/202308/t20230816_1942026.html
2023-07,合肥,-0.3,-0.5,https://www.stats.gov.cn/sj/zxfb/202308/t20230816_1942026.html
2023-07,吉林,-0.6,-1.0,https://www.stats.gov.cn/sj/zxfb/202308/t20230816_1942026.html
2023-07,呼和浩特,-0.1,-0.3,https://www.stats.gov.cn/sj/zxfb/202308/t20230816_1942026.html
2023-07,哈尔滨,-0.4,-0.7,https://www.stats.gov.cn/sj/zxfb/202308/t20230816_1942026.html
2023-07,唐山,-0.3,-0.7,https://www.stats.gov.cn/sj/zxfb/202308/t20230816_1942026.html
2023-07,大理,0.3,0.3,https://www.stats.gov.cn/sj/zxfb/202308/t20230816_1942026.html
2023-07,大连,-0.7,-0.8,https://www.stats.gov.cn/sj/zxfb/202308/t20230816_1942026.html
2023-07,天津,-0.2,-0.4,https://www.stats.gov.cn/sj/zxfb/202308/t20230816_1942026.html
2023-07,太原,0.1,0.1,https://www.stats.gov.cn/sj/zxfb/202308/t20230816_1942026.html
2023-07,宁波,-0.4,-0.5,https://www.stats.gov.cn/sj/zxfb/202308/t20230816_1942026.html
2023-07,安庆,-0.1,-0.3,https://www.stats.gov.cn/sj/zxfb/202308/t20230816_1942026.html
2023-07,宜昌,-1.0,-0.8,https://www.stats.gov.cn/sj/zxfb/202308/t20230816_1942026.html
2023-07,岳阳,-0.6,-0.4,https://www.stats.gov.cn/sj/zxfb/202308/t20230816_1942026.html
2023-07,常德,0.1,0.3,https://www.stats.gov.cn/sj/zxfb/202308/t20230816_1942026.html
2023-07,平顶山,-0.4,-0.2,https://www.stats.gov.cn/sj/zxfb/202308/t20230816_1942026.html
2023-07,广州,-0.2,-1.0,https://www.stats.gov.cn/sj/zxfb/202308/t20230816_1942026.html
2023-07,徐州,0.2,-0.9,https://www.stats.gov.cn/sj/zxfb/202308/t20230816_1942026.html
2023-07,惠州,-0.7,0.1,https://www.stats.gov.cn/sj/zxfb/202308/t20230816_1942026.html
2023-07,成都,0.2,-0.2,https://www.stats.gov.cn/sj/zxfb/202308/t20230816_1942026.html
2023-07,扬州,-0.3,-0.4,https://www.stats.gov.cn/sj/zxfb/202308/t20230816_1942026.html
2023-07,无锡,-0.6,-0.8,https://www.stats.gov.cn/sj/zxfb/202308/t20230816_1942026.html
2023-07,昆明,-0.1,0.4,https://www.stats.gov.cn/sj/zxfb/202308/t20230816_1942026.html
2023-07,杭州,0.0,-0.6,https://www.stats.gov.cn/sj/zxfb/202308/t20230816_1942026.html
2023-07,桂林,-0.6,-0.7,https://www.stats.gov.cn/sj/zxfb/202308/t20230816_1942026.html
2023-07,武汉,-0.1,-0.6,https://www.stats.gov.cn/sj/zxfb/202308/t20230816_1942026.html
2023-07,沈阳,-0.6,-0.6,https://www.stats.gov.cn/sj/zxfb/202308/t20230816_1942026.html
2023-07,泉州,0.1,-0.3,https://www.stats.gov.cn/sj/zxfb/202308/t20230816_1942026.html
2023-07,泸州,-0.6,-0.5,https://www.stats.gov.cn/sj/zxfb/202308/t20230816_1942026.html
2023-07,洛阳,-0.3,-0.2,https://www.stats.gov.cn/sj/zxfb/202308/t20230816_1942026.html
2023-07,济南,0.1,-0.1,https://www.stats.gov.cn/sj/zxfb/202308/t20230816_1942026.html
2023-07,济宁,0.2,-0.1,https://www.stats.gov.cn/sj/zxfb/202308/t20230816_1942026.html
2023-07,海口,0.2,-0.4,https://www.stats.gov.cn/sj/zxfb/202308/t20230816_1942026.html
2023-07,深圳,-0.6,-0.9,https://www.stats.gov.cn/sj/zxfb/202308/t20230816_1942026.html
2023-07,温州,-0.4,-0.8,https://www.stats.gov.cn/sj/zxfb/202308/t20230816_1942026.html
2023-07,湛江,-0.3,-0.4,https://www.stats.gov.cn/sj/zxfb/202308/t20230816_1942026.html
2023-07,烟台,-0.4,-0.8,https://www.stats.gov.cn/sj/zxfb/202308/t20230816_1942026.html
2023-07,牡丹江,-0.3,-0.7,https://www.stats.gov.cn/sj/zxfb/202308/t20230816_1942026.html
2023-07,石家庄,-0.2,-0.1,https://www.stats.gov.cn/sj/zxfb/202308/t20230816_1942026.html
2023-07,福州,-0.4,-0.7,https://www.stats.gov.cn/sj/zxfb/202308/t20230816_1942026.html
2023-07,秦皇岛,-0.6,-0.6,https://www.stats.gov.cn/sj/zxfb/202308/t20230816_1942026.html
2023-07,蚌埠,-0.2,-0.1,https://www.stats.gov.cn/sj/zxfb/202308/t20230816_1942026.html
2023-07,襄阳,-0.5,-0.9,https://www.stats.gov.cn/sj/zxfb/202308/t20230816_1942026.html
2023-07,西宁,-0.4,-0.2,https://www.stats.gov.cn/sj/zxfb/202308/t20230816_1942026.html
2023-07,西安,0.5,-0.6,https://www.stats.gov.cn/sj/zxfb/202308/t20230816_1942026.html
2023-07,贵阳,-0.5,-0.7,https://www.stats.gov.cn/sj/zxfb/202308/t20230816_1942026.html
2023-07,赣州,-0.5,0.0,https://www.stats.gov.cn/sj/zxfb/202308/t20230816_1942026.html
2023-07,遵义,0.2,-0.4,https://www.stats.gov.cn/sj/zxfb/202308/t20230816_1942026.html
2023-07,郑州,-0.7,-1.0,https://www.stats.gov.cn/sj/zxfb/202308/t20230816_1942026.html
2023-07,重庆,0.3,-0.8,https://www.stats.gov.cn/sj/zxfb/202308/t20230816_1942026.html
2023-07,金华,-0.9,-0.7,https://www.stats.gov.cn/sj/zxfb/202308/t20230816_1942026.html
2023-07,银川,-0.4,-0.7,https://www.stats.gov.cn/sj/zxfb/202308/t20230816_1942026.html
2023-07,锦州,0.1,-0.3,https://www.stats.gov.cn/sj/zxfb/202308/t20230816_1942026.html
2023-07,长春,-0.7,-0.3,https://www.stats.gov.cn/sj/zxfb/202308/t20230816_1942026.html
2023-07,长沙,0.1,-0.2,https://www.stats.gov.cn/sj/zxfb/202308/t20230816_1942026.html
2023-07,青岛,-0.1,-0.9,https://www.stats.gov.cn/sj/zxfb/202308/t20230816_1942026.html
2023-07,韶关,-0.3,-0.6,https://www.stats.gov.cn/sj/zxfb/202308/t20230816_1942026.html
2023-08,三亚,0.4,-0.1,https://www.stats.gov.cn/sj/zxfb/202309/t20230915_1942839.html
2023-08,上海,0.1,-0.3,https://www.stats.gov.cn/sj/zxfb/202309/t20230915_1942839.html
2023-08,丹东,-0.2,-1.0,https://www.stats.gov.cn/sj/zxfb/202309/t20230915_1942839.html
2023-08,乌鲁木齐,0.1,-0.5,https://www.stats.gov.cn/sj/zxfb/202309/t20230915_1942839.html
2023-08,九江,-0.4,-0.5,https://www.stats.gov.cn/sj/zxfb/202309/t20230915_1942839.html
2023-08,兰州,-0.5,-0.8,https://www.stats.gov.cn/sj/zxfb/202309/t20230915_1942839.html
2023-08,包头,-0.7,-0.5,https://www.stats.gov.cn/sj/zxfb/202309/t20230915_1942839.html
2023-08,北京,-0.2,0.4,https://www.stats.gov.cn/sj/zxfb/202309/t20230915_1942839.html
2023-08,北海,0.3,-0.8,https://www.stats.gov.cn/sj/zxfb/202309/t20230915_1942839.html
2023-08,南京,-0.4,-0.6,https://www.stats.gov.cn/sj/zxfb/202309/t20230915_1942839.html
2023-08,南充,-0.4,-0.3,https://www.stats.gov.cn/sj/zxfb/202309/t20230915_1942839.html
2023-08,南宁,-0.5,-0.6,https://www.stats.gov.cn/sj/zxfb/202309/t20230915_1942839.html
2023-08,南昌,-0.5,-0.6,https://www.stats.gov.cn/sj/zxfb/202309/t20230915_1942839.html
2023-08,厦门,-0.3,-0.6,https://www.stats.gov.cn/sj/zxfb/202309/t20230915_1942839.html
2023-08,合肥,-0.2,-0.3,https://www.stats.gov.cn/sj/zxfb/202309/t20230915_1942839.html
2023-08,吉林,-0.5,-0.4,https://www.stats.gov.cn/sj/zxfb/202309/t20230915_1942839.html
2023-08,呼和浩特,-0.1,-0.4,https://www.stats.gov.cn/sj/zxfb/202309/t20230915_1942839.html
2023-08,哈尔滨,-0.6,-0.7,https://www.stats.gov.cn/sj/zxfb/202309/t20230915_1942839.html
2023-08,唐山,-0.3,-0.6,https://www.stats.gov.cn/sj/zxfb/202309/t20230915_1942839.html
2023-08,大理,-0.6,0.1,https://www.stats.gov.cn/sj/zxfb/202309/t20230915_1942839.html
2023-08,大连,0.3,-0.6,https://www.stats.gov.cn/sj/zxfb/202309/t20230915_1942839.html
2023-08,天津,-0.4,-0.7,https://www.stats.gov.cn/sj/zxfb/202309/t20230915_1942839.html
2023-08,太原,0.2,-0.3,https://www.stats.gov.cn/sj/zxfb/202309/t20230915_1942839.html
2023-08,宁波,-0.2,-0.7,https://www.stats.gov.cn/sj/zxfb/202309/t20230915_1942839.html
2023-08,安庆,-0.3,-0.2,https://www.stats.gov.cn/sj/zxfb/202309/t20230915_1942839.html
2023-08,宜昌,0.1,-0.4,https://www.stats.gov.cn/sj/zxfb/202309/t20230915_1942839.html
2023-08,岳阳,-0.9,-0.8,https://www.stats.gov.cn/sj/zxfb/202309/t20230915_1942839.html
2023-08,常德,-0.2,0.0,https://www.stats.gov.cn/sj/zxfb/202309/t20230915_1942839.html
2023-08,平顶山,-0.7,-0.3,https://www.stats.gov.cn/sj/zxfb/202309/t20230915_1942839.html
2023-08,广州,-0.3,-0.6,https://www.stats.gov.cn/sj/zxfb/202309/t20230915_1942839.html
2023-08,徐州,-0.8,-0.6,https://www.stats.gov.cn/sj/zxfb/202309/t20230915_1942839.html
2023-08,惠州,-0.4,-0.3,https://www.stats.gov.cn/sj/zxfb/202309/t20230915_1942839.html
2023-08,成都,0.3,-0.4,https://www.stats.gov.cn/sj/zxfb/202309/t20230915_1942839.html
2023-08,扬州,-1.0,-0.8,https://www.stats.gov.cn/sj/zxfb/202309/t20230915_1942839.html
2023-08,无锡,-0.3,-0.6,https://www.stats.gov.cn/sj/zxfb/202309/t20230915_1942839.html
2023-08,昆明,-0.6,-0.7,https://www.stats.gov.cn/sj/zxfb/202309/t20230915_1942839.html
2023-08,杭州,0.1,-0.5,https://www.stats.gov.cn/sj/zxfb/202309/t20230915_1942839.html
2023-08,桂林,-0.5,-0.7,https://www.stats.gov.cn/sj/zxfb/202309/t20230915_1942839.html
2023-08,武汉,-0.5,-0.8,https://www.stats.gov.cn/sj/zxfb/202309/t20230915_1942839.html
2023-08,沈阳,0.1,-0.4,https://www.stats.gov.cn/sj/zxfb/202309/t20230915_1942839.html
2023-08,泉州,0.1,-0.9,https://www.stats.gov.cn/sj/zxfb/202309/t20230915_1942839.html
2023-08,泸州,-0.6,-0.6,https://www.stats.gov.cn/sj/zxfb/202309/t20230915_1942839.html
2023-08,洛阳,-0.8,-0.5,https://www.stats.gov.cn/sj/zxfb/202309/t20230915_1942839.html
2023-08,济南,-0.1,-0.5,https://www.stats.gov.cn/sj/zxfb/202309/t20230915_1942839.html
2023-08,济宁,-0.2,-0.1,https://www.stats.gov.cn/sj/zxfb/202309/t20230915_1942839.html
2023-08,海口,0.4,-0.5,https://www.stats.gov.cn/sj/zxfb/202309/t20230915_1942839.html
2023-08,深圳,-0.6,-0.2,https://www.stats.gov.cn/sj/zxfb/202309/t20230915_1942839.html
2023-08,温州,-0.4,-0.6,https://www.stats.gov.cn/sj/zxfb/202309/t20230915_1942839.html
2023-08,湛江,-0.6,-0.5,https://www.stats.gov.cn/sj/zxfb/202309/t20230915_1942839.html
2023-08,烟台,0.2,-0.3,https://www.stats.gov.cn/sj/zxfb/202309/t20230915_1942839.html
2023-08,牡丹江,-0.4,0.1,https://www.stats.gov.cn/sj/zxfb/202309/t20230915_1942839.html
2023-08,石家庄,-0.7,-0.4,https://www.stats.gov.cn/sj/zxfb/202309/t20230915_1942839.html
2023-08,福州,-0.3,-0.5,https://www.stats.gov.cn/sj/zxfb/202309/t20230915_1942839.html
2023-08,秦皇岛,-0.1,-0.2,https://www.stats.gov.cn/sj/zxfb/202309/t20230915_1942839.html
2023-08,蚌埠,-0.1,-0.2,https://www.stats.gov.cn/sj/zxfb/202309/t20230915_1942839.html
2023-08,襄阳,-0.2,-0.6,https://www.stats.gov.cn/sj/zxfb/202309/t20230915_1942839.html
2023-08,西宁,-1.1,-0.4,https://www.stats.gov.cn/sj/zxfb/202309/t20230915_1942839.html
2023-08,西安,0.4,-0.3,https://www.stats.gov.cn/sj/zxfb/202309/t20230915_1942839.html
2023-08,贵阳,-0.1,-0.6,https://www.stats.gov.cn/sj/zxfb/202309/t20230915_1942839.html
2023-08,赣州,-0.6,-0.1,https://www.stats.gov.cn/sj/zxfb/202309/t20230915_1942839.html
2023-08,遵义,-0.4,-0.6,https://www.stats.gov.cn/sj/zxfb/202309/t20230915_1942839.html
2023-08,郑州,-0.5,-0.9,https://www.stats.gov.cn/sj/zxfb/202309/t20230915_1942839.html
2023-08,重庆,0.1,-0.6,https://www.stats.gov.cn/sj/zxfb/202309/t20230915_1942839.html
2023-08,金华,-1.1,-0.9,https://www.stats.gov.cn/sj/zxfb/202309/t20230915_1942839.html
2023-08,银川,0.3,-0.4,https://www.stats.gov.cn/sj/zxfb/202309/t20230915_1942839.html
2023-08,锦州,0.0,-0.7,https://www.stats.gov.cn/sj/zxfb/202309/t20230915_1942839.html
2023-08,长春,-0.8,-0.2,https://www.stats.gov.cn/sj/zxfb/202309/t20230915_1942839.html
2023-08,长沙,0.3,-0.5,https://www.stats.gov.cn/sj/zxfb/202309/t20230915_1942839.html
2023-08,青岛,-0.2,-0.8,https://www.stats.gov.cn/sj/zxfb/202309/t20230915_1942839.html
2023-08,韶关,-0.5,-0.3,https://www.stats.gov.cn/sj/zxfb/202309/t20230915_1942839.html
2023-09,三亚,0.1,-0.2,https://www.stats.gov.cn/sj/zxfb/202310/t20231019_1943721.html
2023-09,上海,0.5,0.6,https://www.stats.gov.cn/sj/zxfb/202310/t20231019_1943721.html
2023-09,丹东,-0.6,-0.5,https://www.stats.gov.cn/sj/zxfb/202310/t20231019_1943721.html
2023-09,乌鲁木齐,-0.2,-0.4,https://www.stats.gov.cn/sj/zxfb/202310/t20231019_1943721.html
2023-09,九江,-0.5,-0.4,https://www.stats.gov.cn/sj/zxfb/202310/t20231019_1943721.html
2023-09,兰州,-0.5,-0.8,https://www.stats.gov.cn/sj/zxfb/202310/t20231019_1943721.html
2023-09,包头,-0.8,-0.6,https://www.stats.gov.cn/sj/zxfb/202310/t20231019_1943721.html
2023-09,北京,0.4,0.7,https://www.stats.gov.cn/sj/zxfb/202310/t20231019_1943721.html
2023-09,北海,-0.4,-0.6,https://www.stats.gov.cn/sj/zxfb/202310/t20231019_1943721.html
2023-09,南京,-0.8,-0.9,https://www.stats.gov.cn/sj/zxfb/202310/t20231019_1943721.html
2023-09,南充,-0.4,-0.5,https://www.stats.gov.cn/sj/zxfb/202310/t20231019_1943721.html
2023-09,南宁,-0.5,-0.4,https://www.stats.gov.cn/sj/zxfb/202310/t20231019_1943721.html
2023-09,南昌,-0.6,-0.3,https://www.stats.gov.cn/sj/zxfb/202310/t20231019_1943721.html
2023-09,厦门,-0.6,-0.7,https://www.stats.gov.cn/sj/zxfb/202310/t20231019_1943721.html
2023-09,合肥,-0.1,-0.4,https://www.stats.gov.cn/sj/zxfb/202310/t20231019_1943721.html
2023-09,吉林,-0.4,-0.5,https://www.stats.gov.cn/sj/zxfb/202310/t20231019_1943721.html
2023-09,呼和浩特,-0.3,-0.6,https://www.stats.gov.cn/sj/zxfb/202310/t20231019_1943721.html
2023-09,哈尔滨,-0.7,-0.8,https://www.stats.gov.cn/sj/zxfb/202310/t20231019_1943721.html
2023-09,唐山,-0.5,-0.2,https://www.stats.gov.cn/sj/zxfb/202310/t20231019_1943721.html
2023-09,大理,0.2,-0.5,https://www.stats.gov.cn/sj/zxfb/202310/t20231019_1943721.html
2023-09,大连,-0.6,-0.5,https://www.stats.gov.cn/sj/zxfb/202310/t20231019_1943721.html
2023-09,天津,-0.2,0.1,https://www.stats.gov.cn/sj/zxfb/202310/t20231019_1943721.html
2023-09,太原,-0.4,-0.7,https://www.stats.gov.cn/sj/zxfb/202310/t20231019_1943721.html
2023-09,宁波,0.3,-0.8,https://www.stats.gov.cn/sj/zxfb/202310/t20231019_1943721.html
2023-09,安庆,-0.2,-0.1,https://www.stats.gov.cn/sj/zxfb/202310/t20231019_1943721.html
2023-09,宜昌,-0.6,-0.5,https://www.stats.gov.cn/sj/zxfb/202310/t20231019_1943721.html
2023-09,岳阳,-0.1,-0.1,https://www.stats.gov.cn/sj/zxfb/202310/t20231019_1943721.html
2023-09,常德,-0.4,-0.7,https://www.stats.gov.cn/sj/zxfb/202310/t20231019_1943721.html
2023-09,平顶山,-0.3,-0.5,https://www.stats.gov.cn/sj/zxfb/202310/t20231019_1943721.html
2023-09,广州,-0.6,-0.7,https://www.stats.gov.cn/sj/zxfb/202310/t20231019_1943721.html
2023-09,徐州,-0.6,-1.3,https://www.stats.gov.cn/sj/zxfb/202310/t20231019_1943721.html
2023-09,惠州,-0.3,-0.4,https://www.stats.gov.cn/sj/zxfb/202310/t20231019_1943721.html
2023-09,成都,0.2,-0.2,https://www.stats.gov.cn/sj/zxfb/202310/t20231019_1943721.html
2023-09,扬州,-1.0,-0.7,https://www.stats.gov.cn/sj/zxfb/202310/t20231019_1943721.html
2023-09,无锡,0.1,-0.3,https://www.stats.gov.cn/sj/zxfb/202310/t20231019_1943721.html
2023-09,昆明,-0.7,-0.3,https://www.stats.gov.cn/sj/zxfb/202310/t20231019_1943721.html
2023-09,杭州,0.1,-0.4,https://www.stats.gov.cn/sj/zxfb/202310/t20231019_1943721.html
2023-09,桂林,-0.6,-0.5,https://www.stats.gov.cn/sj/zxfb/202310/t20231019_1943721.html
2023-09,武汉,-0.3,-0.5,https://www.stats.gov.cn/sj/zxfb/202310/t20231019_1943721.html
2023-09,沈阳,0.2,-0.7,https://www.stats.gov.cn/sj/zxfb/202310/t20231019_1943721.html
2023-09,泉州,0.3,-0.5,https://www.stats.gov.cn/sj/zxfb/202310/t20231019_1943721.html
2023-09,泸州,-0.2,-0.5,https://www.stats.gov.cn/sj/zxfb/202310/t20231019_1943721.html
2023-09,洛阳,-0.4,-0.3,https://www.stats.gov.cn/sj/zxfb/202310/t20231019_1943721.html
2023-09,济南,-0.3,-1.1,https://www.stats.gov.cn/sj/zxfb/202310/t20231019_1943721.html
2023-09,济宁,-0.2,-0.9,https://www.stats.gov.cn/sj/zxfb/202310/t20231019_1943721.html
2023-09,海口,0.3,-0.4,https://www.stats.gov.cn/sj/zxfb/202310/t20231019_1943721.html
2023-09,深圳,-0.5,0.0,https://www.stats.gov.cn/sj/zxfb/202310/t20231019_1943721.html
2023-09,温州,-0.5,-0.9,https://www.stats.gov.cn/sj/zxfb/202310/t20231019_1943721.html
2023-09,湛江,-0.7,-0.7,https://www.stats.gov.cn/sj/zxfb/202310/t20231019_1943721.html
2023-09,烟台,-0.1,-0.7,https://www.stats.gov.cn/sj/zxfb/202310/t20231019_1943721.html
2023-09,牡丹江,-1.0,-0.7,https://www.stats.gov.cn/sj/zxfb/202310/t20231019_1943721.html
2023-09,石家庄,-0.5,0.1,https://www.stats.gov.cn/sj/zxfb/202310/t20231019_1943721.html
2023-09,福州,-0.5,-0.8,https://www.stats.gov.cn/sj/zxfb/202310/t20231019_1943721.html
2023-09,秦皇岛,-0.5,-0.4,https://www.stats.gov.cn/sj/zxfb/202310/t20231019_1943721.html
2023-09,蚌埠,-0.3,-0.4,https://www.stats.gov.cn/sj/zxfb/202310/t20231019_1943721.html
2023-09,襄阳,-0.3,-0.4,https://www.stats.gov.cn/sj/zxfb/202310/t20231019_1943721.html
2023-09,西宁,-0.4,-0.5,https://www.stats.gov.cn/sj/zxfb/202310/t20231019_1943721.html
2023-09,西安,0.4,-0.5,https://www.stats.gov.cn/sj/zxfb/202310/t20231019_1943721.html
2023-09,贵阳,-0.2,-0.3,https://www.stats.gov.cn/sj/zxfb/202310/t20231019_1943721.html
2023-09,赣州,-0.3,-0.2,https://www.stats.gov.cn/sj/zxfb/202310/t20231019_1943721.html
2023-09,遵义,-0.2,-0.3,https://www.stats.gov.cn/sj/zxfb/202310/t20231019_1943721.html
2023-09,郑州,-0.6,-0.5,https://www.stats.gov.cn/sj/zxfb/202310/t20231019_1943721.html
2023-09,重庆,0.2,-0.9,https://www.stats.gov.cn/sj/zxfb/202310/t20231019_1943721.html
2023-09,金华,0.0,-0.3,https://www.stats.gov.cn/sj/zxfb/202310/t20231019_1943721.html
2023-09,银川,-0.5,-0.3,https://www.stats.gov.cn/sj/zxfb/202310/t20231019_1943721.html
2023-09,锦州,0.3,-0.4,https://www.stats.gov.cn/sj/zxfb/202310/t20231019_1943721.html
2023-09,长春,-0.4,-1.2,https://www.stats.gov.cn/sj/zxfb/202310/t20231019_1943721.html
2023-09,长沙,0.1,-0.4,https://www.stats.gov.cn/sj/zxfb/202310/t20231019_1943721.html
2023-09,青岛,-0.5,-0.3,https://www.stats.gov.cn/sj/zxfb/202310/t20231019_1943721.html
2023-09,韶关,-0.7,-1.0,https://www.stats.gov.cn/sj/zxfb/202310/t20231019_1943721.html
2023-10,三亚,0.1,0.1,https://www.stats.gov.cn/sj/zxfb/202311/t20231115_1944597.html
2023-10,上海,0.2,-0.8,https://www.stats.gov.cn/sj/zxfb/202311/t20231115_1944597.html
2023-10,丹东,-0.1,-0.7,https://www.stats.gov.cn/sj/zxfb/202311/t20231115_1944597.html
2023-10,乌鲁木齐,-0.4,-0.1,https://www.stats.gov.cn/sj/zxfb/202311/t20231115_1944597.html
2023-10,九江,-1.1,-0.7,https://www.stats.gov.cn/sj/zxfb/202311/t20231115_1944597.html
2023-10,兰州,-1.3,-0.7,https://www.stats.gov.cn/sj/zxfb/202311/t20231115_1944597.html
2023-10,包头,-0.3,-0.6,https://www.stats.gov.cn/sj/zxfb/202311/t20231115_1944597.html
2023-10,北京,-0.4,-1.1,https://www.stats.gov.cn/sj/zxfb/202311/t20231115_1944597.html
2023-10,北海,-0.8,-0.8,https://www.stats.gov.cn/sj/zxfb/202311/t20231115_1944597.html
2023-10,南京,-0.7,-1.1,https://www.stats.gov.cn/sj/zxfb/202311/t20231115_1944597.html
2023-10,南充,-0.1,-0.6,https://www.stats.gov.cn/sj/zxfb/202311/t20231115_1944597.html
2023-10,南宁,-0.5,-1.3,https://www.stats.gov.cn/sj/zxfb/202311/t20231115_1944597.html
2023-10,南昌,-0.4,-0.4,https://www.stats.gov.cn/sj/zxfb/202311/t20231115_1944597.html
2023-10,厦门,-0.2,-0.9,https://www.stats.gov.cn/sj/zxfb/202311/t20231115_1944597.html
2023-10,合肥,0.2,-0.5,https://www.stats.gov.cn/sj/zxfb/202311/t20231115_1944597.html
2023-10,吉林,0.2,-0.7,https://www.stats.gov.cn/sj/zxfb/202311/t20231115_1944597.html
2023-10,呼和浩特,-0.2,-0.7,https://www.stats.gov.cn/sj/zxfb/202311/t20231115_1944597.html
2023-10,哈尔滨,-0.2,-0.9,https://www.stats.gov.cn/sj/zxfb/202311/t20231115_1944597.html
2023-10,唐山,-0.6,-0.6,https://www.stats.gov.cn/sj/zxfb/202311/t20231115_1944597.html
2023-10,大理,-0.6,-0.2,https://www.stats.gov.cn/sj/zxfb/202311/t20231115_1944597.html
2023-10,大连,-0.3,-0.4,https://www.stats.gov.cn/sj/zxfb/202311/t20231115_1944597.html
2023-10,天津,0.0,-0.3,https://www.stats.gov.cn/sj/zxfb/202311/t20231115_1944597.html
2023-10,太原,-0.5,-0.4,https://www.stats.gov.cn/sj/zxfb/202311/t20231115_1944597.html
2023-10,宁波,-0.9,-1.2,https://www.stats.gov.cn/sj/zxfb/202311/t20231115_1944597.html
2023-10,安庆,-1.0,-0.7,https://www.stats.gov.cn/sj/zxfb/202311/t20231115_1944597.html
2023-10,宜昌,-0.4,-0.5,https://www.stats.gov.cn/sj/zxfb/202311/t20231115_1944597.html
2023-10,岳阳,0.0,-0.7,https://www.stats.gov.cn/sj/zxfb/202311/t20231115_1944597.html
2023-10,常德,-0.2,-0.1,https://www.stats.gov.cn/sj/zxfb/202311/t20231115_1944597.html
2023-10,平顶山,-0.2,-0.6,https://www.stats.gov.cn/sj/zxfb/202311/t20231115_1944597.html
2023-10,广州,-0.7,-0.8,https://www.stats.gov.cn/sj/zxfb/202311/t20231115_1944597.html
2023-10,徐州,-1.6,-1.2,https://www.stats.gov.cn/sj/zxfb/202311/t20231115_1944597.html
2023-10,惠州,-1.5,-0.8,https://www.stats.gov.cn/sj/zxfb/202311/t20231115_1944597.html
2023-10,成都,0.2,-0.1,https://www.stats.gov.cn/sj/zxfb/202311/t20231115_1944597.html
2023-10,扬州,-0.9,-1.1,https://www.stats.gov.cn/sj/zxfb/202311/t20231115_1944597.html
2023-10,无锡,-0.5,-0.1,https://www.stats.gov.cn/sj/zxfb/202311/t20231115_1944597.html
2023-10,昆明,-0.8,-1.3,https://www.stats.gov.cn/sj/zxfb/202311/t20231115_1944597.html
2023-10,杭州,0.3,0.5,https://www.stats.gov.cn/sj/zxfb/202311/t20231115_1944597.html
2023-10,桂林,-0.4,-0.7,https://www.stats.gov.cn/sj/zxfb/202311/t20231115_1944597.html
2023-10,武汉,-0.1,-0.3,https://www.stats.gov.cn/sj/zxfb/202311/t20231115_1944597.html
2023-10,沈阳,-0.1,-0.3,https://www.stats.gov.cn/sj/zxfb/202311/t20231115_1944597.html
2023-10,泉州,-0.3,-0.9,https://www.stats.gov.cn/sj/zxfb/202311/t20231115_1944597.html
2023-10,泸州,-0.3,-0.3,https://www.stats.gov.cn/sj/zxfb/202311/t20231115_1944597.html
2023-10,洛阳,-0.4,-0.2,https://www.stats.gov.cn/sj/zxfb/202311/t20231115_1944597.html
2023-10,济南,-0.1,-0.3,https://www.stats.gov.cn/sj/zxfb/202311/t20231115_1944597.html
2023-10,济宁,-0.8,-0.9,https://www.stats.gov.cn/sj/zxfb/202311/t20231115_1944597.html
2023-10,海口,0.0,-0.7,https://www.stats.gov.cn/sj/zxfb/202311/t20231115_1944597.html
2023-10,深圳,-0.5,-0.5,https://www.stats.gov.cn/sj/zxfb/202311/t20231115_1944597.html
2023-10,温州,-0.2,-0.4,https://www.stats.gov.cn/sj/zxfb/202311/t20231115_1944597.html
2023-10,湛江,-1.0,-0.5,https://www.stats.gov.cn/sj/zxfb/202311/t20231115_1944597.html
2023-10,烟台,-0.4,-1.2,https://www.stats.gov.cn/sj/zxfb/202311/t20231115_1944597.html
2023-10,牡丹江,-0.6,-1.0,https://www.stats.gov.cn/sj/zxfb/202311/t20231115_1944597.html
2023-10,石家庄,0.3,-0.2,https://www.stats.gov.cn/sj/zxfb/202311/t20231115_1944597.html
2023-10,福州,-0.6,-0.8,https://www.stats.gov.cn/sj/zxfb/202311/t20231115_1944597.html
2023-10,秦皇岛,-0.1,-0.2,https://www.stats.gov.cn/sj/zxfb/202311/t20231115_1944597.html
2023-10,蚌埠,-0.2,-0.6,https://www.stats.gov.cn/sj/zxfb/202311/t20231115_1944597.html
2023-10,襄阳,-0.6,-1.0,https://www.stats.gov.cn/sj/zxfb/202311/t20231115_1944597.html
2023-10,西宁,-0.4,-0.3,https://www.stats.gov.cn/sj/zxfb/202311/t20231115_1944597.html
2023-10,西安,0.6,0.0,https://www.stats.gov.cn/sj/zxfb/202311/t20231115_1944597.html
2023-10,贵阳,0.4,-0.5,https://www.stats.gov.cn/sj/zxfb/202311/t20231115_1944597.html
2023-10,赣州,-0.7,-0.2,https://www.stats.gov.cn/sj/zxfb/202311/t20231115_1944597.html
2023-10,遵义,-0.6,-0.6,https://www.stats.gov.cn/sj/zxfb/202311/t20231115_1944597.html
2023-10,郑州,-0.9,-0.8,https://www.stats.gov.cn/sj/zxfb/202311/t20231115_1944597.html
2023-10,重庆,-0.1,-0.7,https://www.stats.gov.cn/sj/zxfb/202311/t20231115_1944597.html
2023-10,金华,-0.4,-0.5,https://www.stats.gov.cn/sj/zxfb/202311/t20231115_1944597.html
2023-10,银川,-0.7,-0.6,https://www.stats.gov.cn/sj/zxfb/202311/t20231115_1944597.html
2023-10,锦州,-0.3,-0.6,https://www.stats.gov.cn/sj/zxfb/202311/t20231115_1944597.html
2023-10,长春,0.2,-0.5,https://www.stats.gov.cn/sj/zxfb/202311/t20231115_1944597.html
2023-10,长沙,0.4,-0.3,https://www.stats.gov.cn/sj/zxfb/202311/t20231115_1944597.html
2023-10,青岛,-0.2,-0.5,https://www.stats.gov.cn/sj/zxfb/202311/t20231115_1944597.html
2023-10,韶关,-1.1,-0.6,https://www.stats.gov.cn/sj/zxfb/202311/t20231115_1944597.html
2023-11,三亚,-0.1,-0.6,https://www.stats.gov.cn/sj/zxfb/202312/t20231215_1945561.html
2023-11,上海,0.6,-1.5,https://www.stats.gov.cn/sj/zxfb/202312/t20231215_1945561.html
2023-11,丹东,-0.3,-0.9,https://www.stats.gov.cn/sj/zxfb/202312/t20231215_1945561.html
2023-11,乌鲁木齐,-0.1,-0.2,https://www.stats.gov.cn/sj/zxfb/202312/t20231215_1945561.html
2023-11,九江,-0.4,-1.2,https://www.stats.gov.cn/sj/zxfb/202312/t20231215_1945561.html
2023-11,兰州,0.0,-0.9,https://www.stats.gov.cn/sj/zxfb/202312/t20231215_1945561.html
2023-11,包头,-0.2,-0.5,https://www.stats.gov.cn/sj/zxfb/202312/t20231215_1945561.html
2023-11,北京,-0.1,-1.4,https://www.stats.gov.cn/sj/zxfb/202312/t20231215_1945561.html
2023-11,北海,-0.5,-0.6,https://www.stats.gov.cn/sj/zxfb/202312/t20231215_1945561.html
2023-11,南京,-1.0,-1.4,https://www.stats.gov.cn/sj/zxfb/202312/t20231215_1945561.html
2023-11,南充,-0.1,-0.6,https://www.stats.gov.cn/sj/zxfb/202312/t20231215_1945561.html
2023-11,南宁,-1.0,-1.2,https://www.stats.gov.cn/sj/zxfb/202312/t20231215_1945561.html
2023-11,南昌,-0.8,-0.7,https://www.stats.gov.cn/sj/zxfb/202312/t20231215_1945561.html
2023-11,厦门,-0.5,-1.3,https://www.stats.gov.cn/sj/zxfb/202312/t20231215_1945561.html
2023-11,合肥,-0.2,-0.9,https://www.stats.gov.cn/sj/zxfb/202312/t20231215_1945561.html
2023-11,吉林,0.3,-0.6,https://www.stats.gov.cn/sj/zxfb/202312/t20231215_1945561.html
2023-11,呼和浩特,-0.4,-0.8,https://www.stats.gov.cn/sj/zxfb/202312/t20231215_1945561.html
2023-11,哈尔滨,-0.4,-0.5,https://www.stats.gov.cn/sj/zxfb/202312/t20231215_1945561.html
2023-11,唐山,-0.7,-0.7,https://www.stats.gov.cn/sj/zxfb/202312/t20231215_1945561.html
2023-11,大理,0.1,-1.0,https://www.stats.gov.cn/sj/zxfb/202312/t20231215_1945561.html
2023-11,大连,-0.9,-0.6,https://www.stats.gov.cn/sj/zxfb/202312/t20231215_1945561.html
2023-11,天津,0.4,-0.2,https://www.stats.gov.cn/sj/zxfb/202312/t20231215_1945561.html
2023-11,太原,-0.3,-0.4,https://www.stats.gov.cn/sj/zxfb/202312/t20231215_1945561.html
2023-11,宁波,-0.4,-0.5,https://www.stats.gov.cn/sj/zxfb/202312/t20231215_1945561.html
2023-11,安庆,-0.7,-0.6,https://www.stats.gov.cn/sj/zxfb/202312/t20231215_1945561.html
2023-11,宜昌,0.1,-0.2,https://www.stats.gov.cn/sj/zxfb/202312/t20231215_1945561.html
2023-11,岳阳,-0.5,-0.3,https://www.stats.gov.cn/sj/zxfb/202312/t20231215_1945561.html
2023-11,常德,-0.8,-1.1,https://www.stats.gov.cn/sj/zxfb/202312/t20231215_1945561.html
2023-11,平顶山,-0.2,-0.3,https://www.stats.gov.cn/sj/zxfb/202312/t20231215_1945561.html
2023-11,广州,-0.9,-1.0,https://www.stats.gov.cn/sj/zxfb/202312/t20231215_1945561.html
2023-11,徐州,-0.8,-1.8,https://www.stats.gov.cn/sj/zxfb/202312/t20231215_1945561.html
2023-11,惠州,-0.7,-0.2,https://www.stats.gov.cn/sj/zxfb/202312/t20231215_1945561.html
2023-11,成都,0.3,-0.5,https://www.stats.gov.cn/sj/zxfb/202312/t20231215_1945561.html
2023-11,扬州,-0.9,-1.2,https://www.stats.gov.cn/sj/zxfb/202312/t20231215_1945561.html
2023-11,无锡,-0.7,-1.0,https://www.stats.gov.cn/sj/zxfb/202312/t20231215_1945561.html
2023-11,昆明,0.5,-1.0,https://www.stats.gov.cn/sj/zxfb/202312/t20231215_1945561.html
2023-11,杭州,0.4,0.0,https://www.stats.gov.cn/sj/zxfb/202312/t20231215_1945561.html
2023-11,桂林,-0.2,-0.4,https://www.stats.gov.cn/sj/zxfb/202312/t20231215_1945561.html
2023-11,武汉,-0.5,-1.3,https://www.stats.gov.cn/sj/zxfb/202312/t20231215_1945561.html
2023-11,沈阳,-0.8,-0.8,https://www.stats.gov.cn/sj/zxfb/202312/t20231215_1945561.html
2023-11,泉州,0.0,-0.8,https://www.stats.gov.cn/sj/zxfb/202312/t20231215_1945561.html
2023-11,泸州,-0.5,-0.3,https://www.stats.gov.cn/sj/zxfb/202312/t20231215_1945561.html
2023-11,洛阳,-0.5,-0.7,https://www.stats.gov.cn/sj/zxfb/202312/t20231215_1945561.html
2023-11,济南,-0.2,-0.6,https://www.stats.gov.cn/sj/zxfb/202312/t20231215_1945561.html
2023-11,济宁,-0.6,-1.1,https://www.stats.gov.cn/sj/zxfb/202312/t20231215_1945561.html
2023-11,海口,-0.3,-0.9,https://www.stats.gov.cn/sj/zxfb/202312/t20231215_1945561.html
2023-11,深圳,-0.8,-1.5,https://www.stats.gov.cn/sj/zxfb/202312/t20231215_1945561.html
2023-11,温州,-0.5,-1.4,https://www.stats.gov.cn/sj/zxfb/202312/t20231215_1945561.html
2023-11,湛江,-0.7,-0.8,https://www.stats.gov.cn/sj/zxfb/202312/t20231215_1945561.html
2023-11,烟台,-0.8,-1.3,https://www.stats.gov.cn/sj/zxfb/202312/t20231215_1945561.html
2023-11,牡丹江,-0.4,-1.1,https://www.stats.gov.cn/sj/zxfb/202312/t20231215_1945561.html
2023-11,石家庄,-0.3,-0.4,https://www.stats.gov.cn/sj/zxfb/202312/t20231215_1945561.html
2023-11,福州,-0.4,-0.9,https://www.stats.gov.cn/sj/zxfb/202312/t20231215_1945561.html
2023-11,秦皇岛,-0.6,-0.8,https://www.stats.gov.cn/sj/zxfb/202312/t20231215_1945561.html
2023-11,蚌埠,-0.3,-0.5,https://www.stats.gov.cn/sj/zxfb/202312/t20231215_1945561.html
2023-11,襄阳,-0.3,-1.1,https://www.stats.gov.cn/sj/zxfb/202312/t20231215_1945561.html
2023-11,西宁,-0.6,-0.8,https://www.stats.gov.cn/sj/zxfb/202312/t20231215_1945561.html
2023-11,西安,0.2,-0.6,https://www.stats.gov.cn/sj/zxfb/202312/t20231215_1945561.html
2023-11,贵阳,-0.6,-0.7,https://www.stats.gov.cn/sj/zxfb/202312/t20231215_1945561.html
2023-11,赣州,-0.5,-0.5,https://www.stats.gov.cn/sj/zxfb/202312/t20231215_1945561.html
2023-11,遵义,-0.4,-0.3,https://www.stats.gov.cn/sj/zxfb/202312/t20231215_1945561.html
2023-11,郑州,-0.4,-0.9,https://www.stats.gov.cn/sj/zxfb/202312/t20231215_1945561.html
2023-11,重庆,-0.2,-0.7,https://www.stats.gov.cn/sj/zxfb/202312/t20231215_1945561.html
2023-11,金华,-0.6,-0.9,https://www.stats.gov.cn/sj/zxfb/202312/t20231215_1945561.html
2023-11,银川,-0.1,-0.5,https://www.stats.gov.cn/sj/zxfb/202312/t20231215_1945561.html
2023-11,锦州,-0.4,-1.0,https://www.stats.gov.cn/sj/zxfb/202312/t20231215_1945561.html
2023-11,长春,-0.5,-0.7,https://www.stats.gov.cn/sj/zxfb/202312/t20231215_1945561.html
2023-11,长沙,-0.2,-0.6,https://www.stats.gov.cn/sj/zxfb/202312/t20231215_1945561.html
2023-11,青岛,-0.5,-1.3,https://www.stats.gov.cn/sj/zxfb/202312/t20231215_1945561.html
2023-11,韶关,-0.8,-0.7,https://www.stats.gov.cn/sj/zxfb/202312/t20231215_1945561.html
2023-12,三亚,-0.3,-0.9,https://www.stats.gov.cn/sj/zxfb/202401/t20240117_1946600.html
2023-12,上海,0.2,-0.6,https://www.stats.gov.cn/sj/zxfb/202401/t20240117_1946600.html
2023-12,丹东,-0.3,-0.4,https://www.stats.gov.cn/sj/zxfb/202401/t20240117_1946600.html
2023-12,乌鲁木齐,-0.5,-0.2,https://www.stats.gov.cn/sj/zxfb/202401/t20240117_1946600.html
2023-12,九江,-0.4,-0.9,https://www.stats.gov.cn/sj/zxfb/202401/t20240117_1946600.html
2023-12,兰州,-0.6,-0.6,https://www.stats.gov.cn/sj/zxfb/202401/t20240117_1946600.html
2023-12,包头,-0.4,-0.6,https://www.stats.gov.cn/sj/zxfb/202401/t20240117_1946600.html
2023-12,北京,0.0,-1.2,https://www.stats.gov.cn/sj/zxfb/202401/t20240117_1946600.html
2023-12,北海,-0.6,-1.0,https://www.stats.gov.cn/sj/zxfb/202401/t20240117_1946600.html
2023-12,南京,-1.2,-1.1,https://www.stats.gov.cn/sj/zxfb/202401/t20240117_1946600.html
2023-12,南充,-0.2,-0.5,https://www.stats.gov.cn/sj/zxfb/202401/t20240117_1946600.html
2023-12,南宁,0.3,-0.4,https://www.stats.gov.cn/sj/zxfb/202401/t20240117_1946600.html
2023-12,南昌,-0.7,-1.3,https://www.stats.gov.cn/sj/zxfb/202401/t20240117_1946600.html
2023-12,厦门,-1.1,-1.2,https://www.stats.gov.cn/sj/zxfb/202401/t20240117_1946600.html
2023-12,合肥,-0.2,-1.0,https://www.stats.gov.cn/sj/zxfb/202401/t20240117_1946600.html
2023-12,吉林,-0.7,-0.6,https://www.stats.gov.cn/sj/zxfb/202401/t20240117_1946600.html
2023-12,呼和浩特,-0.3,-0.6,https://www.stats.gov.cn/sj/zxfb/202401/t20240117_1946600.html
2023-12,哈尔滨,-0.7,-0.6,https://www.stats.gov.cn/sj/zxfb/202401/t20240117_1946600.html
2023-12,唐山,-0.7,-1.1,https://www.stats.gov.cn/sj/zxfb/202401/t20240117_1946600.html
2023-12,大理,-0.1,-0.5,https://www.stats.gov.cn/sj/zxfb/202401/t20240117_1946600.html
2023-12,大连,-0.6,-0.5,https://www.stats.gov.cn/sj/zxfb/202401/t20240117_1946600.html
2023-12,天津,-0.4,-0.5,https://www.stats.gov.cn/sj/zxfb/202401/t20240117_1946600.html
2023-12,太原,0.4,-0.8,https://www.stats.gov.cn/sj/zxfb/202401/t20240117_1946600.html
2023-12,宁波,-0.3,-0.8,https://www.stats.gov.cn/sj/zxfb/202401/t20240117_1946600.html
2023-12,安庆,-0.8,-0.9,https://www.stats.gov.cn/sj/zxfb/202401/t20240117_1946600.html
2023-12,宜昌,-0.1,-0.4,https://www.stats.gov.cn/sj/zxfb/202401/t20240117_1946600.html
2023-12,岳阳,-0.5,-0.3,https://www.stats.gov.cn/sj/zxfb/202401/t20240117_1946600.html
2023-12,常德,-0.6,-1.4,https://www.stats.gov.cn/sj/zxfb/202401/t20240117_1946600.html
2023-12,平顶山,-0.4,-0.7,https://www.stats.gov.cn/sj/zxfb/202401/t20240117_1946600.html
2023-12,广州,-1.0,-1.5,https://www.stats.gov.cn/sj/zxfb/202401/t20240117_1946600.html
2023-12,徐州,-1.0,-1.5,https://www.stats.gov.cn/sj/zxfb/202401/t20240117_1946600.html
2023-12,惠州,-0.4,-0.6,https://www.stats.gov.cn/sj/zxfb/202401/t20240117_1946600.html
2023-12,成都,0.1,-1.5,https://www.stats.gov.cn/sj/zxfb/202401/t20240117_1946600.html
2023-12,扬州,-0.6,-1.3,https://www.stats.gov.cn/sj/zxfb/202401/t20240117_1946600.html
2023-12,无锡,-0.4,-1.1,https://www.stats.gov.cn/sj/zxfb/202401/t20240117_1946600.html
2023-12,昆明,-0.5,-0.8,https://www.stats.gov.cn/sj/zxfb/202401/t20240117_1946600.html
2023-12,杭州,-0.2,-1.1,https://www.stats.gov.cn/sj/zxfb/202401/t20240117_1946600.html
2023-12,桂林,-0.4,-1.1,https://www.stats.gov.cn/sj/zxfb/202401/t20240117_1946600.html
2023-12,武汉,-1.1,-1.6,https://www.stats.gov.cn/sj/zxfb/202401/t20240117_1946600.html
2023-12,沈阳,-0.2,-0.3,https://www.stats.gov.cn/sj/zxfb/202401/t20240117_1946600.html
2023-12,泉州,-0.2,-0.5,https://www.stats.gov.cn/sj/zxfb/202401/t20240117_1946600.html
2023-12,泸州,-0.6,-0.4,https://www.stats.gov.cn/sj/zxfb/202401/t20240117_1946600.html
2023-12,洛阳,-0.3,-1.1,https://www.stats.gov.cn/sj/zxfb/202401/t20240117_1946600.html
2023-12,济南,-0.4,-0.4,https://www.stats.gov.cn/sj/zxfb/202401/t20240117_1946600.html
2023-12,济宁,-0.8,-0.7,https://www.stats.gov.cn/sj/zxfb/202401/t20240117_1946600.html
2023-12,海口,-0.6,-1.2,https://www.stats.gov.cn/sj/zxfb/202401/t20240117_1946600.html
2023-12,深圳,-0.9,-1.1,https://www.stats.gov.cn/sj/zxfb/202401/t20240117_1946600.html
2023-12,温州,-0.7,-1.1,https://www.stats.gov.cn/sj/zxfb/202401/t20240117_1946600.html
2023-12,湛江,-1.0,-0.8,https://www.stats.gov.cn/sj/zxfb/202401/t20240117_1946600.html
2023-12,烟台,-0.6,-0.5,https://www.stats.gov.cn/sj/zxfb/202401/t20240117_1946600.html
2023-12,牡丹江,-0.3,-0.8,https://www.stats.gov.cn/sj/zxfb/202401/t20240117_1946600.html
2023-12,石家庄,0.3,-0.2,https://www.stats.gov.cn/sj/zxfb/202401/t20240117_1946600.html
2023-12,福州,-0.6,-1.3,https://www.stats.gov.cn/sj/zxfb/202401/t20240117_1946600.html
2023-12,秦皇岛,-0.2,-0.8,https://www.stats.gov.cn/sj/zxfb/202401/t20240117_1946600.html
2023-12,蚌埠,-0.5,-0.7,https://www.stats.gov.cn/sj/zxfb/202401/t20240117_1946600.html
2023-12,襄阳,-0.6,-1.4,https://www.stats.gov.cn/sj/zxfb/202401/t20240117_1946600.html
2023-12,西宁,-1.0,-0.8,https://www.stats.gov.cn/sj/zxfb/202401/t20240117_1946600.html
2023-12,西安,0.5,-0.5,https://www.stats.gov.cn/sj/zxfb/202401/t20240117_1946600.html
2023-12,贵阳,-0.1,-1.0,https://www.stats.gov.cn/sj/zxfb/202401/t20240117_1946600.html
2023-12,赣州,-0.1,-0.2,https://www.stats.gov.cn/sj/zxfb/202401/t20240117_1946600.html
2023-12,遵义,-0.4,-0.2,https://www.stats.gov.cn/sj/zxfb/202401/t20240117_1946600.html
2023-12,郑州,-0.5,-1.2,https://www.stats.gov.cn/sj/zxfb/202401/t20240117_1946600.html
2023-12,重庆,-0.6,-1.3,https://www.stats.gov.cn/sj/zxfb/202401/t20240117_1946600.html
2023-12,金华,-0.6,-0.5,https://www.stats.gov.cn/sj/zxfb/202401/t20240117_1946600.html
2023-12,银川,-0.9,-0.2,https://www.stats.gov.cn/sj/zxfb/202401/t20240117_1946600.html
2023-12,锦州,-0.8,-0.5,https://www.stats.gov.cn/sj/zxfb/202401/t20240117_1946600.html
2023-12,长春,0.1,-0.4,https://www.stats.gov.cn/sj/zxfb/202401/t20240117_1946600.html
2023-12,长沙,-0.1,-0.6,https://www.stats.gov.cn/sj/zxfb/202401/t20240117_1946600.html
2023-12,青岛,-0.8,-0.5,https://www.stats.gov.cn/sj/zxfb/202401/t20240117_1946600.html
2023-12,韶关,-0.6,-0.7,https://www.stats.gov.cn/sj/zxfb/202401/t20240117_1946600.html
2024-01,三亚,0.0,0.2,https://www.stats.gov.cn/xxgk/sjfb/zxfb2020/202402/t20240223_1947808.html
2024-01,上海,0.4,-0.8,https://www.stats.gov.cn/xxgk/sjfb/zxfb2020/202402/t20240223_1947808.html
2024-01,丹东,-0.5,-0.6,https://www.stats.gov.cn/xxgk/sjfb/zxfb2020/202402/t20240223_1947808.html
2024-01,乌鲁木齐,-0.4,-0.3,https://www.stats.gov.cn/xxgk/sjfb/zxfb2020/202402/t20240223_1947808.html
2024-01,九江,-0.8,-1.1,https://www.stats.gov.cn/xxgk/sjfb/zxfb2020/202402/t20240223_1947808.html
2024-01,兰州,-0.5,-0.7,https://www.stats.gov.cn/xxgk/sjfb/zxfb2020/202402/t20240223_1947808.html
2024-01,包头,-0.3,-0.6,https://www.stats.gov.cn/xxgk/sjfb/zxfb2020/202402/t20240223_1947808.html
2024-01,北京,-0.1,-0.7,https://www.stats.gov.cn/xxgk/sjfb/zxfb2020/202402/t20240223_1947808.html
2024-01,北海,-0.4,-0.3,https://www.stats.gov.cn/xxgk/sjfb/zxfb2020/202402/t20240223_1947808.html
2024-01,南京,-0.5,-0.9,https://www.stats.gov.cn/xxgk/sjfb/zxfb2020/202402/t20240223_1947808.html
2024-01,南充,-0.1,-0.7,https://www.stats.gov.cn/xxgk/sjfb/zxfb2020/202402/t20240223_1947808.html
2024-01,南宁,-0.6,-0.6,https://www.stats.gov.cn/xxgk/sjfb/zxfb2020/202402/t20240223_1947808.html
2024-01,南昌,-1.0,-0.5,https://www.stats.gov.cn/xxgk/sjfb/zxfb2020/202402/t20240223_1947808.html
2024-01,厦门,-0.8,-1.1,https://www.stats.gov.cn/xxgk/sjfb/zxfb2020/202402/t20240223_1947808.html
2024-01,合肥,-0.6,-1.1,https://www.stats.gov.cn/xxgk/sjfb/zxfb2020/202402/t20240223_1947808.html
2024-01,吉林,0.3,-0.7,https://www.stats.gov.cn/xxgk/sjfb/zxfb2020/202402/t20240223_1947808.html
2024-01,呼和浩特,-0.7,-0.5,https://www.stats.gov.cn/xxgk/sjfb/zxfb2020/202402/t20240223_1947808.html
2024-01,哈尔滨,-0.2,-0.4,https://www.stats.gov.cn/xxgk/sjfb/zxfb2020/202402/t20240223_1947808.html
2024-01,唐山,-0.2,-0.5,https://www.stats.gov.cn/xxgk/sjfb/zxfb2020/202402/t20240223_1947808.html
2024-01,大理,-0.1,-0.5,https://www.stats.gov.cn/xxgk/sjfb/zxfb2020/202402/t20240223_1947808.html
2024-01,大连,0.1,-0.7,https://www.stats.gov.cn/xxgk/sjfb/zxfb2020/202402/t20240223_1947808.html
2024-01,天津,0.1,-0.5,https://www.stats.gov.cn/xxgk/sjfb/zxfb2020/202402/t20240223_1947808.html
2024-01,太原,-0.5,-0.3,https://www.stats.gov.cn/xxgk/sjfb/zxfb2020/202402/t20240223_1947808.html
2024-01,宁波,-0.4,-0.6,https://www.stats.gov.cn/xxgk/sjfb/zxfb2020/202402/t20240223_1947808.html
2024-01,安庆,-0.4,-0.9,https://www.stats.gov.cn/xxgk/sjfb/zxfb2020/202402/t20240223_1947808.html
2024-01,宜昌,-0.2,-0.6,https://www.stats.gov.cn/xxgk/sjfb/zxfb2020/202402/t20240223_1947808.html
2024-01,岳阳,-0.6,-0.5,https://www.stats.gov.cn/xxgk/sjfb/zxfb2020/202402/t20240223_1947808.html
2024-01,常德,-0.9,-0.4,https://www.stats.gov.cn/xxgk/sjfb/zxfb2020/202402/t20240223_1947808.html
2024-01,平顶山,-0.3,-1.0,https://www.stats.gov.cn/xxgk/sjfb/zxfb2020/202402/t20240223_1947808.html
2024-01,广州,-0.8,-1.2,https://www.stats.gov.cn/xxgk/sjfb/zxfb2020/202402/t20240223_1947808.html
2024-01,徐州,-1.2,-1.5,https://www.stats.gov.cn/xxgk/sjfb/zxfb2020/202402/t20240223_1947808.html
2024-01,惠州,-0.4,-1.0,https://www.stats.gov.cn/xxgk/sjfb/zxfb2020/202402/t20240223_1947808.html
2024-01,成都,0.0,-0.9,https://www.stats.gov.cn/xxgk/sjfb/zxfb2020/202402/t20240223_1947808.html
2024-01,扬州,0.2,-0.6,https://www.stats.gov.cn/xxgk/sjfb/zxfb2020/202402/t20240223_1947808.html
2024-01,无锡,0.3,-0.8,https://www.stats.gov.cn/xxgk/sjfb/zxfb2020/202402/t20240223_1947808.html
2024-01,昆明,0.0,0.3,https://www.stats.gov.cn/xxgk/sjfb/zxfb2020/202402/t20240223_1947808.html
2024-01,杭州,-0.3,-1.2,https://www.stats.gov.cn/xxgk/sjfb/zxfb2020/202402/t20240223_1947808.html
2024-01,桂林,-0.2,-0.4,https://www.stats.gov.cn/xxgk/sjfb/zxfb2020/202402/t20240223_1947808.html
2024-01,武汉,-0.6,-1.0,https://www.stats.gov.cn/xxgk/sjfb/zxfb2020/202402/t20240223_1947808.html
2024-01,沈阳,-0.6,-0.7,https://www.stats.gov.cn/xxgk/sjfb/zxfb2020/202402/t20240223_1947808.html
2024-01,泉州,0.3,-0.7,https://www.stats.gov.cn/xxgk/sjfb/zxfb2020/202402/t20240223_1947808.html
2024-01,泸州,-0.8,-0.2,https://www.stats.gov.cn/xxgk/sjfb/zxfb2020/202402/t20240223_1947808.html
2024-01,洛阳,-0.4,-1.1,https://www.stats.gov.cn/xxgk/sjfb/zxfb2020/202402/t20240223_1947808.html
2024-01,济南,-0.2,-0.2,https://www.stats.gov.cn/xxgk/sjfb/zxfb2020/202402/t20240223_1947808.html
2024-01,济宁,-0.6,-1.0,https://www.stats.gov.cn/xxgk/sjfb/zxfb2020/202402/t20240223_1947808.html
2024-01,海口,-0.7,-1.1,https://www.stats.gov.cn/xxgk/sjfb/zxfb2020/202402/t20240223_1947808.html
2024-01,深圳,-0.7,-1.6,https://www.stats.gov.cn/xxgk/sjfb/zxfb2020/202402/t20240223_1947808.html
2024-01,温州,-0.5,-0.9,https://www.stats.gov.cn/xxgk/sjfb/zxfb2020/202402/t20240223_1947808.html
2024-01,湛江,-1.3,-1.0,https://www.stats.gov.cn/xxgk/sjfb/zxfb2020/202402/t20240223_1947808.html
2024-01,烟台,-0.3,-0.6,https://www.stats.gov.cn/xxgk/sjfb/zxfb2020/202402/t20240223_1947808.html
2024-01,牡丹江,-0.3,-0.4,https://www.stats.gov.cn/xxgk/sjfb/zxfb2020/202402/t20240223_1947808.html
2024-01,石家庄,0.1,-0.5,https://www.stats.gov.cn/xxgk/sjfb/zxfb2020/202402/t20240223_1947808.html
2024-01,福州,-0.4,-0.4,https://www.stats.gov.cn/xxgk/sjfb/zxfb2020/202402/t20240223_1947808.html
2024-01,秦皇岛,-0.3,-1.0,https://www.stats.gov.cn/xxgk/sjfb/zxfb2020/202402/t20240223_1947808.html
2024-01,蚌埠,-0.6,-0.8,https://www.stats.gov.cn/xxgk/sjfb/zxfb2020/202402/t20240223_1947808.html
2024-01,襄阳,-0.6,-0.7,https://www.stats.gov.cn/xxgk/sjfb/zxfb2020/202402/t20240223_1947808.html
2024-01,西宁,-1.1,-0.7,https://www.stats.gov.cn/xxgk/sjfb/zxfb2020/202402/t20240223_1947808.html
2024-01,西安,0.2,-0.5,https://www.stats.gov.cn/xxgk/sjfb/zxfb2020/202402/t20240223_1947808.html
2024-01,贵阳,-0.4,-0.5,https://www.stats.gov.cn/xxgk/sjfb/zxfb2020/202402/t20240223_1947808.html
2024-01,赣州,-0.4,-0.7,https://www.stats.gov.cn/xxgk/sjfb/zxfb2020/202402/t20240223_1947808.html
2024-01,遵义,-0.2,-0.5,https://www.stats.gov.cn/xxgk/sjfb/zxfb2020/202402/t20240223_1947808.html
2024-01,郑州,-0.4,-0.7,https://www.stats.gov.cn/xxgk/sjfb/zxfb2020/202402/t20240223_1947808.html
2024-01,重庆,0.1,-1.0,https://www.stats.gov.cn/xxgk/sjfb/zxfb2020/202402/t20240223_1947808.html
2024-01,金华,-0.9,-1.0,https://www.stats.gov.cn/xxgk/sjfb/zxfb2020/202402/t20240223_1947808.html
2024-01,银川,-0.2,-0.2,https://www.stats.gov.cn/xxgk/sjfb/zxfb2020/202402/t20240223_1947808.html
2024-01,锦州,-0.4,-0.2,https://www.stats.gov.cn/xxgk/sjfb/zxfb2020/202402/t20240223_1947808.html
2024-01,长春,0.2,-0.5,https://www.stats.gov.cn/xxgk/sjfb/zxfb2020/202402/t20240223_1947808.html
2024-01,长沙,-0.1,-0.7,https://www.stats.gov.cn/xxgk/sjfb/zxfb2020/202402/t20240223_1947808.html
2024-01,青岛,-0.7,-0.8,https://www.stats.gov.cn/xxgk/sjfb/zxfb2020/202402/t20240223_1947808.html
2024-01,韶关,-0.4,-0.3,https://www.stats.gov.cn/xxgk/sjfb/zxfb2020/202402/t20240223_1947808.html
2024-02,三亚,-0.3,-0.4,https://www.stats.gov.cn/sj/zxfb/202403/t20240322_1948125.html
2024-02,上海,0.2,-0.6,https://www.stats.gov.cn/sj/zxfb/202403/t20240322_1948125.html
2024-02,丹东,-0.3,-0.3,https://www.stats.gov.cn/sj/zxfb/202403/t20240322_1948125.html
2024-02,乌鲁木齐,0.0,-0.4,https://www.stats.gov.cn/sj/zxfb/202403/t20240322_1948125.html
2024-02,九江,-0.7,-0.5,https://www.stats.gov.cn/sj/zxfb/202403/t20240322_1948125.html
2024-02,兰州,-0.6,-0.5,https://www.stats.gov.cn/sj/zxfb/202403/t20240322_1948125.html
2024-02,包头,-0.6,-0.8,https://www.stats.gov.cn/sj/zxfb/202403/t20240322_1948125.html
2024-02,北京,-0.1,-0.9,https://www.stats.gov.cn/sj/zxfb/202403/t20240322_1948125.html
2024-02,北海,0.4,-0.5,https://www.stats.gov.cn/sj/zxfb/202403/t20240322_1948125.html
2024-02,南京,-1.1,-0.8,https://www.stats.gov.cn/sj/zxfb/202403/t20240322_1948125.html
2024-02,南充,-0.2,-0.4,https://www.stats.gov.cn/sj/zxfb/202403/t20240322_1948125.html
2024-02,南宁,-0.7,-0.8,https://www.stats.gov.cn/sj/zxfb/202403/t20240322_1948125.html
2024-02,南昌,-0.4,-0.6,https://www.stats.gov.cn/sj/zxfb/202403/t20240322_1948125.html
2024-02,厦门,-0.7,-1.1,https://www.stats.gov.cn/sj/zxfb/202403/t20240322_1948125.html
2024-02,合肥,-0.3,-0.6,https://www.stats.gov.cn/sj/zxfb/202403/t20240322_1948125.html
2024-02,吉林,-0.4,-0.3,https://www.stats.gov.cn/sj/zxfb/202403/t20240322_1948125.html
2024-02,呼和浩特,-0.3,-0.6,https://www.stats.gov.cn/sj/zxfb/202403/t20240322_1948125.html
2024-02,哈尔滨,-0.6,-0.4,https://www.stats.gov.cn/sj/zxfb/202403/t20240322_1948125.html
2024-02,唐山,-0.4,-0.7,https://www.stats.gov.cn/sj/zxfb/202403/t20240322_1948125.html
2024-02,大理,-0.3,-0.7,https://www.stats.gov.cn/sj/zxfb/202403/t20240322_1948125.html
2024-02,大连,-0.5,-0.5,https://www.stats.gov.cn/sj/zxfb/202403/t20240322_1948125.html
2024-02,天津,0.4,-0.6,https://www.stats.gov.cn/sj/zxfb/202403/t20240322_1948125.html
2024-02,太原,-0.1,-0.5,https://www.stats.gov.cn/sj/zxfb/202403/t20240322_1948125.html
2024-02,宁波,-0.4,-0.8,https://www.stats.gov.cn/sj/zxfb/202403/t20240322_1948125.html
2024-02,安庆,-0.6,-0.8,https://www.stats.gov.cn/sj/zxfb/202403/t20240322_1948125.html
2024-02,宜昌,-0.4,-0.5,https://www.stats.gov.cn/sj/zxfb/202403/t20240322_1948125.html
2024-02,岳阳,-0.4,-0.3,https://www.stats.gov.cn/sj/zxfb/202403/t20240322_1948125.html
2024-02,常德,-0.6,-0.9,https://www.stats.gov.cn/sj/zxfb/202403/t20240322_1948125.html
2024-02,平顶山,-0.2,-1.1,https://www.stats.gov.cn/sj/zxfb/202403/t20240322_1948125.html
2024-02,广州,-0.8,-1.0,https://www.stats.gov.cn/sj/zxfb/202403/t20240322_1948125.html
2024-02,徐州,-0.5,-0.6,https://www.stats.gov.cn/sj/zxfb/202403/t20240322_1948125.html
2024-02,惠州,0.0,-0.8,https://www.stats.gov.cn/sj/zxfb/202403/t20240322_1948125.html
2024-02,成都,-0.1,-0.9,https://www.stats.gov.cn/sj/zxfb/202403/t20240322_1948125.html
2024-02,扬州,-0.1,-0.5,https://www.stats.gov.cn/sj/zxfb/202403/t20240322_1948125.html
2024-02,无锡,0.4,0.2,https://www.stats.gov.cn/sj/zxfb/202403/t20240322_1948125.html
2024-02,昆明,0.2,0.4,https://www.stats.gov.cn/sj/zxfb/202403/t20240322_1948125.html
2024-02,杭州,-0.2,-0.7,https://www.stats.gov.cn/sj/zxfb/202403/t20240322_1948125.html
2024-02,桂林,-0.5,-0.4,https://www.stats.gov.cn/sj/zxfb/202403/t20240322_1948125.html
2024-02,武汉,-0.5,-1.5,https://www.stats.gov.cn/sj/zxfb/202403/t20240322_1948125.html
2024-02,沈阳,-0.7,-1.0,https://www.stats.gov.cn/sj/zxfb/202403/t20240322_1948125.html
2024-02,泉州,0.1,-0.4,https://www.stats.gov.cn/sj/zxfb/202403/t20240322_1948125.html
2024-02,泸州,-0.9,-0.2,https://www.stats.gov.cn/sj/zxfb/202403/t20240322_1948125.html
2024-02,洛阳,-0.5,-1.0,https://www.stats.gov.cn/sj/zxfb/202403/t20240322_1948125.html
2024-02,济南,-0.4,-0.7,https://www.stats.gov.cn/sj/zxfb/202403/t20240322_1948125.html
2024-02,济宁,-0.5,-0.4,https://www.stats.gov.cn/sj/zxfb/202403/t20240322_1948125.html
2024-02,海口,-0.5,-0.6,https://www.stats.gov.cn/sj/zxfb/202403/t20240322_1948125.html
2024-02,深圳,-0.5,-0.5,https://www.stats.gov.cn/sj/zxfb/202403/t20240322_1948125.html
2024-02,温州,-0.6,-1.0,https://www.stats.gov.cn/sj/zxfb/202403/t20240322_1948125.html
2024-02,湛江,-1.0,-0.7,https://www.stats.gov.cn/sj/zxfb/202403/t20240322_1948125.html
2024-02,烟台,-0.3,-0.3,https://www.stats.gov.cn/sj/zxfb/202403/t20240322_1948125.html
2024-02,牡丹江,-0.1,-0.6,https://www.stats.gov.cn/sj/zxfb/202403/t20240322_1948125.html
2024-02,石家庄,0.1,-0.6,https://www.stats.gov.cn/sj/zxfb/202403/t20240322_1948125.html
2024-02,福州,-0.7,-0.9,https://www.stats.gov.cn/sj/zxfb/202403/t20240322_1948125.html
2024-02,秦皇岛,-0.3,-1.1,https://www.stats.gov.cn/sj/zxfb/202403/t20240322_1948125.html
2024-02,蚌埠,-0.7,-0.9,https://www.stats.gov.cn/sj/zxfb/202403/t20240322_1948125.html
2024-02,襄阳,-0.9,-0.6,https://www.stats.gov.cn/sj/zxfb/202403/t20240322_1948125.html
2024-02,西宁,-0.2,-0.5,https://www.stats.gov.cn/sj/zxfb/202403/t20240322_1948125.html
2024-02,西安,0.3,-0.4,https://www.stats.gov.cn/sj/zxfb/202403/t20240322_1948125.html
2024-02,贵阳,-0.3,-0.6,https://www.stats.gov.cn/sj/zxfb/202403/t20240322_1948125.html
2024-02,赣州,-0.2,-0.5,https://www.stats.gov.cn/sj/zxfb/202403/t20240322_1948125.html
2024-02,遵义,-0.4,-0.3,https://www.stats.gov.cn/sj/zxfb/202403/t20240322_1948125.html
2024-02,郑州,-0.5,-0.7,https://www.stats.gov.cn/sj/zxfb/202403/t20240322_1948125.html
2024-02,重庆,0.0,-0.3,https://www.stats.gov.cn/sj/zxfb/202403/t20240322_1948125.html
2024-02,金华,-0.8,-1.0,https://www.stats.gov.cn/sj/zxfb/202403/t20240322_1948125.html
2024-02,银川,-0.6,-0.8,https://www.stats.gov.cn/sj/zxfb/202403/t20240322_1948125.html
2024-02,锦州,-0.1,-0.6,https://www.stats.gov.cn/sj/zxfb/202403/t20240322_1948125.html
2024-02,长春,-0.5,-0.9,https://www.stats.gov.cn/sj/zxfb/202403/t20240322_1948125.html
2024-02,长沙,-0.3,-0.5,https://www.stats.gov.cn/sj/zxfb/202403/t20240322_1948125.html
2024-02,青岛,-0.3,-0.6,https://www.stats.gov.cn/sj/zxfb/202403/t20240322_1948125.html
2024-02,韶关,-0.6,-0.8,https://www.stats.gov.cn/sj/zxfb/202403/t20240322_1948125.html
2024-03,三亚,-0.3,-0.3,https://www.stats.gov.cn/sj/zxfb/202404/t20240416_1948557.html
2024-03,上海,0.5,-0.3,https://www.stats.gov.cn/sj/zxfb/202404/t20240416_1948557.html
2024-03,丹东,-0.4,-0.9,https://www.stats.gov.cn/sj/zxfb/202404/t20240416_1948557.html
2024-03,乌鲁木齐,-0.3,-0.6,https://www.stats.gov.cn/sj/zxfb/202404/t20240416_1948557.html
2024-03,九江,-0.6,-0.3,https://www.stats.gov.cn/sj/zxfb/202404/t20240416_1948557.html
2024-03,兰州,-0.1,-0.8,https://www.stats.gov.cn/sj/zxfb/202404/t20240416_1948557.html
2024-03,包头,-0.4,-0.7,https://www.stats.gov.cn/sj/zxfb/202404/t20240416_1948557.html
2024-03,北京,0.0,-0.4,https://www.stats.gov.cn/sj/zxfb/202404/t20240416_1948557.html
2024-03,北海,0.4,-0.2,https://www.stats.gov.cn/sj/zxfb/202404/t20240416_1948557.html
2024-03,南京,-1.2,-0.5,https://www.stats.gov.cn/sj/zxfb/202404/t20240416_1948557.html
2024-03,南充,0.1,-0.2,https://www.stats.gov.cn/sj/zxfb/202404/t20240416_1948557.html
2024-03,南宁,-0.8,-0.5,https://www.stats.gov.cn/sj/zxfb/202404/t20240416_1948557.html
2024-03,南昌,-0.4,-0.1,https://www.stats.gov.cn/sj/zxfb/202404/t20240416_1948557.html
2024-03,厦门,-0.6,-0.7,https://www.stats.gov.cn/sj/zxfb/202404/t20240416_1948557.html
2024-03,合肥,-0.2,-0.3,https://www.stats.gov.cn/sj/zxfb/202404/t20240416_1948557.html
2024-03,吉林,0.2,-0.6,https://www.stats.gov.cn/sj/zxfb/202404/t20240416_1948557.html
2024-03,呼和浩特,-0.4,-0.5,https://www.stats.gov.cn/sj/zxfb/202404/t20240416_1948557.html
2024-03,哈尔滨,-0.4,-0.7,https://www.stats.gov.cn/sj/zxfb/202404/t20240416_1948557.html
2024-03,唐山,-0.4,-0.6,https://www.stats.gov.cn/sj/zxfb/202404/t20240416_1948557.html
2024-03,大理,0.2,-0.4,https://www.stats.gov.cn/sj/zxfb/202404/t20240416_1948557.html
2024-03,大连,-0.4,-0.8,https://www.stats.gov.cn/sj/zxfb/202404/t20240416_1948557.html
2024-03,天津,-0.3,-0.7,https://www.stats.gov.cn/sj/zxfb/202404/t20240416_1948557.html
2024-03,太原,0.3,-0.1,https://www.stats.gov.cn/sj/zxfb/202404/t20240416_1948557.html
2024-03,宁波,-0.6,-0.6,https://www.stats.gov.cn/sj/zxfb/202404/t20240416_1948557.html
2024-03,安庆,-0.6,-0.6,https://www.stats.gov.cn/sj/zxfb/202404/t20240416_1948557.html
2024-03,宜昌,-0.6,-0.5,https://www.stats.gov.cn/sj/zxfb/202404/t20240416_1948557.html
2024-03,岳阳,-0.3,-0.2,https://www.stats.gov.cn/sj/zxfb/202404/t20240416_1948557.html
2024-03,常德,-0.4,-1.0,https://www.stats.gov.cn/sj/zxfb/202404/t20240416_1948557.html
2024-03,平顶山,0.1,-0.7,https://www.stats.gov.cn/sj/zxfb/202404/t20240416_1948557.html
2024-03,广州,-0.7,-1.0,https://www.stats.gov.cn/sj/zxfb/202404/t20240416_1948557.html
2024-03,徐州,-0.8,-0.8,https://www.stats.gov.cn/sj/zxfb/202404/t20240416_1948557.html
2024-03,惠州,-0.6,-0.3,https://www.stats.gov.cn/sj/zxfb/202404/t20240416_1948557.html
2024-03,成都,-0.1,-0.7,https://www.stats.gov.cn/sj/zxfb/202404/t20240416_1948557.html
2024-03,扬州,-0.6,-0.3,https://www.stats.gov.cn/sj/zxfb/202404/t20240416_1948557.html
2024-03,无锡,-0.3,-0.8,https://www.stats.gov.cn/sj/zxfb/202404/t20240416_1948557.html
2024-03,昆明,-0.9,-0.5,https://www.stats.gov.cn/sj/zxfb/202404/t20240416_1948557.html
2024-03,杭州,0.0,-0.5,https://www.stats.gov.cn/sj/zxfb/202404/t20240416_1948557.html
2024-03,桂林,0.1,-0.5,https://www.stats.gov.cn/sj/zxfb/202404/t20240416_1948557.html
2024-03,武汉,-0.8,-0.9,https://www.stats.gov.cn/sj/zxfb/202404/t20240416_1948557.html
2024-03,沈阳,-0.3,-0.6,https://www.stats.gov.cn/sj/zxfb/202404/t20240416_1948557.html
2024-03,泉州,-0.2,-0.7,https://www.stats.gov.cn/sj/zxfb/202404/t20240416_1948557.html
2024-03,泸州,-0.7,-0.4,https://www.stats.gov.cn/sj/zxfb/202404/t20240416_1948557.html
2024-03,洛阳,-0.3,-0.4,https://www.stats.gov.cn/sj/zxfb/202404/t20240416_1948557.html
2024-03,济南,-0.4,-0.8,https://www.stats.gov.cn/sj/zxfb/202404/t20240416_1948557.html
2024-03,济宁,-0.4,-0.3,https://www.stats.gov.cn/sj/zxfb/202404/t20240416_1948557.html
2024-03,海口,-0.1,-0.7,https://www.stats.gov.cn/sj/zxfb/202404/t20240416_1948557.html
2024-03,深圳,-0.4,-1.0,https://www.stats.gov.cn/sj/zxfb/202404/t20240416_1948557.html
2024-03,温州,-0.8,-0.5,https://www.stats.gov.cn/sj/zxfb/202404/t20240416_1948557.html
2024-03,湛江,-0.6,-0.4,https://www.stats.gov.cn/sj/zxfb/202404/t20240416_1948557.html
2024-03,烟台,-0.4,-0.4,https://www.stats.gov.cn/sj/zxfb/202404/t20240416_1948557.html
2024-03,牡丹江,-0.4,-0.6,https://www.stats.gov.cn/sj/zxfb/202404/t20240416_1948557.html
2024-03,石家庄,-0.1,-0.2,https://www.stats.gov.cn/sj/zxfb/202404/t20240416_1948557.html
2024-03,福州,-0.2,0.1,https://www.stats.gov.cn/sj/zxfb/202404/t20240416_1948557.html
2024-03,秦皇岛,-0.5,-0.6,https://www.stats.gov.cn/sj/zxfb/202404/t20240416_1948557.html
2024-03,蚌埠,-0.4,-0.7,https://www.stats.gov.cn/sj/zxfb/202404/t20240416_1948557.html
2024-03,襄阳,-0.7,-0.8,https://www.stats.gov.cn/sj/zxfb/202404/t20240416_1948557.html
2024-03,西宁,-0.3,-0.3,https://www.stats.gov.cn/sj/zxfb/202404/t20240416_1948557.html
2024-03,西安,0.4,-0.3,https://www.stats.gov.cn/sj/zxfb/202404/t20240416_1948557.html
2024-03,贵阳,-0.3,-0.4,https://www.stats.gov.cn/sj/zxfb/202404/t20240416_1948557.html
2024-03,赣州,-0.1,-0.5,https://www.stats.gov.cn/sj/zxfb/202404/t20240416_1948557.html
2024-03,遵义,0.2,-0.2,https://www.stats.gov.cn/sj/zxfb/202404/t20240416_1948557.html
2024-03,郑州,-0.7,-0.5,https://www.stats.gov.cn/sj/zxfb/202404/t20240416_1948557.html
2024-03,重庆,0.3,-0.3,https://www.stats.gov.cn/sj/zxfb/202404/t20240416_1948557.html
2024-03,金华,-1.4,-0.9,https://www.stats.gov.cn/sj/zxfb/202404/t20240416_1948557.html
2024-03,银川,-0.4,-0.6,https://www.stats.gov.cn/sj/zxfb/202404/t20240416_1948557.html
2024-03,锦州,-0.1,-0.5,https://www.stats.gov.cn/sj/zxfb/202404/t20240416_1948557.html
2024-03,长春,-0.5,-0.6,https://www.stats.gov.cn/sj/zxfb/202404/t20240416_1948557.html
2024-03,长沙,-0.5,-1.1,https://www.stats.gov.cn/sj/zxfb/202404/t20240416_1948557.html
2024-03,青岛,-0.3,-0.5,https://www.stats.gov.cn/sj/zxfb/202404/t20240416_1948557.html
2024-03,韶关,-0.3,-0.1,https://www.stats.gov.cn/sj/zxfb/202404/t20240416_1948557.html
2024-04,三亚,-0.4,-0.5,https://www.stats.gov.cn/sj/zxfb/202405/t20240517_1950386.html
2024-04,上海,0.3,-0.8,https://www.stats.gov.cn/sj/zxfb/202405/t20240517_1950386.html
2024-04,丹东,-1.0,-1.2,https://www.stats.gov.cn/sj/zxfb/202405/t20240517_1950386.html
2024-04,乌鲁木齐,-0.5,-0.5,https://www.stats.gov.cn/sj/zxfb/202405/t20240517_1950386.html
2024-04,九江,-0.8,-1.5,https://www.stats.gov.cn/sj/zxfb/202405/t20240517_1950386.html
2024-04,兰州,-0.6,-1.0,https://www.stats.gov.cn/sj/zxfb/202405/t20240517_1950386.html
2024-04,包头,-0.6,-0.9,https://www.stats.gov.cn/sj/zxfb/202405/t20240517_1950386.html
2024-04,北京,-0.7,-1.6,https://www.stats.gov.cn/sj/zxfb/202405/t20240517_1950386.html
2024-04,北海,-0.6,-0.4,https://www.stats.gov.cn/sj/zxfb/202405/t20240517_1950386.html
2024-04,南京,-0.8,-1.4,https://www.stats.gov.cn/sj/zxfb/202405/t20240517_1950386.html
2024-04,南充,-0.1,-0.3,https://www.stats.gov.cn/sj/zxfb/202405/t20240517_1950386.html
2024-04,南宁,-0.7,-1.5,https://www.stats.gov.cn/sj/zxfb/202405/t20240517_1950386.html
2024-04,南昌,-0.3,-1.3,https://www.stats.gov.cn/sj/zxfb/202405/t20240517_1950386.html
2024-04,厦门,-1.3,-1.7,https://www.stats.gov.cn/sj/zxfb/202405/t20240517_1950386.html
2024-04,合肥,-0.7,-1.2,https://www.stats.gov.cn/sj/zxfb/202405/t20240517_1950386.html
2024-04,吉林,-1.2,-0.9,https://www.stats.gov.cn/sj/zxfb/202405/t20240517_1950386.html
2024-04,呼和浩特,-0.5,-1.1,https://www.stats.gov.cn/sj/zxfb/202405/t20240517_1950386.html
2024-04,哈尔滨,-0.4,-0.5,https://www.stats.gov.cn/sj/zxfb/202405/t20240517_1950386.html
2024-04,唐山,-0.7,-0.9,https://www.stats.gov.cn/sj/zxfb/202405/t20240517_1950386.html
2024-04,大理,-0.5,-1.0,https://www.stats.gov.cn/sj/zxfb/202405/t20240517_1950386.html
2024-04,大连,-0.6,-1.6,https://www.stats.gov.cn/sj/zxfb/202405/t20240517_1950386.html
2024-04,天津,0.1,-1.3,https://www.stats.gov.cn/sj/zxfb/202405/t20240517_1950386.html
2024-04,太原,0.2,-0.2,https://www.stats.gov.cn/sj/zxfb/202405/t20240517_1950386.html
2024-04,宁波,-1.8,-1.0,https://www.stats.gov.cn/sj/zxfb/202405/t20240517_1950386.html
2024-04,安庆,-1.0,-0.9,https://www.stats.gov.cn/sj/zxfb/202405/t20240517_1950386.html
2024-04,宜昌,-0.8,-0.6,https://www.stats.gov.cn/sj/zxfb/202405/t20240517_1950386.html
2024-04,岳阳,-0.5,-0.7,https://www.stats.gov.cn/sj/zxfb/202405/t20240517_1950386.html
2024-04,常德,-0.8,-1.2,https://www.stats.gov.cn/sj/zxfb/202405/t20240517_1950386.html
2024-04,平顶山,0.1,-0.3,https://www.stats.gov.cn/sj/zxfb/202405/t20240517_1950386.html
2024-04,广州,-1.3,-1.4,https://www.stats.gov.cn/sj/zxfb/202405/t20240517_1950386.html
2024-04,徐州,-0.3,-1.0,https://www.stats.gov.cn/sj/zxfb/202405/t20240517_1950386.html
2024-04,惠州,-0.9,-1.2,https://www.stats.gov.cn/sj/zxfb/202405/t20240517_1950386.html
2024-04,成都,-0.3,-0.8,https://www.stats.gov.cn/sj/zxfb/202405/t20240517_1950386.html
2024-04,扬州,-0.4,-0.9,https://www.stats.gov.cn/sj/zxfb/202405/t20240517_1950386.html
2024-04,无锡,-0.7,-1.6,https://www.stats.gov.cn/sj/zxfb/202405/t20240517_1950386.html
2024-04,昆明,-0.7,0.2,https://www.stats.gov.cn/sj/zxfb/202405/t20240517_1950386.html
2024-04,杭州,-0.5,-1.1,https://www.stats.gov.cn/sj/zxfb/202405/t20240517_1950386.html
2024-04,桂林,-0.6,-1.6,https://www.stats.gov.cn/sj/zxfb/202405/t20240517_1950386.html
2024-04,武汉,-1.0,-1.5,https://www.stats.gov.cn/sj/zxfb/202405/t20240517_1950386.html
2024-04,沈阳,-0.2,-1.1,https://www.stats.gov.cn/sj/zxfb/202405/t20240517_1950386.html
2024-04,泉州,-0.7,-0.4,https://www.stats.gov.cn/sj/zxfb/202405/t20240517_1950386.html
2024-04,泸州,-0.6,-1.0,https://www.stats.gov.cn/sj/zxfb/202405/t20240517_1950386.html
2024-04,洛阳,-0.2,-0.5,https://www.stats.gov.cn/sj/zxfb/202405/t20240517_1950386.html
2024-04,济南,-0.2,-0.6,https://www.stats.gov.cn/sj/zxfb/202405/t20240517_1950386.html
2024-04,济宁,-0.3,-1.1,https://www.stats.gov.cn/sj/zxfb/202405/t20240517_1950386.html
2024-04,海口,-0.3,-0.7,https://www.stats.gov.cn/sj/zxfb/202405/t20240517_1950386.html
2024-04,深圳,-1.0,-0.7,https://www.stats.gov.cn/sj/zxfb/202405/t20240517_1950386.html
2024-04,温州,-0.7,-1.7,https://www.stats.gov.cn/sj/zxfb/202405/t20240517_1950386.html
2024-04,湛江,-1.0,-1.1,https://www.stats.gov.cn/sj/zxfb/202405/t20240517_1950386.html
2024-04,烟台,-1.2,-1.8,https://www.stats.gov.cn/sj/zxfb/202405/t20240517_1950386.html
2024-04,牡丹江,-0.6,-0.4,https://www.stats.gov.cn/sj/zxfb/202405/t20240517_1950386.html
2024-04,石家庄,-0.5,-0.6,https://www.stats.gov.cn/sj/zxfb/202405/t20240517_1950386.html
2024-04,福州,-0.5,-1.1,https://www.stats.gov.cn/sj/zxfb/202405/t20240517_1950386.html
2024-04,秦皇岛,-0.7,-1.0,https://www.stats.gov.cn/sj/zxfb/202405/t20240517_1950386.html
2024-04,蚌埠,-0.8,-1.0,https://www.stats.gov.cn/sj/zxfb/202405/t20240517_1950386.html
2024-04,襄阳,-0.5,-1.2,https://www.stats.gov.cn/sj/zxfb/202405/t20240517_1950386.html
2024-04,西宁,-0.4,-0.6,https://www.stats.gov.cn/sj/zxfb/202405/t20240517_1950386.html
2024-04,西安,0.1,-0.6,https://www.stats.gov.cn/sj/zxfb/202405/t20240517_1950386.html
2024-04,贵阳,-0.1,-0.5,https://www.stats.gov.cn/sj/zxfb/202405/t20240517_1950386.html
2024-04,赣州,-0.5,-1.2,https://www.stats.gov.cn/sj/zxfb/202405/t20240517_1950386.html
2024-04,遵义,0.2,-0.5,https://www.stats.gov.cn/sj/zxfb/202405/t20240517_1950386.html
2024-04,郑州,-0.8,-0.6,https://www.stats.gov.cn/sj/zxfb/202405/t20240517_1950386.html
2024-04,重庆,-1.3,-0.9,https://www.stats.gov.cn/sj/zxfb/202405/t20240517_1950386.html
2024-04,金华,-0.7,-0.9,https://www.stats.gov.cn/sj/zxfb/202405/t20240517_1950386.html
2024-04,银川,-0.5,-0.8,https://www.stats.gov.cn/sj/zxfb/202405/t20240517_1950386.html
2024-04,锦州,-0.7,-1.1,https://www.stats.gov.cn/sj/zxfb/202405/t20240517_1950386.html
2024-04,长春,-0.3,-0.6,https://www.stats.gov.cn/sj/zxfb/202405/t20240517_1950386.html
2024-04,长沙,-0.6,-1.0,https://www.stats.gov.cn/sj/zxfb/202405/t20240517_1950386.html
2024-04,青岛,-0.8,-1.2,https://www.stats.gov.cn/sj/zxfb/202405/t20240517_1950386.html
2024-04,韶关,-0.5,-0.3,https://www.stats.gov.cn/sj/zxfb/202405/t20240517_1950386.html
2024-05,三亚,-0.7,-0.7,https://www.stats.gov.cn/sj/zxfb/202406/t20240617_1954705.html
2024-05,上海,0.6,-1.3,https://www.stats.gov.cn/sj/zxfb/202406/t20240617_1954705.html
2024-05,丹东,-0.8,-1.3,https://www.stats.gov.cn/sj/zxfb/202406/t20240617_1954705.html
2024-05,乌鲁木齐,-0.2,-0.6,https://www.stats.gov.cn/sj/zxfb/202406/t20240617_1954705.html
2024-05,九江,-1.7,-1.2,https://www.stats.gov.cn/sj/zxfb/202406/t20240617_1954705.html
2024-05,兰州,-0.5,-0.7,https://www.stats.gov.cn/sj/zxfb/202406/t20240617_1954705.html
2024-05,包头,-0.5,-1.0,https://www.stats.gov.cn/sj/zxfb/202406/t20240617_1954705.html
2024-05,北京,-1.1,-1.2,https://www.stats.gov.cn/sj/zxfb/202406/t20240617_1954705.html
2024-05,北海,-0.5,-0.6,https://www.stats.gov.cn/sj/zxfb/202406/t20240617_1954705.html
2024-05,南京,-1.1,-0.6,https://www.stats.gov.cn/sj/zxfb/202406/t20240617_1954705.html
2024-05,南充,-0.4,-1.1,https://www.stats.gov.cn/sj/zxfb/202406/t20240617_1954705.html
2024-05,南宁,-1.5,-0.8,https://www.stats.gov.cn/sj/zxfb/202406/t20240617_1954705.html
2024-05,南昌,-0.5,-1.9,https://www.stats.gov.cn/sj/zxfb/202406/t20240617_1954705.html
2024-05,厦门,-1.1,-2.0,https://www.stats.gov.cn/sj/zxfb/202406/t20240617_1954705.html
2024-05,合肥,-0.3,-0.9,https://www.stats.gov.cn/sj/zxfb/202406/t20240617_1954705.html
2024-05,吉林,-1.3,-1.0,https://www.stats.gov.cn/sj/zxfb/202406/t20240617_1954705.html
2024-05,呼和浩特,-0.5,-1.2,https://www.stats.gov.cn/sj/zxfb/202406/t20240617_1954705.html
2024-05,哈尔滨,-0.6,-0.7,https://www.stats.gov.cn/sj/zxfb/202406/t20240617_1954705.html
2024-05,唐山,-0.8,-1.6,https://www.stats.gov.cn/sj/zxfb/202406/t20240617_1954705.html
2024-05,大理,-0.8,-1.5,https://www.stats.gov.cn/sj/zxfb/202406/t20240617_1954705.html
2024-05,大连,-0.5,-0.9,https://www.stats.gov.cn/sj/zxfb/202406/t20240617_1954705.html
2024-05,天津,-0.4,-1.1,https://www.stats.gov.cn/sj/zxfb/202406/t20240617_1954705.html
2024-05,太原,0.1,-0.6,https://www.stats.gov.cn/sj/zxfb/202406/t20240617_1954705.html
2024-05,宁波,-1.3,-1.6,https://www.stats.gov.cn/sj/zxfb/202406/t20240617_1954705.html
2024-05,安庆,-0.6,-1.3,https://www.stats.gov.cn/sj/zxfb/202406/t20240617_1954705.html
2024-05,宜昌,-0.7,-1.3,https://www.stats.gov.cn/sj/zxfb/202406/t20240617_1954705.html
2024-05,岳阳,-0.5,-0.6,https://www.stats.gov.cn/sj/zxfb/202406/t20240617_1954705.html
2024-05,常德,-1.6,-1.2,https://www.stats.gov.cn/sj/zxfb/202406/t20240617_1954705.html
2024-05,平顶山,-0.4,-0.6,https://www.stats.gov.cn/sj/zxfb/202406/t20240617_1954705.html
2024-05,广州,-1.4,-1.6,https://www.stats.gov.cn/sj/zxfb/202406/t20240617_1954705.html
2024-05,徐州,-0.7,-1.2,https://www.stats.gov.cn/sj/zxfb/202406/t20240617_1954705.html
2024-05,惠州,-0.6,-1.1,https://www.stats.gov.cn/sj/zxfb/202406/t20240617_1954705.html
2024-05,成都,-0.7,-1.1,https://www.stats.gov.cn/sj/zxfb/202406/t20240617_1954705.html
2024-05,扬州,-1.2,-0.3,https://www.stats.gov.cn/sj/zxfb/202406/t20240617_1954705.html
2024-05,无锡,-0.6,-0.7,https://www.stats.gov.cn/sj/zxfb/202406/t20240617_1954705.html
2024-05,昆明,-1.5,-1.2,https://www.stats.gov.cn/sj/zxfb/202406/t20240617_1954705.html
2024-05,杭州,-0.6,-1.0,https://www.stats.gov.cn/sj/zxfb/202406/t20240617_1954705.html
2024-05,桂林,-0.5,-0.4,https://www.stats.gov.cn/sj/zxfb/202406/t20240617_1954705.html
2024-05,武汉,-1.5,-1.3,https://www.stats.gov.cn/sj/zxfb/202406/t20240617_1954705.html
2024-05,沈阳,-0.4,-0.6,https://www.stats.gov.cn/sj/zxfb/202406/t20240617_1954705.html
2024-05,泉州,-0.8,-0.9,https://www.stats.gov.cn/sj/zxfb/202406/t20240617_1954705.html
2024-05,泸州,-0.7,-1.1,https://www.stats.gov.cn/sj/zxfb/202406/t20240617_1954705.html
2024-05,洛阳,-0.3,-1.0,https://www.stats.gov.cn/sj/zxfb/202406/t20240617_1954705.html
2024-05,济南,-0.6,-1.6,https://www.stats.gov.cn/sj/zxfb/202406/t20240617_1954705.html
2024-05,济宁,-1.0,-1.2,https://www.stats.gov.cn/sj/zxfb/202406/t20240617_1954705.html
2024-05,海口,-0.1,-0.8,https://www.stats.gov.cn/sj/zxfb/202406/t20240617_1954705.html
2024-05,深圳,-0.8,-1.0,https://www.stats.gov.cn/sj/zxfb/202406/t20240617_1954705.html
2024-05,温州,-0.6,-0.9,https://www.stats.gov.cn/sj/zxfb/202406/t20240617_1954705.html
2024-05,湛江,-0.5,-0.8,https://www.stats.gov.cn/sj/zxfb/202406/t20240617_1954705.html
2024-05,烟台,-0.7,-0.9,https://www.stats.gov.cn/sj/zxfb/202406/t20240617_1954705.html
2024-05,牡丹江,-1.1,-0.9,https://www.stats.gov.cn/sj/zxfb/202406/t20240617_1954705.html
2024-05,石家庄,-0.7,-1.1,https://www.stats.gov.cn/sj/zxfb/202406/t20240617_1954705.html
2024-05,福州,-0.8,-1.4,https://www.stats.gov.cn/sj/zxfb/202406/t20240617_1954705.html
2024-05,秦皇岛,-1.0,-0.9,https://www.stats.gov.cn/sj/zxfb/202406/t20240617_1954705.html
2024-05,蚌埠,-0.5,-0.8,https://www.stats.gov.cn/sj/zxfb/202406/t20240617_1954705.html
2024-05,襄阳,-0.8,-1.2,https://www.stats.gov.cn/sj/zxfb/202406/t20240617_1954705.html
2024-05,西宁,-0.4,-0.7,https://www.stats.gov.cn/sj/zxfb/202406/t20240617_1954705.html
2024-05,西安,-0.1,-1.0,https://www.stats.gov.cn/sj/zxfb/202406/t20240617_1954705.html
2024-05,贵阳,-0.6,-0.6,https://www.stats.gov.cn/sj/zxfb/202406/t20240617_1954705.html
2024-05,赣州,-0.8,-1.1,https://www.stats.gov.cn/sj/zxfb/202406/t20240617_1954705.html
2024-05,遵义,-0.3,-0.2,https://www.stats.gov.cn/sj/zxfb/202406/t20240617_1954705.html
2024-05,郑州,-0.5,-0.9,https://www.stats.gov.cn/sj/zxfb/202406/t20240617_1954705.html
2024-05,重庆,-1.4,-0.7,https://www.stats.gov.cn/sj/zxfb/202406/t20240617_1954705.html
2024-05,金华,-1.0,-1.5,https://www.stats.gov.cn/sj/zxfb/202406/t20240617_1954705.html
2024-05,银川,-0.8,-0.9,https://www.stats.gov.cn/sj/zxfb/202406/t20240617_1954705.html
2024-05,锦州,-0.4,-0.5,https://www.stats.gov.cn/sj/zxfb/202406/t20240617_1954705.html
2024-05,长春,-0.2,-0.5,https://www.stats.gov.cn/sj/zxfb/202406/t20240617_1954705.html
2024-05,长沙,-1.0,-1.2,https://www.stats.gov.cn/sj/zxfb/202406/t20240617_1954705.html
2024-05,青岛,-0.7,-1.2,https://www.stats.gov.cn/sj/zxfb/202406/t20240617_1954705.html
2024-05,韶关,-0.9,-0.8,https://www.stats.gov.cn/sj/zxfb/202406/t20240617_1954705.html
2024-06,三亚,0.1,-0.5,https://www.stats.gov.cn/sj/zxfb/202407/t20240715_1955602.html
2024-06,上海,0.4,0.5,https://www.stats.gov.cn/sj/zxfb/202407/t20240715_1955602.html
2024-06,丹东,-0.5,-0.6,https://www.stats.gov.cn/sj/zxfb/202407/t20240715_1955602.html
2024-06,乌鲁木齐,-0.7,-1.0,https://www.stats.gov.cn/sj/zxfb/202407/t20240715_1955602.html
2024-06,九江,-1.1,-0.6,https://www.stats.gov.cn/sj/zxfb/202407/t20240715_1955602.html
2024-06,兰州,-1.5,-1.3,https://www.stats.gov.cn/sj/zxfb/202407/t20240715_1955602.html
2024-06,包头,-0.9,-1.3,https://www.stats.gov.cn/sj/zxfb/202407/t20240715_1955602.html
2024-06,北京,-0.6,0.2,https://www.stats.gov.cn/sj/zxfb/202407/t20240715_1955602.html
2024-06,北海,-0.4,-0.2,https://www.stats.gov.cn/sj/zxfb/202407/t20240715_1955602.html
2024-06,南京,-1.2,0.1,https://www.stats.gov.cn/sj/zxfb/202407/t20240715_1955602.html
2024-06,南充,-0.8,-1.4,https://www.stats.gov.cn/sj/zxfb/202407/t20240715_1955602.html
2024-06,南宁,-0.5,-0.6,https://www.stats.gov.cn/sj/zxfb/202407/t20240715_1955602.html
2024-06,南昌,-0.5,-1.6,https://www.stats.gov.cn/sj/zxfb/202407/t20240715_1955602.html
2024-06,厦门,-1.9,-1.0,https://www.stats.gov.cn/sj/zxfb/202407/t20240715_1955602.html
2024-06,合肥,-0.7,-0.6,https://www.stats.gov.cn/sj/zxfb/202407/t20240715_1955602.html
2024-06,吉林,0.2,-0.3,https://www.stats.gov.cn/sj/zxfb/202407/t20240715_1955602.html
2024-06,呼和浩特,-0.6,-1.3,https://www.stats.gov.cn/sj/zxfb/202407/t20240715_1955602.html
2024-06,哈尔滨,-0.9,-1.4,https://www.stats.gov.cn/sj/zxfb/202407/t20240715_1955602.html
2024-06,唐山,-0.6,-1.2,https://www.stats.gov.cn/sj/zxfb/202407/t20240715_1955602.html
2024-06,大理,-1.0,-0.5,https://www.stats.gov.cn/sj/zxfb/202407/t20240715_1955602.html
2024-06,大连,-1.1,-0.9,https://www.stats.gov.cn/sj/zxfb/202407/t20240715_1955602.html
2024-06,天津,-0.3,-0.4,https://www.stats.gov.cn/sj/zxfb/202407/t20240715_1955602.html
2024-06,太原,-0.3,-0.5,https://www.stats.gov.cn/sj/zxfb/202407/t20240715_1955602.html
2024-06,宁波,-1.6,-1.4,https://www.stats.gov.cn/sj/zxfb/202407/t20240715_1955602.html
2024-06,安庆,-0.3,-1.1,https://www.stats.gov.cn/sj/zxfb/202407/t20240715_1955602.html
2024-06,宜昌,-0.2,-0.9,https://www.stats.gov.cn/sj/zxfb/202407/t20240715_1955602.html
2024-06,岳阳,-0.7,-0.6,https://www.stats.gov.cn/sj/zxfb/202407/t20240715_1955602.html
2024-06,常德,-0.3,-0.9,https://www.stats.gov.cn/sj/zxfb/202407/t20240715_1955602.html
2024-06,平顶山,-0.5,-0.6,https://www.stats.gov.cn/sj/zxfb/202407/t20240715_1955602.html
2024-06,广州,-1.2,-1.5,https://www.stats.gov.cn/sj/zxfb/202407/t20240715_1955602.html
2024-06,徐州,-1.1,-0.7,https://www.stats.gov.cn/sj/zxfb/202407/t20240715_1955602.html
2024-06,惠州,-0.8,-1.4,https://www.stats.gov.cn/sj/zxfb/202407/t20240715_1955602.html
2024-06,成都,-1.0,-1.1,https://www.stats.gov.cn/sj/zxfb/202407/t20240715_1955602.html
2024-06,扬州,-0.2,-0.5,https://www.stats.gov.cn/sj/zxfb/202407/t20240715_1955602.html
2024-06,无锡,0.0,-0.9,https://www.stats.gov.cn/sj/zxfb/202407/t20240715_1955602.html
2024-06,昆明,-0.7,-0.9,https://www.stats.gov.cn/sj/zxfb/202407/t20240715_1955602.html
2024-06,杭州,-0.3,0.3,https://www.stats.gov.cn/sj/zxfb/202407/t20240715_1955602.html
2024-06,桂林,-0.4,-0.5,https://www.stats.gov.cn/sj/zxfb/202407/t20240715_1955602.html
2024-06,武汉,-1.1,-1.9,https://www.stats.gov.cn/sj/zxfb/202407/t20240715_1955602.html
2024-06,沈阳,-1.0,-0.6,https://www.stats.gov.cn/sj/zxfb/202407/t20240715_1955602.html
2024-06,泉州,-1.6,-2.0,https://www.stats.gov.cn/sj/zxfb/202407/t20240715_1955602.html
2024-06,泸州,-0.7,-1.1,https://www.stats.gov.cn/sj/zxfb/202407/t20240715_1955602.html
2024-06,洛阳,-0.9,-0.5,https://www.stats.gov.cn/sj/zxfb/202407/t20240715_1955602.html
2024-06,济南,-0.6,-1.2,https://www.stats.gov.cn/sj/zxfb/202407/t20240715_1955602.html
2024-06,济宁,-0.5,-0.5,https://www.stats.gov.cn/sj/zxfb/202407/t20240715_1955602.html
2024-06,海口,-0.4,-0.9,https://www.stats.gov.cn/sj/zxfb/202407/t20240715_1955602.html
2024-06,深圳,-0.7,-1.0,https://www.stats.gov.cn/sj/zxfb/202407/t20240715_1955602.html
2024-06,温州,-1.4,-0.8,https://www.stats.gov.cn/sj/zxfb/202407/t20240715_1955602.html
2024-06,湛江,-0.7,-0.5,https://www.stats.gov.cn/sj/zxfb/202407/t20240715_1955602.html
2024-06,烟台,-0.6,-1.8,https://www.stats.gov.cn/sj/zxfb/202407/t20240715_1955602.html
2024-06,牡丹江,-0.6,-0.7,https://www.stats.gov.cn/sj/zxfb/202407/t20240715_1955602.html
2024-06,石家庄,-0.5,-1.1,https://www.stats.gov.cn/sj/zxfb/202407/t20240715_1955602.html
2024-06,福州,-0.7,-1.2,https://www.stats.gov.cn/sj/zxfb/202407/t20240715_1955602.html
2024-06,秦皇岛,-1.1,-1.7,https://www.stats.gov.cn/sj/zxfb/202407/t20240715_1955602.html
2024-06,蚌埠,-0.7,-0.9,https://www.stats.gov.cn/sj/zxfb/202407/t20240715_1955602.html
2024-06,襄阳,-0.4,-0.8,https://www.stats.gov.cn/sj/zxfb/202407/t20240715_1955602.html
2024-06,西宁,-0.8,-0.6,https://www.stats.gov.cn/sj/zxfb/202407/t20240715_1955602.html
2024-06,西安,0.2,-0.8,https://www.stats.gov.cn/sj/zxfb/202407/t20240715_1955602.html
2024-06,贵阳,-0.4,-0.6,https://www.stats.gov.cn/sj/zxfb/202407/t20240715_1955602.html
2024-06,赣州,-0.9,-1.0,https://www.stats.gov.cn/sj/zxfb/202407/t20240715_1955602.html
2024-06,遵义,-0.8,-0.7,https://www.stats.gov.cn/sj/zxfb/202407/t20240715_1955602.html
2024-06,郑州,-0.7,-0.5,https://www.stats.gov.cn/sj/zxfb/202407/t20240715_1955602.html
2024-06,重庆,-0.9,-0.8,https://www.stats.gov.cn/sj/zxfb/202407/t20240715_1955602.html
2024-06,金华,-0.8,-1.4,https://www.stats.gov.cn/sj/zxfb/202407/t20240715_1955602.html
2024-06,银川,-0.7,-0.9,https://www.stats.gov.cn/sj/zxfb/202407/t20240715_1955602.html
2024-06,锦州,-0.6,-0.7,https://www.stats.gov.cn/sj/zxfb/202407/t20240715_1955602.html
2024-06,长春,-0.6,-0.5,https://www.stats.gov.cn/sj/zxfb/202407/t20240715_1955602.html
2024-06,长沙,-0.4,-1.6,https://www.stats.gov.cn/sj/zxfb/202407/t20240715_1955602.html
2024-06,青岛,-0.8,-0.6,https://www.stats.gov.cn/sj/zxfb/202407/t20240715_1955602.html
2024-06,韶关,0.0,-0.8,https://www.stats.gov.cn/sj/zxfb/202407/t20240715_1955602.html
2024-07,三亚,-0.7,-0.6,https://www.stats.gov.cn/sj/zxfb/202408/t20240815_1955978.html
2024-07,上海,0.2,0.1,https://www.stats.gov.cn/sj/zxfb/202408/t20240815_1955978.html
2024-07,丹东,-0.2,-1.4,https://www.stats.gov.cn/sj/zxfb/202408/t20240815_1955978.html
2024-07,乌鲁木齐,-0.5,-0.3,https://www.stats.gov.cn/sj/zxfb/202408/t20240815_1955978.html
2024-07,九江,-0.9,-1.4,https://www.stats.gov.cn/sj/zxfb/202408/t20240815_1955978.html
2024-07,兰州,-1.3,-0.9,https://www.stats.gov.cn/sj/zxfb/202408/t20240815_1955978.html
2024-07,包头,-0.9,-1.4,https://www.stats.gov.cn/sj/zxfb/202408/t20240815_1955978.html
2024-07,北京,-0.5,0.0,https://www.stats.gov.cn/sj/zxfb/202408/t20240815_1955978.html
2024-07,北海,-0.3,-0.5,https://www.stats.gov.cn/sj/zxfb/202408/t20240815_1955978.html
2024-07,南京,-0.7,-0.1,https://www.stats.gov.cn/sj/zxfb/202408/t20240815_1955978.html
2024-07,南充,-0.7,-1.1,https://www.stats.gov.cn/sj/zxfb/202408/t20240815_1955978.html
2024-07,南宁,-0.6,-0.9,https://www.stats.gov.cn/sj/zxfb/202408/t20240815_1955978.html
2024-07,南昌,-0.6,-1.7,https://www.stats.gov.cn/sj/zxfb/202408/t20240815_1955978.html
2024-07,厦门,-1.3,-1.8,https://www.stats.gov.cn/sj/zxfb/202408/t20240815_1955978.html
2024-07,合肥,-1.0,-0.9,https://www.stats.gov.cn/sj/zxfb/202408/t20240815_1955978.html
2024-07,吉林,0.0,-0.5,https://www.stats.gov.cn/sj/zxfb/202408/t20240815_1955978.html
2024-07,呼和浩特,-0.1,-1.0,https://www.stats.gov.cn/sj/zxfb/202408/t20240815_1955978.html
2024-07,哈尔滨,-0.7,-0.8,https://www.stats.gov.cn/sj/zxfb/202408/t20240815_1955978.html
2024-07,唐山,-1.0,-1.6,https://www.stats.gov.cn/sj/zxfb/202408/t20240815_1955978.html
2024-07,大理,-0.6,-0.9,https://www.stats.gov.cn/sj/zxfb/202408/t20240815_1955978.html
2024-07,大连,-0.5,-1.1,https://www.stats.gov.cn/sj/zxfb/202408/t20240815_1955978.html
2024-07,天津,-0.2,-0.8,https://www.stats.gov.cn/sj/zxfb/202408/t20240815_1955978.html
2024-07,太原,0.0,-0.3,https://www.stats.gov.cn/sj/zxfb/202408/t20240815_1955978.html
2024-07,宁波,-0.7,-0.6,https://www.stats.gov.cn/sj/zxfb/202408/t20240815_1955978.html
2024-07,安庆,-0.8,-0.9,https://www.stats.gov.cn/sj/zxfb/202408/t20240815_1955978.html
2024-07,宜昌,-0.4,-0.7,https://www.stats.gov.cn/sj/zxfb/202408/t20240815_1955978.html
2024-07,岳阳,-0.9,-0.4,https://www.stats.gov.cn/sj/zxfb/202408/t20240815_1955978.html
2024-07,常德,-1.2,-0.7,https://www.stats.gov.cn/sj/zxfb/202408/t20240815_1955978.html
2024-07,平顶山,-0.1,-0.4,https://www.stats.gov.cn/sj/zxfb/202408/t20240815_1955978.html
2024-07,广州,-0.8,-0.9,https://www.stats.gov.cn/sj/zxfb/202408/t20240815_1955978.html
2024-07,徐州,-0.6,-0.5,https://www.stats.gov.cn/sj/zxfb/202408/t20240815_1955978.html
2024-07,惠州,-0.4,-1.1,https://www.stats.gov.cn/sj/zxfb/202408/t20240815_1955978.html
2024-07,成都,-0.6,-0.7,https://www.stats.gov.cn/sj/zxfb/202408/t20240815_1955978.html
2024-07,扬州,-0.5,-0.6,https://www.stats.gov.cn/sj/zxfb/202408/t20240815_1955978.html
2024-07,无锡,-0.3,-0.6,https://www.stats.gov.cn/sj/zxfb/202408/t20240815_1955978.html
2024-07,昆明,-0.3,0.0,https://www.stats.gov.cn/sj/zxfb/202408/t20240815_1955978.html
2024-07,杭州,-0.3,-0.4,https://www.stats.gov.cn/sj/zxfb/202408/t20240815_1955978.html
2024-07,桂林,-0.2,-0.3,https://www.stats.gov.cn/sj/zxfb/202408/t20240815_1955978.html
2024-07,武汉,-0.4,-1.6,https://www.stats.gov.cn/sj/zxfb/202408/t20240815_1955978.html
2024-07,沈阳,-0.2,-0.7,https://www.stats.gov.cn/sj/zxfb/202408/t20240815_1955978.html
2024-07,泉州,-1.4,-1.6,https://www.stats.gov.cn/sj/zxfb/202408/t20240815_1955978.html
2024-07,泸州,-0.5,-0.8,https://www.stats.gov.cn/sj/zxfb/202408/t20240815_1955978.html
2024-07,洛阳,-0.9,-0.7,https://www.stats.gov.cn/sj/zxfb/202408/t20240815_1955978.html
2024-07,济南,-0.5,-1.1,https://www.stats.gov.cn/sj/zxfb/202408/t20240815_1955978.html
2024-07,济宁,-0.6,-0.4,https://www.stats.gov.cn/sj/zxfb/202408/t20240815_1955978.html
2024-07,海口,-0.5,-0.9,https://www.stats.gov.cn/sj/zxfb/202408/t20240815_1955978.html
2024-07,深圳,-0.9,-1.2,https://www.stats.gov.cn/sj/zxfb/202408/t20240815_1955978.html
2024-07,温州,-1.9,-0.9,https://www.stats.gov.cn/sj/zxfb/202408/t20240815_1955978.html
2024-07,湛江,-1.3,-1.2,https://www.stats.gov.cn/sj/zxfb/202408/t20240815_1955978.html
2024-07,烟台,-0.5,-1.0,https://www.stats.gov.cn/sj/zxfb/202408/t20240815_1955978.html
2024-07,牡丹江,-1.3,-1.1,https://www.stats.gov.cn/sj/zxfb/202408/t20240815_1955978.html
2024-07,石家庄,-0.4,-0.3,https://www.stats.gov.cn/sj/zxfb/202408/t20240815_1955978.html
2024-07,福州,-1.1,-1.0,https://www.stats.gov.cn/sj/zxfb/202408/t20240815_1955978.html
2024-07,秦皇岛,-0.8,-0.9,https://www.stats.gov.cn/sj/zxfb/202408/t20240815_1955978.html
2024-07,蚌埠,-0.5,-0.6,https://www.stats.gov.cn/sj/zxfb/202408/t20240815_1955978.html
2024-07,襄阳,-0.7,-0.9,https://www.stats.gov.cn/sj/zxfb/202408/t20240815_1955978.html
2024-07,西宁,-0.4,-1.4,https://www.stats.gov.cn/sj/zxfb/202408/t20240815_1955978.html
2024-07,西安,0.2,-0.6,https://www.stats.gov.cn/sj/zxfb/202408/t20240815_1955978.html
2024-07,贵阳,-1.0,-0.7,https://www.stats.gov.cn/sj/zxfb/202408/t20240815_1955978.html
2024-07,赣州,-1.4,-0.5,https://www.stats.gov.cn/sj/zxfb/202408/t20240815_1955978.html
2024-07,遵义,-0.3,-0.6,https://www.stats.gov.cn/sj/zxfb/202408/t20240815_1955978.html
2024-07,郑州,-0.8,-0.9,https://www.stats.gov.cn/sj/zxfb/202408/t20240815_1955978.html
2024-07,重庆,-1.3,-0.6,https://www.stats.gov.cn/sj/zxfb/202408/t20240815_1955978.html
2024-07,金华,-1.4,-1.5,https://www.stats.gov.cn/sj/zxfb/202408/t20240815_1955978.html
2024-07,银川,-0.4,-0.3,https://www.stats.gov.cn/sj/zxfb/202408/t20240815_1955978.html
2024-07,锦州,-0.4,-0.9,https://www.stats.gov.cn/sj/zxfb/202408/t20240815_1955978.html
2024-07,长春,-0.1,-0.4,https://www.stats.gov.cn/sj/zxfb/202408/t20240815_1955978.html
2024-07,长沙,-0.8,-0.5,https://www.stats.gov.cn/sj/zxfb/202408/t20240815_1955978.html
2024-07,青岛,-0.7,-0.8,https://www.stats.gov.cn/sj/zxfb/202408/t20240815_1955978.html
2024-07,韶关,-0.9,-0.7,https://www.stats.gov.cn/sj/zxfb/202408/t20240815_1955978.html
2024-08,三亚,-0.5,-0.4,https://www.stats.gov.cn/sj/zxfb/202409/t20240914_1956479.html
2024-08,上海,0.6,-0.6,https://www.stats.gov.cn/sj/zxfb/202409/t20240914_1956479.html
2024-08,丹东,-0.6,-1.2,https://www.stats.gov.cn/sj/zxfb/202409/t20240914_1956479.html
2024-08,乌鲁木齐,-0.2,-0.1,https://www.stats.gov.cn/sj/zxfb/202409/t20240914_1956479.html
2024-08,九江,-0.1,-0.7,https://www.stats.gov.cn/sj/zxfb/202409/t20240914_1956479.html
2024-08,兰州,-1.7,-1.6,https://www.stats.gov.cn/sj/zxfb/202409/t20240914_1956479.html
2024-08,包头,-0.6,-1.5,https://www.stats.gov.cn/sj/zxfb/202409/t20240914_1956479.html
2024-08,北京,-0.5,-1.0,https://www.stats.gov.cn/sj/zxfb/202409/t20240914_1956479.html
2024-08,北海,-1.3,-1.2,https://www.stats.gov.cn/sj/zxfb/202409/t20240914_1956479.html
2024-08,南京,0.3,-0.6,https://www.stats.gov.cn/sj/zxfb/202409/t20240914_1956479.html
2024-08,南充,-0.5,-0.9,https://www.stats.gov.cn/sj/zxfb/202409/t20240914_1956479.html
2024-08,南宁,-0.8,-0.9,https://www.stats.gov.cn/sj/zxfb/202409/t20240914_1956479.html
2024-08,南昌,-0.7,-0.8,https://www.stats.gov.cn/sj/zxfb/202409/t20240914_1956479.html
2024-08,厦门,-1.0,-2.2,https://www.stats.gov.cn/sj/zxfb/202409/t20240914_1956479.html
2024-08,合肥,-0.6,-1.1,https://www.stats.gov.cn/sj/zxfb/202409/t20240914_1956479.html
2024-08,吉林,-1.2,0.1,https://www.stats.gov.cn/sj/zxfb/202409/t20240914_1956479.html
2024-08,呼和浩特,-0.4,-0.9,https://www.stats.gov.cn/sj/zxfb/202409/t20240914_1956479.html
2024-08,哈尔滨,-0.4,-0.5,https://www.stats.gov.cn/sj/zxfb/202409/t20240914_1956479.html
2024-08,唐山,-1.0,-1.1,https://www.stats.gov.cn/sj/zxfb/202409/t20240914_1956479.html
2024-08,大理,-1.7,-1.0,https://www.stats.gov.cn/sj/zxfb/202409/t20240914_1956479.html
2024-08,大连,-0.3,-0.7,https://www.stats.gov.cn/sj/zxfb/202409/t20240914_1956479.html
2024-08,天津,-0.6,-0.6,https://www.stats.gov.cn/sj/zxfb/202409/t20240914_1956479.html
2024-08,太原,-0.2,-0.5,https://www.stats.gov.cn/sj/zxfb/202409/t20240914_1956479.html
2024-08,宁波,-0.7,-1.6,https://www.stats.gov.cn/sj/zxfb/202409/t20240914_1956479.html
2024-08,安庆,-0.9,-1.1,https://www.stats.gov.cn/sj/zxfb/202409/t20240914_1956479.html
2024-08,宜昌,-0.8,-0.7,https://www.stats.gov.cn/sj/zxfb/202409/t20240914_1956479.html
2024-08,岳阳,-1.1,-1.0,https://www.stats.gov.cn/sj/zxfb/202409/t20240914_1956479.html
2024-08,常德,-0.5,-0.2,https://www.stats.gov.cn/sj/zxfb/202409/t20240914_1956479.html
2024-08,平顶山,-0.1,-0.7,https://www.stats.gov.cn/sj/zxfb/202409/t20240914_1956479.html
2024-08,广州,-0.5,-0.7,https://www.stats.gov.cn/sj/zxfb/202409/t20240914_1956479.html
2024-08,徐州,-0.4,-0.8,https://www.stats.gov.cn/sj/zxfb/202409/t20240914_1956479.html
2024-08,惠州,-1.3,-2.2,https://www.stats.gov.cn/sj/zxfb/202409/t20240914_1956479.html
2024-08,成都,-1.2,-0.5,https://www.stats.gov.cn/sj/zxfb/202409/t20240914_1956479.html
2024-08,扬州,-0.8,-1.6,https://www.stats.gov.cn/sj/zxfb/202409/t20240914_1956479.html
2024-08,无锡,-0.7,-1.0,https://www.stats.gov.cn/sj/zxfb/202409/t20240914_1956479.html
2024-08,昆明,-2.0,-1.2,https://www.stats.gov.cn/sj/zxfb/202409/t20240914_1956479.html
2024-08,杭州,-0.1,-0.7,https://www.stats.gov.cn/sj/zxfb/202409/t20240914_1956479.html
2024-08,桂林,-0.5,-0.1,https://www.stats.gov.cn/sj/zxfb/202409/t20240914_1956479.html
2024-08,武汉,-0.8,-0.7,https://www.stats.gov.cn/sj/zxfb/202409/t20240914_1956479.html
2024-08,沈阳,-0.7,-0.8,https://www.stats.gov.cn/sj/zxfb/202409/t20240914_1956479.html
2024-08,泉州,-1.9,-1.6,https://www.stats.gov.cn/sj/zxfb/202409/t20240914_1956479.html
2024-08,泸州,-0.7,-0.5,https://www.stats.gov.cn/sj/zxfb/202409/t20240914_1956479.html
2024-08,洛阳,-0.8,-0.5,https://www.stats.gov.cn/sj/zxfb/202409/t20240914_1956479.html
2024-08,济南,-0.8,-1.9,https://www.stats.gov.cn/sj/zxfb/202409/t20240914_1956479.html
2024-08,济宁,-0.6,-0.7,https://www.stats.gov.cn/sj/zxfb/202409/t20240914_1956479.html
2024-08,海口,-0.6,-1.6,https://www.stats.gov.cn/sj/zxfb/202409/t20240914_1956479.html
2024-08,深圳,-0.8,-1.3,https://www.stats.gov.cn/sj/zxfb/202409/t20240914_1956479.html
2024-08,温州,-1.8,-1.7,https://www.stats.gov.cn/sj/zxfb/202409/t20240914_1956479.html
2024-08,湛江,-0.4,-0.8,https://www.stats.gov.cn/sj/zxfb/202409/t20240914_1956479.html
2024-08,烟台,-0.4,-0.8,https://www.stats.gov.cn/sj/zxfb/202409/t20240914_1956479.html
2024-08,牡丹江,-0.6,-0.8,https://www.stats.gov.cn/sj/zxfb/202409/t20240914_1956479.html
2024-08,石家庄,-0.2,-1.4,https://www.stats.gov.cn/sj/zxfb/202409/t20240914_1956479.html
2024-08,福州,-1.9,-2.0,https://www.stats.gov.cn/sj/zxfb/202409/t20240914_1956479.html
2024-08,秦皇岛,-0.8,-1.3,https://www.stats.gov.cn/sj/zxfb/202409/t20240914_1956479.html
2024-08,蚌埠,-0.8,-1.0,https://www.stats.gov.cn/sj/zxfb/202409/t20240914_1956479.html
2024-08,襄阳,-0.6,-1.3,https://www.stats.gov.cn/sj/zxfb/202409/t20240914_1956479.html
2024-08,西宁,-0.5,-0.6,https://www.stats.gov.cn/sj/zxfb/202409/t20240914_1956479.html
2024-08,西安,0.0,-1.1,https://www.stats.gov.cn/sj/zxfb/202409/t20240914_1956479.html
2024-08,贵阳,-0.8,-0.5,https://www.stats.gov.cn/sj/zxfb/202409/t20240914_1956479.html
2024-08,赣州,-1.3,-0.3,https://www.stats.gov.cn/sj/zxfb/202409/t20240914_1956479.html
2024-08,遵义,-0.3,-0.6,https://www.stats.gov.cn/sj/zxfb/202409/t20240914_1956479.html
2024-08,郑州,-0.4,-0.7,https://www.stats.gov.cn/sj/zxfb/202409/t20240914_1956479.html
2024-08,重庆,-0.4,-1.2,https://www.stats.gov.cn/sj/zxfb/202409/t20240914_1956479.html
2024-08,金华,-1.7,-1.9,https://www.stats.gov.cn/sj/zxfb/202409/t20240914_1956479.html
2024-08,银川,-0.6,-0.4,https://www.stats.gov.cn/sj/zxfb/202409/t20240914_1956479.html
2024-08,锦州,-0.7,-0.6,https://www.stats.gov.cn/sj/zxfb/202409/t20240914_1956479.html
2024-08,长春,-0.7,-0.8,https://www.stats.gov.cn/sj/zxfb/202409/t20240914_1956479.html
2024-08,长沙,-1.1,-0.9,https://www.stats.gov.cn/sj/zxfb/202409/t20240914_1956479.html
2024-08,青岛,-0.6,-1.0,https://www.stats.gov.cn/sj/zxfb/202409/t20240914_1956479.html
2024-08,韶关,-1.0,-0.9,https://www.stats.gov.cn/sj/zxfb/202409/t20240914_1956479.html
2024-09,三亚,-0.8,-1.8,https://www.stats.gov.cn/xxgk/sjfb/zxfb2020/202410/t20241018_1957035.html
2024-09,上海,0.6,-1.2,https://www.stats.gov.cn/xxgk/sjfb/zxfb2020/202410/t20241018_1957035.html
2024-09,丹东,-0.8,-0.9,https://www.stats.gov.cn/xxgk/sjfb/zxfb2020/202410/t20241018_1957035.html
2024-09,乌鲁木齐,-0.3,-0.9,https://www.stats.gov.cn/xxgk/sjfb/zxfb2020/202410/t20241018_1957035.html
2024-09,九江,-0.2,-1.5,https://www.stats.gov.cn/xxgk/sjfb/zxfb2020/202410/t20241018_1957035.html
2024-09,兰州,-0.5,-0.4,https://www.stats.gov.cn/xxgk/sjfb/zxfb2020/202410/t20241018_1957035.html
2024-09,包头,-0.8,-1.3,https://www.stats.gov.cn/xxgk/sjfb/zxfb2020/202410/t20241018_1957035.html
2024-09,北京,-0.7,-1.3,https://www.stats.gov.cn/xxgk/sjfb/zxfb2020/202410/t20241018_1957035.html
2024-09,北海,-1.0,-0.6,https://www.stats.gov.cn/xxgk/sjfb/zxfb2020/202410/t20241018_1957035.html
2024-09,南京,0.0,-1.2,https://www.stats.gov.cn/xxgk/sjfb/zxfb2020/202410/t20241018_1957035.html
2024-09,南充,-0.3,-0.8,https://www.stats.gov.cn/xxgk/sjfb/zxfb2020/202410/t20241018_1957035.html
2024-09,南宁,-1.1,-1.2,https://www.stats.gov.cn/xxgk/sjfb/zxfb2020/202410/t20241018_1957035.html
2024-09,南昌,-1.3,-1.6,https://www.stats.gov.cn/xxgk/sjfb/zxfb2020/202410/t20241018_1957035.html
2024-09,厦门,-1.2,-1.7,https://www.stats.gov.cn/xxgk/sjfb/zxfb2020/202410/t20241018_1957035.html
2024-09,合肥,-0.8,-1.2,https://www.stats.gov.cn/xxgk/sjfb/zxfb2020/202410/t20241018_1957035.html
2024-09,吉林,-0.4,-0.5,https://www.stats.gov.cn/xxgk/sjfb/zxfb2020/202410/t20241018_1957035.html
2024-09,呼和浩特,-0.6,-1.2,https://www.stats.gov.cn/xxgk/sjfb/zxfb2020/202410/t20241018_1957035.html
2024-09,哈尔滨,-0.9,-0.7,https://www.stats.gov.cn/xxgk/sjfb/zxfb2020/202410/t20241018_1957035.html
2024-09,唐山,-0.9,-1.2,https://www.stats.gov.cn/xxgk/sjfb/zxfb2020/202410/t20241018_1957035.html
2024-09,大理,-0.4,-0.6,https://www.stats.gov.cn/xxgk/sjfb/zxfb2020/202410/t20241018_1957035.html
2024-09,大连,-0.7,-1.2,https://www.stats.gov.cn/xxgk/sjfb/zxfb2020/202410/t20241018_1957035.html
2024-09,天津,-1.2,-0.5,https://www.stats.gov.cn/xxgk/sjfb/zxfb2020/202410/t20241018_1957035.html
2024-09,太原,0.3,-0.2,https://www.stats.gov.cn/xxgk/sjfb/zxfb2020/202410/t20241018_1957035.html
2024-09,宁波,-0.6,-0.7,https://www.stats.gov.cn/xxgk/sjfb/zxfb2020/202410/t20241018_1957035.html
2024-09,安庆,-0.6,-0.7,https://www.stats.gov.cn/xxgk/sjfb/zxfb2020/202410/t20241018_1957035.html
2024-09,宜昌,-0.6,-0.5,https://www.stats.gov.cn/xxgk/sjfb/zxfb2020/202410/t20241018_1957035.html
2024-09,岳阳,-0.8,-0.6,https://www.stats.gov.cn/xxgk/sjfb/zxfb2020/202410/t20241018_1957035.html
2024-09,常德,-0.9,-1.8,https://www.stats.gov.cn/xxgk/sjfb/zxfb2020/202410/t20241018_1957035.html
2024-09,平顶山,-0.7,-0.6,https://www.stats.gov.cn/xxgk/sjfb/zxfb2020/202410/t20241018_1957035.html
2024-09,广州,-0.9,-1.1,https://www.stats.gov.cn/xxgk/sjfb/zxfb2020/202410/t20241018_1957035.html
2024-09,徐州,0.1,-1.0,https://www.stats.gov.cn/xxgk/sjfb/zxfb2020/202410/t20241018_1957035.html
2024-09,惠州,-0.6,-0.9,https://www.stats.gov.cn/xxgk/sjfb/zxfb2020/202410/t20241018_1957035.html
2024-09,成都,-0.8,-0.7,https://www.stats.gov.cn/xxgk/sjfb/zxfb2020/202410/t20241018_1957035.html
2024-09,扬州,-0.4,-1.4,https://www.stats.gov.cn/xxgk/sjfb/zxfb2020/202410/t20241018_1957035.html
2024-09,无锡,-0.5,-1.2,https://www.stats.gov.cn/xxgk/sjfb/zxfb2020/202410/t20241018_1957035.html
2024-09,昆明,-1.0,-0.9,https://www.stats.gov.cn/xxgk/sjfb/zxfb2020/202410/t20241018_1957035.html
2024-09,杭州,-0.6,-1.4,https://www.stats.gov.cn/xxgk/sjfb/zxfb2020/202410/t20241018_1957035.html
2024-09,桂林,-0.7,-0.5,https://www.stats.gov.cn/xxgk/sjfb/zxfb2020/202410/t20241018_1957035.html
2024-09,武汉,-1.3,-0.4,https://www.stats.gov.cn/xxgk/sjfb/zxfb2020/202410/t20241018_1957035.html
2024-09,沈阳,-0.4,-1.1,https://www.stats.gov.cn/xxgk/sjfb/zxfb2020/202410/t20241018_1957035.html
2024-09,泉州,-0.8,-1.4,https://www.stats.gov.cn/xxgk/sjfb/zxfb2020/202410/t20241018_1957035.html
2024-09,泸州,-1.5,-1.2,https://www.stats.gov.cn/xxgk/sjfb/zxfb2020/202410/t20241018_1957035.html
2024-09,洛阳,-1.5,-1.1,https://www.stats.gov.cn/xxgk/sjfb/zxfb2020/202410/t20241018_1957035.html
2024-09,济南,-1.8,-0.6,https://www.stats.gov.cn/xxgk/sjfb/zxfb2020/202410/t20241018_1957035.html
2024-09,济宁,-0.4,-0.3,https://www.stats.gov.cn/xxgk/sjfb/zxfb2020/202410/t20241018_1957035.html
2024-09,海口,-0.6,-0.5,https://www.stats.gov.cn/xxgk/sjfb/zxfb2020/202410/t20241018_1957035.html
2024-09,深圳,-1.0,-1.3,https://www.stats.gov.cn/xxgk/sjfb/zxfb2020/202410/t20241018_1957035.html
2024-09,温州,-1.4,-1.5,https://www.stats.gov.cn/xxgk/sjfb/zxfb2020/202410/t20241018_1957035.html
2024-09,湛江,-0.8,-0.9,https://www.stats.gov.cn/xxgk/sjfb/zxfb2020/202410/t20241018_1957035.html
2024-09,烟台,-0.7,-0.6,https://www.stats.gov.cn/xxgk/sjfb/zxfb2020/202410/t20241018_1957035.html
2024-09,牡丹江,-0.7,-1.1,https://www.stats.gov.cn/xxgk/sjfb/zxfb2020/202410/t20241018_1957035.html
2024-09,石家庄,-0.3,-0.8,https://www.stats.gov.cn/xxgk/sjfb/zxfb2020/202410/t20241018_1957035.html
2024-09,福州,-1.4,-1.2,https://www.stats.gov.cn/xxgk/sjfb/zxfb2020/202410/t20241018_1957035.html
2024-09,秦皇岛,-0.7,-0.9,https://www.stats.gov.cn/xxgk/sjfb/zxfb2020/202410/t20241018_1957035.html
2024-09,蚌埠,-0.9,-0.4,https://www.stats.gov.cn/xxgk/sjfb/zxfb2020/202410/t20241018_1957035.html
2024-09,襄阳,-0.6,-0.9,https://www.stats.gov.cn/xxgk/sjfb/zxfb2020/202410/t20241018_1957035.html
2024-09,西宁,-0.3,-0.5,https://www.stats.gov.cn/xxgk/sjfb/zxfb2020/202410/t20241018_1957035.html
2024-09,西安,-0.6,-0.8,https://www.stats.gov.cn/xxgk/sjfb/zxfb2020/202410/t20241018_1957035.html
2024-09,贵阳,-0.7,-0.4,https://www.stats.gov.cn/xxgk/sjfb/zxfb2020/202410/t20241018_1957035.html
2024-09,赣州,-0.7,-0.2,https://www.stats.gov.cn/xxgk/sjfb/zxfb2020/202410/t20241018_1957035.html
2024-09,遵义,-0.7,-0.9,https://www.stats.gov.cn/xxgk/sjfb/zxfb2020/202410/t20241018_1957035.html
2024-09,郑州,-0.7,-1.0,https://www.stats.gov.cn/xxgk/sjfb/zxfb2020/202410/t20241018_1957035.html
2024-09,重庆,-0.6,-1.1,https://www.stats.gov.cn/xxgk/sjfb/zxfb2020/202410/t20241018_1957035.html
2024-09,金华,-1.5,-1.7,https://www.stats.gov.cn/xxgk/sjfb/zxfb2020/202410/t20241018_1957035.html
2024-09,银川,-0.2,-0.3,https://www.stats.gov.cn/xxgk/sjfb/zxfb2020/202410/t20241018_1957035.html
2024-09,锦州,-0.6,-0.8,https://www.stats.gov.cn/xxgk/sjfb/zxfb2020/202410/t20241018_1957035.html
2024-09,长春,-0.6,-0.8,https://www.stats.gov.cn/xxgk/sjfb/zxfb2020/202410/t20241018_1957035.html
2024-09,长沙,-0.8,-0.9,https://www.stats.gov.cn/xxgk/sjfb/zxfb2020/202410/t20241018_1957035.html
2024-09,青岛,-0.7,-1.1,https://www.stats.gov.cn/xxgk/sjfb/zxfb2020/202410/t20241018_1957035.html
2024-09,韶关,-0.3,-0.7,https://www.stats.gov.cn/xxgk/sjfb/zxfb2020/202410/t20241018_1957035.html
2024-10,三亚,-0.4,-0.8,https://www.stats.gov.cn/sj/zxfb/202411/t20241115_1957419.html
2024-10,上海,0.3,0.2,https://www.stats.gov.cn/sj/zxfb/202411/t20241115_1957419.html
2024-10,丹东,-0.4,-1.5,https://www.stats.gov.cn/sj/zxfb/202411/t20241115_1957419.html
2024-10,乌鲁木齐,-0.1,-0.5,https://www.stats.gov.cn/sj/zxfb/202411/t20241115_1957419.html
2024-10,九江,-0.3,-0.6,https://www.stats.gov.cn/sj/zxfb/202411/t20241115_1957419.html
2024-10,兰州,-0.8,-1.4,https://www.stats.gov.cn/sj/zxfb/202411/t20241115_1957419.html
2024-10,包头,-0.7,-1.3,https://www.stats.gov.cn/sj/zxfb/202411/t20241115_1957419.html
2024-10,北京,-0.7,1.0,https://www.stats.gov.cn/sj/zxfb/202411/t20241115_1957419.html
2024-10,北海,-0.7,-0.2,https://www.stats.gov.cn/sj/zxfb/202411/t20241115_1957419.html
2024-10,南京,-0.6,-0.4,https://www.stats.gov.cn/sj/zxfb/202411/t20241115_1957419.html
2024-10,南充,-0.3,-0.2,https://www.stats.gov.cn/sj/zxfb/202411/t20241115_1957419.html
2024-10,南宁,-0.9,-1.0,https://www.stats.gov.cn/sj/zxfb/202411/t20241115_1957419.html
2024-10,南昌,-0.4,-0.3,https://www.stats.gov.cn/sj/zxfb/202411/t20241115_1957419.html
2024-10,厦门,0.2,0.1,https://www.stats.gov.cn/sj/zxfb/202411/t20241115_1957419.html
2024-10,合肥,-0.4,-0.7,https://www.stats.gov.cn/sj/zxfb/202411/t20241115_1957419.html
2024-10,吉林,-0.5,-0.7,https://www.stats.gov.cn/sj/zxfb/202411/t20241115_1957419.html
2024-10,呼和浩特,-0.8,-1.2,https://www.stats.gov.cn/sj/zxfb/202411/t20241115_1957419.html
2024-10,哈尔滨,-0.6,-0.7,https://www.stats.gov.cn/sj/zxfb/202411/t20241115_1957419.html
2024-10,唐山,-0.8,-1.1,https://www.stats.gov.cn/sj/zxfb/202411/t20241115_1957419.html
2024-10,大理,-0.5,-0.7,https://www.stats.gov.cn/sj/zxfb/202411/t20241115_1957419.html
2024-10,大连,-0.6,-1.0,https://www.stats.gov.cn/sj/zxfb/202411/t20241115_1957419.html
2024-10,天津,-0.5,-0.3,https://www.stats.gov.cn/sj/zxfb/202411/t20241115_1957419.html
2024-10,太原,0.2,-0.7,https://www.stats.gov.cn/sj/zxfb/202411/t20241115_1957419.html
2024-10,宁波,-1.1,-0.2,https://www.stats.gov.cn/sj/zxfb/202411/t20241115_1957419.html
2024-10,安庆,-0.2,-0.3,https://www.stats.gov.cn/sj/zxfb/202411/t20241115_1957419.html
2024-10,宜昌,-0.5,-1.3,https://www.stats.gov.cn/sj/zxfb/202411/t20241115_1957419.html
2024-10,岳阳,-0.5,-0.8,https://www.stats.gov.cn/sj/zxfb/202411/t20241115_1957419.html
2024-10,常德,-1.0,-0.5,https://www.stats.gov.cn/sj/zxfb/202411/t20241115_1957419.html
2024-10,平顶山,0.2,-0.3,https://www.stats.gov.cn/sj/zxfb/202411/t20241115_1957419.html
2024-10,广州,-0.7,-0.4,https://www.stats.gov.cn/sj/zxfb/202411/t20241115_1957419.html
2024-10,徐州,-1.1,-0.5,https://www.stats.gov.cn/sj/zxfb/202411/t20241115_1957419.html
2024-10,惠州,-0.8,-0.6,https://www.stats.gov.cn/sj/zxfb/202411/t20241115_1957419.html
2024-10,成都,-0.4,0.4,https://www.stats.gov.cn/sj/zxfb/202411/t20241115_1957419.html
2024-10,扬州,-1.4,-0.3,https://www.stats.gov.cn/sj/zxfb/202411/t20241115_1957419.html
2024-10,无锡,-0.5,0.0,https://www.stats.gov.cn/sj/zxfb/202411/t20241115_1957419.html
2024-10,昆明,-1.0,-1.0,https://www.stats.gov.cn/sj/zxfb/202411/t20241115_1957419.html
2024-10,杭州,-0.4,0.8,https://www.stats.gov.cn/sj/zxfb/202411/t20241115_1957419.html
2024-10,桂林,0.2,-0.4,https://www.stats.gov.cn/sj/zxfb/202411/t20241115_1957419.html
2024-10,武汉,-1.0,0.1,https://www.stats.gov.cn/sj/zxfb/202411/t20241115_1957419.html
2024-10,沈阳,0.1,0.0,https://www.stats.gov.cn/sj/zxfb/202411/t20241115_1957419.html
2024-10,泉州,-0.4,-1.2,https://www.stats.gov.cn/sj/zxfb/202411/t20241115_1957419.html
2024-10,泸州,-0.8,-1.0,https://www.stats.gov.cn/sj/zxfb/202411/t20241115_1957419.html
2024-10,洛阳,-0.4,-0.6,https://www.stats.gov.cn/sj/zxfb/202411/t20241115_1957419.html
2024-10,济南,-0.7,-0.8,https://www.stats.gov.cn/sj/zxfb/202411/t20241115_1957419.html
2024-10,济宁,-0.4,-0.1,https://www.stats.gov.cn/sj/zxfb/202411/t20241115_1957419.html
2024-10,海口,-0.8,-0.4,https://www.stats.gov.cn/sj/zxfb/202411/t20241115_1957419.html
2024-10,深圳,0.1,0.7,https://www.stats.gov.cn/sj/zxfb/202411/t20241115_1957419.html
2024-10,温州,-0.6,-0.5,https://www.stats.gov.cn/sj/zxfb/202411/t20241115_1957419.html
2024-10,湛江,-0.8,-0.4,https://www.stats.gov.cn/sj/zxfb/202411/t20241115_1957419.html
2024-10,烟台,-0.2,-0.3,https://www.stats.gov.cn/sj/zxfb/202411/t20241115_1957419.html
2024-10,牡丹江,-0.8,-0.4,https://www.stats.gov.cn/sj/zxfb/202411/t20241115_1957419.html
2024-10,石家庄,-0.5,-0.6,https://www.stats.gov.cn/sj/zxfb/202411/t20241115_1957419.html
2024-10,福州,-0.7,0.0,https://www.stats.gov.cn/sj/zxfb/202411/t20241115_1957419.html
2024-10,秦皇岛,-0.4,-1.2,https://www.stats.gov.cn/sj/zxfb/202411/t20241115_1957419.html
2024-10,蚌埠,-0.4,-0.2,https://www.stats.gov.cn/sj/zxfb/202411/t20241115_1957419.html
2024-10,襄阳,-0.9,-1.0,https://www.stats.gov.cn/sj/zxfb/202411/t20241115_1957419.html
2024-10,西宁,-0.7,-0.4,https://www.stats.gov.cn/sj/zxfb/202411/t20241115_1957419.html
2024-10,西安,-0.6,-0.9,https://www.stats.gov.cn/sj/zxfb/202411/t20241115_1957419.html
2024-10,贵阳,-0.6,-0.5,https://www.stats.gov.cn/sj/zxfb/202411/t20241115_1957419.html
2024-10,赣州,-0.1,-0.3,https://www.stats.gov.cn/sj/zxfb/202411/t20241115_1957419.html
2024-10,遵义,-0.6,-0.5,https://www.stats.gov.cn/sj/zxfb/202411/t20241115_1957419.html
2024-10,郑州,-0.9,-0.8,https://www.stats.gov.cn/sj/zxfb/202411/t20241115_1957419.html
2024-10,重庆,-0.2,0.5,https://www.stats.gov.cn/sj/zxfb/202411/t20241115_1957419.html
2024-10,金华,-0.5,-0.6,https://www.stats.gov.cn/sj/zxfb/202411/t20241115_1957419.html
2024-10,银川,-0.1,-0.2,https://www.stats.gov.cn/sj/zxfb/202411/t20241115_1957419.html
2024-10,锦州,-0.6,-1.0,https://www.stats.gov.cn/sj/zxfb/202411/t20241115_1957419.html
2024-10,长春,-0.2,-0.5,https://www.stats.gov.cn/sj/zxfb/202411/t20241115_1957419.html
2024-10,长沙,-0.9,-0.5,https://www.stats.gov.cn/sj/zxfb/202411/t20241115_1957419.html
2024-10,青岛,-0.6,-0.5,https://www.stats.gov.cn/sj/zxfb/202411/t20241115_1957419.html
2024-10,韶关,-0.3,-0.4,https://www.stats.gov.cn/sj/zxfb/202411/t20241115_1957419.html
2024-11,三亚,-0.4,-0.6,https://www.stats.gov.cn/xxgk/sjfb/zxfb2020/202412/t20241216_1957755.html
2024-11,上海,0.6,0.4,https://www.stats.gov.cn/xxgk/sjfb/zxfb2020/202412/t20241216_1957755.html
2024-11,丹东,-0.5,-1.3,https://www.stats.gov.cn/xxgk/sjfb/zxfb2020/202412/t20241216_1957755.html
2024-11,乌鲁木齐,0.0,-0.4,https://www.stats.gov.cn/xxgk/sjfb/zxfb2020/202412/t20241216_1957755.html
2024-11,九江,-1.0,-0.4,https://www.stats.gov.cn/xxgk/sjfb/zxfb2020/202412/t20241216_1957755.html
2024-11,兰州,-0.1,-0.3,https://www.stats.gov.cn/xxgk/sjfb/zxfb2020/202412/t20241216_1957755.html
2024-11,包头,-0.4,-0.8,https://www.stats.gov.cn/xxgk/sjfb/zxfb2020/202412/t20241216_1957755.html
2024-11,北京,-0.5,0.9,https://www.stats.gov.cn/xxgk/sjfb/zxfb2020/202412/t20241216_1957755.html
2024-11,北海,-0.5,-0.4,https://www.stats.gov.cn/xxgk/sjfb/zxfb2020/202412/t20241216_1957755.html
2024-11,南京,0.1,0.0,https://www.stats.gov.cn/xxgk/sjfb/zxfb2020/202412/t20241216_1957755.html
2024-11,南充,0.3,-0.3,https://www.stats.gov.cn/xxgk/sjfb/zxfb2020/202412/t20241216_1957755.html
2024-11,南宁,0.0,-0.5,https://www.stats.gov.cn/xxgk/sjfb/zxfb2020/202412/t20241216_1957755.html
2024-11,南昌,-0.1,-0.4,https://www.stats.gov.cn/xxgk/sjfb/zxfb2020/202412/t20241216_1957755.html
2024-11,厦门,0.5,0.4,https://www.stats.gov.cn/xxgk/sjfb/zxfb2020/202412/t20241216_1957755.html
2024-11,合肥,-0.6,-0.4,https://www.stats.gov.cn/xxgk/sjfb/zxfb2020/202412/t20241216_1957755.html
2024-11,吉林,-0.3,-0.5,https://www.stats.gov.cn/xxgk/sjfb/zxfb2020/202412/t20241216_1957755.html
2024-11,呼和浩特,-0.7,-1.1,https://www.stats.gov.cn/xxgk/sjfb/zxfb2020/202412/t20241216_1957755.html
2024-11,哈尔滨,-0.4,-0.9,https://www.stats.gov.cn/xxgk/sjfb/zxfb2020/202412/t20241216_1957755.html
2024-11,唐山,-0.7,-1.0,https://www.stats.gov.cn/xxgk/sjfb/zxfb2020/202412/t20241216_1957755.html
2024-11,大理,-0.4,-0.3,https://www.stats.gov.cn/xxgk/sjfb/zxfb2020/202412/t20241216_1957755.html
2024-11,大连,-0.8,-0.4,https://www.stats.gov.cn/xxgk/sjfb/zxfb2020/202412/t20241216_1957755.html
2024-11,天津,0.3,0.2,https://www.stats.gov.cn/xxgk/sjfb/zxfb2020/202412/t20241216_1957755.html
2024-11,太原,0.1,-0.3,https://www.stats.gov.cn/xxgk/sjfb/zxfb2020/202412/t20241216_1957755.html
2024-11,宁波,0.2,0.1,https://www.stats.gov.cn/xxgk/sjfb/zxfb2020/202412/t20241216_1957755.html
2024-11,安庆,-0.2,-0.4,https://www.stats.gov.cn/xxgk/sjfb/zxfb2020/202412/t20241216_1957755.html
2024-11,宜昌,0.3,-0.3,https://www.stats.gov.cn/xxgk/sjfb/zxfb2020/202412/t20241216_1957755.html
2024-11,岳阳,-0.2,-0.4,https://www.stats.gov.cn/xxgk/sjfb/zxfb2020/202412/t20241216_1957755.html
2024-11,常德,-0.7,-0.4,https://www.stats.gov.cn/xxgk/sjfb/zxfb2020/202412/t20241216_1957755.html
2024-11,平顶山,0.1,-0.2,https://www.stats.gov.cn/xxgk/sjfb/zxfb2020/202412/t20241216_1957755.html
2024-11,广州,-0.3,-0.4,https://www.stats.gov.cn/xxgk/sjfb/zxfb2020/202412/t20241216_1957755.html
2024-11,徐州,-0.5,0.2,https://www.stats.gov.cn/xxgk/sjfb/zxfb2020/202412/t20241216_1957755.html
2024-11,惠州,-0.6,-0.4,https://www.stats.gov.cn/xxgk/sjfb/zxfb2020/202412/t20241216_1957755.html
2024-11,成都,0.5,0.7,https://www.stats.gov.cn/xxgk/sjfb/zxfb2020/202412/t20241216_1957755.html
2024-11,扬州,-0.4,-0.9,https://www.stats.gov.cn/xxgk/sjfb/zxfb2020/202412/t20241216_1957755.html
2024-11,无锡,-0.8,-0.3,https://www.stats.gov.cn/xxgk/sjfb/zxfb2020/202412/t20241216_1957755.html
2024-11,昆明,-0.3,-0.5,https://www.stats.gov.cn/xxgk/sjfb/zxfb2020/202412/t20241216_1957755.html
2024-11,杭州,0.9,0.8,https://www.stats.gov.cn/xxgk/sjfb/zxfb2020/202412/t20241216_1957755.html
2024-11,桂林,-0.2,-0.3,https://www.stats.gov.cn/xxgk/sjfb/zxfb2020/202412/t20241216_1957755.html
2024-11,武汉,0.4,-0.2,https://www.stats.gov.cn/xxgk/sjfb/zxfb2020/202412/t20241216_1957755.html
2024-11,沈阳,-0.1,-0.2,https://www.stats.gov.cn/xxgk/sjfb/zxfb2020/202412/t20241216_1957755.html
2024-11,泉州,-1.3,-0.9,https://www.stats.gov.cn/xxgk/sjfb/zxfb2020/202412/t20241216_1957755.html
2024-11,泸州,-0.2,-0.5,https://www.stats.gov.cn/xxgk/sjfb/zxfb2020/202412/t20241216_1957755.html
2024-11,洛阳,-0.2,-0.5,https://www.stats.gov.cn/xxgk/sjfb/zxfb2020/202412/t20241216_1957755.html
2024-11,济南,-0.2,-0.7,https://www.stats.gov.cn/xxgk/sjfb/zxfb2020/202412/t20241216_1957755.html
2024-11,济宁,-0.1,-0.2,https://www.stats.gov.cn/xxgk/sjfb/zxfb2020/202412/t20241216_1957755.html
2024-11,海口,-0.2,0.0,https://www.stats.gov.cn/xxgk/sjfb/zxfb2020/202412/t20241216_1957755.html
2024-11,深圳,0.3,0.5,https://www.stats.gov.cn/xxgk/sjfb/zxfb2020/202412/t20241216_1957755.html
2024-11,温州,-0.1,-1.3,https://www.stats.gov.cn/xxgk/sjfb/zxfb2020/202412/t20241216_1957755.html
2024-11,湛江,0.9,-0.3,https://www.stats.gov.cn/xxgk/sjfb/zxfb2020/202412/t20241216_1957755.html
2024-11,烟台,-0.3,-0.4,https://www.stats.gov.cn/xxgk/sjfb/zxfb2020/202412/t20241216_1957755.html
2024-11,牡丹江,-0.5,-0.7,https://www.stats.gov.cn/xxgk/sjfb/zxfb2020/202412/t20241216_1957755.html
2024-11,石家庄,-0.1,-0.2,https://www.stats.gov.cn/xxgk/sjfb/zxfb2020/202412/t20241216_1957755.html
2024-11,福州,-0.3,-0.4,https://www.stats.gov.cn/xxgk/sjfb/zxfb2020/202412/t20241216_1957755.html
2024-11,秦皇岛,-0.6,-0.9,https://www.stats.gov.cn/xxgk/sjfb/zxfb2020/202412/t20241216_1957755.html
2024-11,蚌埠,-0.5,-0.3,https://www.stats.gov.cn/xxgk/sjfb/zxfb2020/202412/t20241216_1957755.html
2024-11,襄阳,-0.5,-0.6,https://www.stats.gov.cn/xxgk/sjfb/zxfb2020/202412/t20241216_1957755.html
2024-11,西宁,-0.5,-0.8,https://www.stats.gov.cn/xxgk/sjfb/zxfb2020/202412/t20241216_1957755.html
2024-11,西安,-0.2,-0.3,https://www.stats.gov.cn/xxgk/sjfb/zxfb2020/202412/t20241216_1957755.html
2024-11,贵阳,0.0,-0.3,https://www.stats.gov.cn/xxgk/sjfb/zxfb2020/202412/t20241216_1957755.html
2024-11,赣州,0.0,-0.1,https://www.stats.gov.cn/xxgk/sjfb/zxfb2020/202412/t20241216_1957755.html
2024-11,遵义,-0.5,-0.4,https://www.stats.gov.cn/xxgk/sjfb/zxfb2020/202412/t20241216_1957755.html
2024-11,郑州,-0.3,-0.5,https://www.stats.gov.cn/xxgk/sjfb/zxfb2020/202412/t20241216_1957755.html
2024-11,重庆,0.3,0.4,https://www.stats.gov.cn/xxgk/sjfb/zxfb2020/202412/t20241216_1957755.html
2024-11,金华,-0.6,-0.5,https://www.stats.gov.cn/xxgk/sjfb/zxfb2020/202412/t20241216_1957755.html
2024-11,银川,-0.2,-0.4,https://www.stats.gov.cn/xxgk/sjfb/zxfb2020/202412/t20241216_1957755.html
2024-11,锦州,0.3,-0.9,https://www.stats.gov.cn/xxgk/sjfb/zxfb2020/202412/t20241216_1957755.html
2024-11,长春,0.2,-0.2,https://www.stats.gov.cn/xxgk/sjfb/zxfb2020/202412/t20241216_1957755.html
2024-11,长沙,-0.6,-0.4,https://www.stats.gov.cn/xxgk/sjfb/zxfb2020/202412/t20241216_1957755.html
2024-11,青岛,-0.2,-0.4,https://www.stats.gov.cn/xxgk/sjfb/zxfb2020/202412/t20241216_1957755.html
2024-11,韶关,-0.5,-0.6,https://www.stats.gov.cn/xxgk/sjfb/zxfb2020/202412/t20241216_1957755.html
2024-12,三亚,0.6,-0.6,https://www.stats.gov.cn/sj/zxfb/202501/t20250117_1958323.html
2024-12,上海,0.5,0.9,https://www.stats.gov.cn/sj/zxfb/202501/t20250117_1958323.html
2024-12,丹东,-0.4,-0.2,https://www.stats.gov.cn/sj/zxfb/202501/t20250117_1958323.html
2024-12,乌鲁木齐,0.1,-0.4,https://www.stats.gov.cn/sj/zxfb/202501/t20250117_1958323.html
2024-12,九江,-0.3,-0.4,https://www.stats.gov.cn/sj/zxfb/202501/t20250117_1958323.html
2024-12,兰州,-0.2,-0.1,https://www.stats.gov.cn/sj/zxfb/202501/t20250117_1958323.html
2024-12,包头,-0.3,-0.5,https://www.stats.gov.cn/sj/zxfb/202501/t20250117_1958323.html
2024-12,北京,-0.1,0.5,https://www.stats.gov.cn/sj/zxfb/202501/t20250117_1958323.html
2024-12,北海,-0.2,-0.3,https://www.stats.gov.cn/sj/zxfb/202501/t20250117_1958323.html
2024-12,南京,0.6,-0.1,https://www.stats.gov.cn/sj/zxfb/202501/t20250117_1958323.html
2024-12,南充,0.4,-0.2,https://www.stats.gov.cn/sj/zxfb/202501/t20250117_1958323.html
2024-12,南宁,0.3,-0.5,https://www.stats.gov.cn/sj/zxfb/202501/t20250117_1958323.html
2024-12,南昌,-0.2,-0.4,https://www.stats.gov.cn/sj/zxfb/202501/t20250117_1958323.html
2024-12,厦门,0.3,0.4,https://www.stats.gov.cn/sj/zxfb/202501/t20250117_1958323.html
2024-12,合肥,-0.2,-0.5,https://www.stats.gov.cn/sj/zxfb/202501/t20250117_1958323.html
2024-12,吉林,-0.5,-0.3,https://www.stats.gov.cn/sj/zxfb/202501/t20250117_1958323.html
2024-12,呼和浩特,-0.8,-1.0,https://www.stats.gov.cn/sj/zxfb/202501/t20250117_1958323.html
2024-12,哈尔滨,-0.5,-0.4,https://www.stats.gov.cn/sj/zxfb/202501/t20250117_1958323.html
2024-12,唐山,-0.4,-0.5,https://www.stats.gov.cn/sj/zxfb/202501/t20250117_1958323.html
2024-12,大理,-0.1,-0.3,https://www.stats.gov.cn/sj/zxfb/202501/t20250117_1958323.html
2024-12,大连,-0.1,-0.3,https://www.stats.gov.cn/sj/zxfb/202501/t20250117_1958323.html
2024-12,天津,0.2,0.1,https://www.stats.gov.cn/sj/zxfb/202501/t20250117_1958323.html
2024-12,太原,0.0,-0.2,https://www.stats.gov.cn/sj/zxfb/202501/t20250117_1958323.html
2024-12,宁波,0.5,-0.6,https://www.stats.gov.cn/sj/zxfb/202501/t20250117_1958323.html
2024-12,安庆,-0.5,-0.6,https://www.stats.gov.cn/sj/zxfb/202501/t20250117_1958323.html
2024-12,宜昌,-0.2,-0.1,https://www.stats.gov.cn/sj/zxfb/202501/t20250117_1958323.html
2024-12,岳阳,-0.5,-0.4,https://www.stats.gov.cn/sj/zxfb/202501/t20250117_1958323.html
2024-12,常德,0.0,-0.5,https://www.stats.gov.cn/sj/zxfb/202501/t20250117_1958323.html
2024-12,平顶山,0.2,-0.1,https://www.stats.gov.cn/sj/zxfb/202501/t20250117_1958323.html
2024-12,广州,-0.1,-0.3,https://www.stats.gov.cn/sj/zxfb/202501/t20250117_1958323.html
2024-12,徐州,-0.1,0.0,https://www.stats.gov.cn/sj/zxfb/202501/t20250117_1958323.html
2024-12,惠州,0.1,-0.4,https://www.stats.gov.cn/sj/zxfb/202501/t20250117_1958323.html
2024-12,成都,0.6,0.3,https://www.stats.gov.cn/sj/zxfb/202501/t20250117_1958323.html
2024-12,扬州,0.0,-0.6,https://www.stats.gov.cn/sj/zxfb/202501/t20250117_1958323.html
2024-12,无锡,0.2,-0.4,https://www.stats.gov.cn/sj/zxfb/202501/t20250117_1958323.html
2024-12,昆明,-0.2,-0.7,https://www.stats.gov.cn/sj/zxfb/202501/t20250117_1958323.html
2024-12,杭州,0.4,-0.2,https://www.stats.gov.cn/sj/zxfb/202501/t20250117_1958323.html
2024-12,桂林,-0.3,-0.4,https://www.stats.gov.cn/sj/zxfb/202501/t20250117_1958323.html
2024-12,武汉,0.4,0.2,https://www.stats.gov.cn/sj/zxfb/202501/t20250117_1958323.html
2024-12,沈阳,0.2,-0.4,https://www.stats.gov.cn/sj/zxfb/202501/t20250117_1958323.html
2024-12,泉州,0.4,-0.5,https://www.stats.gov.cn/sj/zxfb/202501/t20250117_1958323.html
2024-12,泸州,-0.2,-0.3,https://www.stats.gov.cn/sj/zxfb/202501/t20250117_1958323.html
2024-12,洛阳,-0.1,-0.3,https://www.stats.gov.cn/sj/zxfb/202501/t20250117_1958323.html
2024-12,济南,-0.1,-0.2,https://www.stats.gov.cn/sj/zxfb/202501/t20250117_1958323.html
2024-12,济宁,-0.4,-0.1,https://www.stats.gov.cn/sj/zxfb/202501/t20250117_1958323.html
2024-12,海口,-0.5,0.2,https://www.stats.gov.cn/sj/zxfb/202501/t20250117_1958323.html
2024-12,深圳,0.2,0.1,https://www.stats.gov.cn/sj/zxfb/202501/t20250117_1958323.html
2024-12,温州,-0.4,-0.6,https://www.stats.gov.cn/sj/zxfb/202501/t20250117_1958323.html
2024-12,湛江,-0.6,-0.7,https://www.stats.gov.cn/sj/zxfb/202501/t20250117_1958323.html
2024-12,烟台,-0.3,-0.6,https://www.stats.gov.cn/sj/zxfb/202501/t20250117_1958323.html
2024-12,牡丹江,-0.2,-0.5,https://www.stats.gov.cn/sj/zxfb/202501/t20250117_1958323.html
2024-12,石家庄,-0.4,-0.5,https://www.stats.gov.cn/sj/zxfb/202501/t20250117_1958323.html
2024-12,福州,0.1,-0.3,https://www.stats.gov.cn/sj/zxfb/202501/t20250117_1958323.html
2024-12,秦皇岛,-0.3,-0.6,https://www.stats.gov.cn/sj/zxfb/202501/t20250117_1958323.html
2024-12,蚌埠,-0.2,-0.4,https://www.stats.gov.cn/sj/zxfb/202501/t20250117_1958323.html
2024-12,襄阳,-0.2,-0.5,https://www.stats.gov.cn/sj/zxfb/202501/t20250117_1958323.html
2024-12,西宁,-0.7,-0.9,https://www.stats.gov.cn/sj/zxfb/202501/t20250117_1958323.html
2024-12,西安,-0.3,-0.2,https://www.stats.gov.cn/sj/zxfb/202501/t20250117_1958323.html
2024-12,贵阳,-0.1,-0.4,https://www.stats.gov.cn/sj/zxfb/202501/t20250117_1958323.html
2024-12,赣州,0.3,0.4,https://www.stats.gov.cn/sj/zxfb/202501/t20250117_1958323.html
2024-12,遵义,-0.1,-0.5,https://www.stats.gov.cn/sj/zxfb/202501/t20250117_1958323.html
2024-12,郑州,0.4,-0.4,https://www.stats.gov.cn/sj/zxfb/202501/t20250117_1958323.html
2024-12,重庆,-0.3,-0.4,https://www.stats.gov.cn/sj/zxfb/202501/t20250117_1958323.html
2024-12,金华,-0.2,-0.5,https://www.stats.gov.cn/sj/zxfb/202501/t20250117_1958323.html
2024-12,银川,0.0,-0.1,https://www.stats.gov.cn/sj/zxfb/202501/t20250117_1958323.html
2024-12,锦州,-0.4,-0.7,https://www.stats.gov.cn/sj/zxfb/202501/t20250117_1958323.html
2024-12,长春,-0.5,-0.8,https://www.stats.gov.cn/sj/zxfb/202501/t20250117_1958323.html
2024-12,长沙,0.1,-0.1,https://www.stats.gov.cn/sj/zxfb/202501/t20250117_1958323.html
2024-12,青岛,0.3,-0.3,https://www.stats.gov.cn/sj/zxfb/202501/t20250117_1958323.html
2024-12,韶关,-0.6,-0.8,https://www.stats.gov.cn/sj/zxfb/202501/t20250117_1958323.html
2025-01,三亚,0.2,-0.2,https://www.stats.gov.cn/sj/zxfb/202502/t20250219_1958761.html
2025-01,上海,0.6,0.4,https://www.stats.gov.cn/sj/zxfb/202502/t20250219_1958761.html
2025-01,丹东,-0.6,-0.2,https://www.stats.gov.cn/sj/zxfb/202502/t20250219_1958761.html
2025-01,乌鲁木齐,-0.4,-0.3,https://www.stats.gov.cn/sj/zxfb/202502/t20250219_1958761.html
2025-01,九江,-0.4,-0.5,https://www.stats.gov.cn/sj/zxfb/202502/t20250219_1958761.html
2025-01,兰州,0.0,-0.7,https://www.stats.gov.cn/sj/zxfb/202502/t20250219_1958761.html
2025-01,包头,-0.1,-0.4,https://www.stats.gov.cn/sj/zxfb/202502/t20250219_1958761.html
2025-01,北京,-0.4,0.1,https://www.stats.gov.cn/sj/zxfb/202502/t20250219_1958761.html
2025-01,北海,-0.6,-0.3,https://www.stats.gov.cn/sj/zxfb/202502/t20250219_1958761.html
2025-01,南京,0.7,0.0,https://www.stats.gov.cn/sj/zxfb/202502/t20250219_1958761.html
2025-01,南充,-0.3,-0.1,https://www.stats.gov.cn/sj/zxfb/202502/t20250219_1958761.html
2025-01,南宁,0.1,-0.3,https://www.stats.gov.cn/sj/zxfb/202502/t20250219_1958761.html
2025-01,南昌,-0.3,-0.6,https://www.stats.gov.cn/sj/zxfb/202502/t20250219_1958761.html
2025-01,厦门,0.1,0.0,https://www.stats.gov.cn/sj/zxfb/202502/t20250219_1958761.html
2025-01,合肥,-0.1,-0.4,https://www.stats.gov.cn/sj/zxfb/202502/t20250219_1958761.html
2025-01,吉林,-0.3,-0.6,https://www.stats.gov.cn/sj/zxfb/202502/t20250219_1958761.html
2025-01,呼和浩特,-0.6,-0.7,https://www.stats.gov.cn/sj/zxfb/202502/t20250219_1958761.html
2025-01,哈尔滨,-0.1,-0.6,https://www.stats.gov.cn/sj/zxfb/202502/t20250219_1958761.html
2025-01,唐山,-0.2,-0.7,https://www.stats.gov.cn/sj/zxfb/202502/t20250219_1958761.html
2025-01,大理,-0.3,-0.2,https://www.stats.gov.cn/sj/zxfb/202502/t20250219_1958761.html
2025-01,大连,0.2,-0.2,https://www.stats.gov.cn/sj/zxfb/202502/t20250219_1958761.html
2025-01,天津,0.3,0.1,https://www.stats.gov.cn/sj/zxfb/202502/t20250219_1958761.html
2025-01,太原,0.3,-0.4,https://www.stats.gov.cn/sj/zxfb/202502/t20250219_1958761.html
2025-01,宁波,0.6,0.3,https://www.stats.gov.cn/sj/zxfb/202502/t20250219_1958761.html
2025-01,安庆,-0.1,-0.7,https://www.stats.gov.cn/sj/zxfb/202502/t20250219_1958761.html
2025-01,宜昌,-0.1,-0.3,https://www.stats.gov.cn/sj/zxfb/202502/t20250219_1958761.html
2025-01,岳阳,-0.2,-0.2,https://www.stats.gov.cn/sj/zxfb/202502/t20250219_1958761.html
2025-01,常德,-0.3,-0.7,https://www.stats.gov.cn/sj/zxfb/202502/t20250219_1958761.html
2025-01,平顶山,0.1,-0.2,https://www.stats.gov.cn/sj/zxfb/202502/t20250219_1958761.html
2025-01,广州,0.0,-0.2,https://www.stats.gov.cn/sj/zxfb/202502/t20250219_1958761.html
2025-01,徐州,-0.4,-0.6,https://www.stats.gov.cn/sj/zxfb/202502/t20250219_1958761.html
2025-01,惠州,0.2,-0.6,https://www.stats.gov.cn/sj/zxfb/202502/t20250219_1958761.html
2025-01,成都,0.7,0.2,https://www.stats.gov.cn/sj/zxfb/202502/t20250219_1958761.html
2025-01,扬州,-0.5,-1.2,https://www.stats.gov.cn/sj/zxfb/202502/t20250219_1958761.html
2025-01,无锡,0.5,0.2,https://www.stats.gov.cn/sj/zxfb/202502/t20250219_1958761.html
2025-01,昆明,-0.3,-0.8,https://www.stats.gov.cn/sj/zxfb/202502/t20250219_1958761.html
2025-01,杭州,0.3,-0.4,https://www.stats.gov.cn/sj/zxfb/202502/t20250219_1958761.html
2025-01,桂林,-0.2,-0.5,https://www.stats.gov.cn/sj/zxfb/202502/t20250219_1958761.html
2025-01,武汉,0.5,-0.5,https://www.stats.gov.cn/sj/zxfb/202502/t20250219_1958761.html
2025-01,沈阳,-0.2,-0.4,https://www.stats.gov.cn/sj/zxfb/202502/t20250219_1958761.html
2025-01,泉州,0.1,-0.2,https://www.stats.gov.cn/sj/zxfb/202502/t20250219_1958761.html
2025-01,泸州,-0.5,-0.3,https://www.stats.gov.cn/sj/zxfb/202502/t20250219_1958761.html
2025-01,洛阳,-0.3,-0.4,https://www.stats.gov.cn/sj/zxfb/202502/t20250219_1958761.html
2025-01,济南,-0.2,-0.1,https://www.stats.gov.cn/sj/zxfb/202502/t20250219_1958761.html
2025-01,济宁,-0.2,-0.5,https://www.stats.gov.cn/sj/zxfb/202502/t20250219_1958761.html
2025-01,海口,0.4,-0.3,https://www.stats.gov.cn/sj/zxfb/202502/t20250219_1958761.html
2025-01,深圳,0.2,0.4,https://www.stats.gov.cn/sj/zxfb/202502/t20250219_1958761.html
2025-01,温州,-0.1,-0.2,https://www.stats.gov.cn/sj/zxfb/202502/t20250219_1958761.html
2025-01,湛江,-0.1,-0.5,https://www.stats.gov.cn/sj/zxfb/202502/t20250219_1958761.html
2025-01,烟台,-0.4,-0.5,https://www.stats.gov.cn/sj/zxfb/202502/t20250219_1958761.html
2025-01,牡丹江,-0.4,-0.6,https://www.stats.gov.cn/sj/zxfb/202502/t20250219_1958761.html
2025-01,石家庄,-0.1,-0.3,https://www.stats.gov.cn/sj/zxfb/202502/t20250219_1958761.html
2025-01,福州,0.2,-0.5,https://www.stats.gov.cn/sj/zxfb/202502/t20250219_1958761.html
2025-01,秦皇岛,-0.3,-0.5,https://www.stats.gov.cn/sj/zxfb/202502/t20250219_1958761.html
2025-01,蚌埠,-0.2,-0.3,https://www.stats.gov.cn/sj/zxfb/202502/t20250219_1958761.html
2025-01,襄阳,-0.2,-0.8,https://www.stats.gov.cn/sj/zxfb/202502/t20250219_1958761.html
2025-01,西宁,-0.3,-0.4,https://www.stats.gov.cn/sj/zxfb/202502/t20250219_1958761.html
2025-01,西安,-0.4,-0.3,https://www.stats.gov.cn/sj/zxfb/202502/t20250219_1958761.html
2025-01,贵阳,-0.2,-0.3,https://www.stats.gov.cn/sj/zxfb/202502/t20250219_1958761.html
2025-01,赣州,0.2,-0.2,https://www.stats.gov.cn/sj/zxfb/202502/t20250219_1958761.html
2025-01,遵义,0.1,-0.3,https://www.stats.gov.cn/sj/zxfb/202502/t20250219_1958761.html
2025-01,郑州,0.3,-0.7,https://www.stats.gov.cn/sj/zxfb/202502/t20250219_1958761.html
2025-01,重庆,0.4,-0.4,https://www.stats.gov.cn/sj/zxfb/202502/t20250219_1958761.html
2025-01,金华,0.0,-0.1,https://www.stats.gov.cn/sj/zxfb/202502/t20250219_1958761.html
2025-01,银川,-0.2,-0.3,https://www.stats.gov.cn/sj/zxfb/202502/t20250219_1958761.html
2025-01,锦州,-0.5,-0.8,https://www.stats.gov.cn/sj/zxfb/202502/t20250219_1958761.html
2025-01,长春,-0.2,-0.5,https://www.stats.gov.cn/sj/zxfb/202502/t20250219_1958761.html
2025-01,长沙,0.0,-0.3,https://www.stats.gov.cn/sj/zxfb/202502/t20250219_1958761.html
2025-01,青岛,0.1,0.0,https://www.stats.gov.cn/sj/zxfb/202502/t20250219_1958761.html
2025-01,韶关,-0.3,-0.2,https://www.stats.gov.cn/sj/zxfb/202502/t20250219_1958761.html
2025-02,三亚,-0.1,-0.2,https://www.stats.gov.cn/sj/zxfb/202503/t20250317_1959009.html
2025-02,上海,0.2,-0.4,https://www.stats.gov.cn/sj/zxfb/202503/t20250317_1959009.html
2025-02,丹东,-0.4,0.0,https://www.stats.gov.cn/sj/zxfb/202503/t20250317_1959009.html
2025-02,乌鲁木齐,-0.1,-0.3,https://www.stats.gov.cn/sj/zxfb/202503/t20250317_1959009.html
2025-02,九江,0.0,-0.2,https://www.stats.gov.cn/sj/zxfb/202503/t20250317_1959009.html
2025-02,兰州,-0.2,-0.1,https://www.stats.gov.cn/sj/zxfb/202503/t20250317_1959009.html
2025-02,包头,-0.4,-0.2,https://www.stats.gov.cn/sj/zxfb/202503/t20250317_1959009.html
2025-02,北京,0.1,0.0,https://www.stats.gov.cn/sj/zxfb/202503/t20250317_1959009.html
2025-02,北海,-0.3,-0.6,https://www.stats.gov.cn/sj/zxfb/202503/t20250317_1959009.html
2025-02,南京,0.5,-0.3,https://www.stats.gov.cn/sj/zxfb/202503/t20250317_1959009.html
2025-02,南充,-0.2,-0.3,https://www.stats.gov.cn/sj/zxfb/202503/t20250317_1959009.html
2025-02,南宁,0.1,-0.4,https://www.stats.gov.cn/sj/zxfb/202503/t20250317_1959009.html
2025-02,南昌,0.3,-0.3,https://www.stats.gov.cn/sj/zxfb/202503/t20250317_1959009.html
2025-02,厦门,0.2,-0.3,https://www.stats.gov.cn/sj/zxfb/202503/t20250317_1959009.html
2025-02,合肥,0.2,-0.3,https://www.stats.gov.cn/sj/zxfb/202503/t20250317_1959009.html
2025-02,吉林,-0.4,-0.2,https://www.stats.gov.cn/sj/zxfb/202503/t20250317_1959009.html
2025-02,呼和浩特,-0.6,-0.4,https://www.stats.gov.cn/sj/zxfb/202503/t20250317_1959009.html
2025-02,哈尔滨,0.3,-0.4,https://www.stats.gov.cn/sj/zxfb/202503/t20250317_1959009.html
2025-02,唐山,-0.5,-0.6,https://www.stats.gov.cn/sj/zxfb/202503/t20250317_1959009.html
2025-02,大理,-0.2,-0.3,https://www.stats.gov.cn/sj/zxfb/202503/t20250317_1959009.html
2025-02,大连,0.3,-0.7,https://www.stats.gov.cn/sj/zxfb/202503/t20250317_1959009.html
2025-02,天津,-0.3,-0.4,https://www.stats.gov.cn/sj/zxfb/202503/t20250317_1959009.html
2025-02,太原,0.1,-0.6,https://www.stats.gov.cn/sj/zxfb/202503/t20250317_1959009.html
2025-02,宁波,0.3,-0.4,https://www.stats.gov.cn/sj/zxfb/202503/t20250317_1959009.html
2025-02,安庆,-0.2,-0.6,https://www.stats.gov.cn/sj/zxfb/202503/t20250317_1959009.html
2025-02,宜昌,0.1,-0.4,https://www.stats.gov.cn/sj/zxfb/202503/t20250317_1959009.html
2025-02,岳阳,-0.4,-0.1,https://www.stats.gov.cn/sj/zxfb/202503/t20250317_1959009.html
2025-02,常德,0.1,-0.3,https://www.stats.gov.cn/sj/zxfb/202503/t20250317_1959009.html
2025-02,平顶山,0.0,-0.3,https://www.stats.gov.cn/sj/zxfb/202503/t20250317_1959009.html
2025-02,广州,-0.2,-0.3,https://www.stats.gov.cn/sj/zxfb/202503/t20250317_1959009.html
2025-02,徐州,-0.4,-0.8,https://www.stats.gov.cn/sj/zxfb/202503/t20250317_1959009.html
2025-02,惠州,-0.2,-0.5,https://www.stats.gov.cn/sj/zxfb/202503/t20250317_1959009.html
2025-02,成都,0.3,0.2,https://www.stats.gov.cn/sj/zxfb/202503/t20250317_1959009.html
2025-02,扬州,-0.1,-0.9,https://www.stats.gov.cn/sj/zxfb/202503/t20250317_1959009.html
2025-02,无锡,-0.8,-0.1,https://www.stats.gov.cn/sj/zxfb/202503/t20250317_1959009.html
2025-02,昆明,-0.1,-0.5,https://www.stats.gov.cn/sj/zxfb/202503/t20250317_1959009.html
2025-02,杭州,-0.1,-0.2,https://www.stats.gov.cn/sj/zxfb/202503/t20250317_1959009.html
2025-02,桂林,-0.3,-0.5,https://www.stats.gov.cn/sj/zxfb/202503/t20250317_1959009.html
2025-02,武汉,-0.3,-0.6,https://www.stats.gov.cn/sj/zxfb/202503/t20250317_1959009.html
2025-02,沈阳,0.2,-0.3,https://www.stats.gov.cn/sj/zxfb/202503/t20250317_1959009.html
2025-02,泉州,0.2,-0.1,https://www.stats.gov.cn/sj/zxfb/202503/t20250317_1959009.html
2025-02,泸州,-0.4,-0.5,https://www.stats.gov.cn/sj/zxfb/202503/t20250317_1959009.html
2025-02,洛阳,-0.1,-0.3,https://www.stats.gov.cn/sj/zxfb/202503/t20250317_1959009.html
2025-02,济南,0.3,-0.2,https://www.stats.gov.cn/sj/zxfb/202503/t20250317_1959009.html
2025-02,济宁,-0.3,-0.2,https://www.stats.gov.cn/sj/zxfb/202503/t20250317_1959009.html
2025-02,海口,0.0,0.2,https://www.stats.gov.cn/sj/zxfb/202503/t20250317_1959009.html
2025-02,深圳,0.4,0.3,https://www.stats.gov.cn/sj/zxfb/202503/t20250317_1959009.html
2025-02,温州,0.0,-0.2,https://www.stats.gov.cn/sj/zxfb/202503/t20250317_1959009.html
2025-02,湛江,-0.5,-0.4,https://www.stats.gov.cn/sj/zxfb/202503/t20250317_1959009.html
2025-02,烟台,-0.6,-0.8,https://www.stats.gov.cn/sj/zxfb/202503/t20250317_1959009.html
2025-02,牡丹江,-0.2,-0.4,https://www.stats.gov.cn/sj/zxfb/202503/t20250317_1959009.html
2025-02,石家庄,-0.3,-0.2,https://www.stats.gov.cn/sj/zxfb/202503/t20250317_1959009.html
2025-02,福州,-0.1,-0.6,https://www.stats.gov.cn/sj/zxfb/202503/t20250317_1959009.html
2025-02,秦皇岛,-0.2,-0.4,https://www.stats.gov.cn/sj/zxfb/202503/t20250317_1959009.html
2025-02,蚌埠,-0.3,-0.2,https://www.stats.gov.cn/sj/zxfb/202503/t20250317_1959009.html
2025-02,襄阳,-0.1,-0.6,https://www.stats.gov.cn/sj/zxfb/202503/t20250317_1959009.html
2025-02,西宁,-0.1,-0.5,https://www.stats.gov.cn/sj/zxfb/202503/t20250317_1959009.html
2025-02,西安,-0.5,-0.4,https://www.stats.gov.cn/sj/zxfb/202503/t20250317_1959009.html
2025-02,贵阳,0.0,-0.2,https://www.stats.gov.cn/sj/zxfb/202503/t20250317_1959009.html
2025-02,赣州,0.0,-0.1,https://www.stats.gov.cn/sj/zxfb/202503/t20250317_1959009.html
2025-02,遵义,-0.4,-0.5,https://www.stats.gov.cn/sj/zxfb/202503/t20250317_1959009.html
2025-02,郑州,-0.4,-0.6,https://www.stats.gov.cn/sj/zxfb/202503/t20250317_1959009.html
2025-02,重庆,-0.2,-0.1,https://www.stats.gov.cn/sj/zxfb/202503/t20250317_1959009.html
2025-02,金华,-0.1,-0.3,https://www.stats.gov.cn/sj/zxfb/202503/t20250317_1959009.html
2025-02,银川,-0.6,-0.7,https://www.stats.gov.cn/sj/zxfb/202503/t20250317_1959009.html
2025-02,锦州,-0.3,-0.5,https://www.stats.gov.cn/sj/zxfb/202503/t20250317_1959009.html
2025-02,长春,-0.5,-0.7,https://www.stats.gov.cn/sj/zxfb/202503/t20250317_1959009.html
2025-02,长沙,-0.2,-0.4,https://www.stats.gov.cn/sj/zxfb/202503/t20250317_1959009.html
2025-02,青岛,0.0,-0.1,https://www.stats.gov.cn/sj/zxfb/202503/t20250317_1959009.html
2025-02,韶关,-0.6,-0.3,https://www.stats.gov.cn/sj/zxfb/202503/t20250317_1959009.html
2025-03,三亚,-0.2,-0.3,https://www.stats.gov.cn/sj/zxfb/202504/t20250416_1959311.html
2025-03,上海,0.7,0.4,https://www.stats.gov.cn/sj/zxfb/202504/t20250416_1959311.html
2025-03,丹东,-0.7,-0.4,https://www.stats.gov.cn/sj/zxfb/202504/t20250416_1959311.html
2025-03,乌鲁木齐,0.1,-0.2,https://www.stats.gov.cn/sj/zxfb/202504/t20250416_1959311.html
2025-03,九江,-0.3,-0.2,https://www.stats.gov.cn/sj/zxfb/202504/t20250416_1959311.html
2025-03,兰州,-0.5,-0.2,https://www.stats.gov.cn/sj/zxfb/202504/t20250416_1959311.html
2025-03,包头,-0.6,-0.8,https://www.stats.gov.cn/sj/zxfb/202504/t20250416_1959311.html
2025-03,北京,-0.2,0.5,https://www.stats.gov.cn/sj/zxfb/202504/t20250416_1959311.html
2025-03,北海,-0.3,-0.2,https://www.stats.gov.cn/sj/zxfb/202504/t20250416_1959311.html
2025-03,南京,0.1,-0.4,https://www.stats.gov.cn/sj/zxfb/202504/t20250416_1959311.html
2025-03,南充,-0.1,0.0,https://www.stats.gov.cn/sj/zxfb/202504/t20250416_1959311.html
2025-03,南宁,0.2,-0.5,https://www.stats.gov.cn/sj/zxfb/202504/t20250416_1959311.html
2025-03,南昌,0.2,0.3,https://www.stats.gov.cn/sj/zxfb/202504/t20250416_1959311.html
2025-03,厦门,0.0,-0.3,https://www.stats.gov.cn/sj/zxfb/202504/t20250416_1959311.html
2025-03,合肥,0.2,-0.2,https://www.stats.gov.cn/sj/zxfb/202504/t20250416_1959311.html
2025-03,吉林,-0.4,-0.5,https://www.stats.gov.cn/sj/zxfb/202504/t20250416_1959311.html
2025-03,呼和浩特,-0.5,-0.3,https://www.stats.gov.cn/sj/zxfb/202504/t20250416_1959311.html
2025-03,哈尔滨,-0.2,-0.3,https://www.stats.gov.cn/sj/zxfb/202504/t20250416_1959311.html
2025-03,唐山,-0.3,-0.6,https://www.stats.gov.cn/sj/zxfb/202504/t20250416_1959311.html
2025-03,大理,-0.3,-0.5,https://www.stats.gov.cn/sj/zxfb/202504/t20250416_1959311.html
2025-03,大连,-0.5,-0.4,https://www.stats.gov.cn/sj/zxfb/202504/t20250416_1959311.html
2025-03,天津,0.3,0.0,https://www.stats.gov.cn/sj/zxfb/202504/t20250416_1959311.html
2025-03,太原,0.2,-0.5,https://www.stats.gov.cn/sj/zxfb/202504/t20250416_1959311.html
2025-03,宁波,0.4,0.1,https://www.stats.gov.cn/sj/zxfb/202504/t20250416_1959311.html
2025-03,安庆,-0.3,-0.5,https://www.stats.gov.cn/sj/zxfb/202504/t20250416_1959311.html
2025-03,宜昌,0.3,-0.3,https://www.stats.gov.cn/sj/zxfb/202504/t20250416_1959311.html
2025-03,岳阳,-0.1,-0.4,https://www.stats.gov.cn/sj/zxfb/202504/t20250416_1959311.html
2025-03,常德,-0.4,-0.5,https://www.stats.gov.cn/sj/zxfb/202504/t20250416_1959311.html
2025-03,平顶山,-0.1,-0.4,https://www.stats.gov.cn/sj/zxfb/202504/t20250416_1959311.html
2025-03,广州,-0.1,-0.2,https://www.stats.gov.cn/sj/zxfb/202504/t20250416_1959311.html
2025-03,徐州,-0.3,-0.6,https://www.stats.gov.cn/sj/zxfb/202504/t20250416_1959311.html
2025-03,惠州,-0.1,-0.8,https://www.stats.gov.cn/sj/zxfb/202504/t20250416_1959311.html
2025-03,成都,0.5,0.1,https://www.stats.gov.cn/sj/zxfb/202504/t20250416_1959311.html
2025-03,扬州,-0.4,0.3,https://www.stats.gov.cn/sj/zxfb/202504/t20250416_1959311.html
2025-03,无锡,-0.1,-0.5,https://www.stats.gov.cn/sj/zxfb/202504/t20250416_1959311.html
2025-03,昆明,-0.4,-0.3,https://www.stats.gov.cn/sj/zxfb/202504/t20250416_1959311.html
2025-03,杭州,0.5,1.0,https://www.stats.gov.cn/sj/zxfb/202504/t20250416_1959311.html
2025-03,桂林,0.2,0.1,https://www.stats.gov.cn/sj/zxfb/202504/t20250416_1959311.html
2025-03,武汉,0.1,-0.1,https://www.stats.gov.cn/sj/zxfb/202504/t20250416_1959311.html
2025-03,沈阳,-0.1,-0.2,https://www.stats.gov.cn/sj/zxfb/202504/t20250416_1959311.html
2025-03,泉州,0.2,-0.6,https://www.stats.gov.cn/sj/zxfb/202504/t20250416_1959311.html
2025-03,泸州,-0.2,0.1,https://www.stats.gov.cn/sj/zxfb/202504/t20250416_1959311.html
2025-03,洛阳,-0.2,-0.2,https://www.stats.gov.cn/sj/zxfb/202504/t20250416_1959311.html
2025-03,济南,0.3,0.0,https://www.stats.gov.cn/sj/zxfb/202504/t20250416_1959311.html
2025-03,济宁,-0.2,-0.1,https://www.stats.gov.cn/sj/zxfb/202504/t20250416_1959311.html
2025-03,海口,-0.2,-0.2,https://www.stats.gov.cn/sj/zxfb/202504/t20250416_1959311.html
2025-03,深圳,0.1,0.3,https://www.stats.gov.cn/sj/zxfb/202504/t20250416_1959311.html
2025-03,温州,-0.3,-0.1,https://www.stats.gov.cn/sj/zxfb/202504/t20250416_1959311.html
2025-03,湛江,0.2,-0.1,https://www.stats.gov.cn/sj/zxfb/202504/t20250416_1959311.html
2025-03,烟台,-0.4,-0.3,https://www.stats.gov.cn/sj/zxfb/202504/t20250416_1959311.html
2025-03,牡丹江,-0.3,-0.4,https://www.stats.gov.cn/sj/zxfb/202504/t20250416_1959311.html
2025-03,石家庄,-0.1,-0.1,https://www.stats.gov.cn/sj/zxfb/202504/t20250416_1959311.html
2025-03,福州,0.1,-0.2,https://www.stats.gov.cn/sj/zxfb/202504/t20250416_1959311.html
2025-03,秦皇岛,-0.5,-0.8,https://www.stats.gov.cn/sj/zxfb/202504/t20250416_1959311.html
2025-03,蚌埠,-0.4,-0.2,https://www.stats.gov.cn/sj/zxfb/202504/t20250416_1959311.html
2025-03,襄阳,0.0,-0.4,https://www.stats.gov.cn/sj/zxfb/202504/t20250416_1959311.html
2025-03,西宁,-0.5,0.0,https://www.stats.gov.cn/sj/zxfb/202504/t20250416_1959311.html
2025-03,西安,-0.2,-0.3,https://www.stats.gov.cn/sj/zxfb/202504/t20250416_1959311.html
2025-03,贵阳,-0.2,-0.2,https://www.stats.gov.cn/sj/zxfb/202504/t20250416_1959311.html
2025-03,赣州,-0.1,-0.3,https://www.stats.gov.cn/sj/zxfb/202504/t20250416_1959311.html
2025-03,遵义,0.1,-0.2,https://www.stats.gov.cn/sj/zxfb/202504/t20250416_1959311.html
2025-03,郑州,0.0,-0.7,https://www.stats.gov.cn/sj/zxfb/202504/t20250416_1959311.html
2025-03,重庆,0.2,-0.2,https://www.stats.gov.cn/sj/zxfb/202504/t20250416_1959311.html
2025-03,金华,0.0,-0.1,https://www.stats.gov.cn/sj/zxfb/202504/t20250416_1959311.html
2025-03,银川,0.1,-0.4,https://www.stats.gov.cn/sj/zxfb/202504/t20250416_1959311.html
2025-03,锦州,-0.1,-0.3,https://www.stats.gov.cn/sj/zxfb/202504/t20250416_1959311.html
2025-03,长春,-0.3,-0.4,https://www.stats.gov.cn/sj/zxfb/202504/t20250416_1959311.html
2025-03,长沙,0.3,-0.5,https://www.stats.gov.cn/sj/zxfb/202504/t20250416_1959311.html
2025-03,青岛,0.2,-0.1,https://www.stats.gov.cn/sj/zxfb/202504/t20250416_1959311.html
2025-03,韶关,0.0,-0.2,https://www.stats.gov.cn/sj/zxfb/202504/t20250416_1959311.html
2025-04,三亚,0.2,-0.4,https://www.stats.gov.cn/sj/zxfb/202505/t20250519_1959852.html
2025-04,上海,0.5,0.1,https://www.stats.gov.cn/sj/zxfb/202505/t20250519_1959852.html
2025-04,丹东,-0.1,0.1,https://www.stats.gov.cn/sj/zxfb/202505/t20250519_1959852.html
2025-04,乌鲁木齐,0.3,-0.7,https://www.stats.gov.cn/sj/zxfb/202505/t20250519_1959852.html
2025-04,九江,-0.4,-0.1,https://www.stats.gov.cn/sj/zxfb/202505/t20250519_1959852.html
2025-04,兰州,-0.4,-0.3,https://www.stats.gov.cn/sj/zxfb/202505/t20250519_1959852.html
2025-04,包头,-0.4,-0.2,https://www.stats.gov.cn/sj/zxfb/202505/t20250519_1959852.html
2025-04,北京,0.1,-0.6,https://www.stats.gov.cn/sj/zxfb/202505/t20250519_1959852.html
2025-04,北海,-0.4,-0.5,https://www.stats.gov.cn/sj/zxfb/202505/t20250519_1959852.html
2025-04,南京,-0.4,-0.7,https://www.stats.gov.cn/sj/zxfb/202505/t20250519_1959852.html
2025-04,南充,-0.2,-0.3,https://www.stats.gov.cn/sj/zxfb/202505/t20250519_1959852.html
2025-04,南宁,0.1,-0.4,https://www.stats.gov.cn/sj/zxfb/202505/t20250519_1959852.html
2025-04,南昌,-0.4,-0.5,https://www.stats.gov.cn/sj/zxfb/202505/t20250519_1959852.html
2025-04,厦门,0.1,-0.6,https://www.stats.gov.cn/sj/zxfb/202505/t20250519_1959852.html
2025-04,合肥,0.3,-0.3,https://www.stats.gov.cn/sj/zxfb/202505/t20250519_1959852.html
2025-04,吉林,-0.3,-0.4,https://www.stats.gov.cn/sj/zxfb/202505/t20250519_1959852.html
2025-04,呼和浩特,-0.2,-0.5,https://www.stats.gov.cn/sj/zxfb/202505/t20250519_1959852.html
2025-04,哈尔滨,-0.3,-0.4,https://www.stats.gov.cn/sj/zxfb/202505/t20250519_1959852.html
2025-04,唐山,-0.4,-0.7,https://www.stats.gov.cn/sj/zxfb/202505/t20250519_1959852.html
2025-04,大理,-0.6,-0.4,https://www.stats.gov.cn/sj/zxfb/202505/t20250519_1959852.html
2025-04,大连,0.5,-0.3,https://www.stats.gov.cn/sj/zxfb/202505/t20250519_1959852.html
2025-04,天津,0.4,-0.2,https://www.stats.gov.cn/sj/zxfb/202505/t20250519_1959852.html
2025-04,太原,0.3,-0.6,https://www.stats.gov.cn/sj/zxfb/202505/t20250519_1959852.html
2025-04,宁波,0.0,-0.6,https://www.stats.gov.cn/sj/zxfb/202505/t20250519_1959852.html
2025-04,安庆,-0.4,-0.7,https://www.stats.gov.cn/sj/zxfb/202505/t20250519_1959852.html
2025-04,宜昌,0.0,-0.2,https://www.stats.gov.cn/sj/zxfb/202505/t20250519_1959852.html
2025-04,岳阳,-0.5,-0.4,https://www.stats.gov.cn/sj/zxfb/202505/t20250519_1959852.html
2025-04,常德,-0.2,-0.6,https://www.stats.gov.cn/sj/zxfb/202505/t20250519_1959852.html
2025-04,平顶山,0.1,-0.6,https://www.stats.gov.cn/sj/zxfb/202505/t20250519_1959852.html
2025-04,广州,-0.2,0.0,https://www.stats.gov.cn/sj/zxfb/202505/t20250519_1959852.html
2025-04,徐州,-0.4,-1.1,https://www.stats.gov.cn/sj/zxfb/202505/t20250519_1959852.html
2025-04,惠州,0.1,-1.0,https://www.stats.gov.cn/sj/zxfb/202505/t20250519_1959852.html
2025-04,成都,0.3,0.1,https://www.stats.gov.cn/sj/zxfb/202505/t20250519_1959852.html
2025-04,扬州,-0.1,-0.6,https://www.stats.gov.cn/sj/zxfb/202505/t20250519_1959852.html
2025-04,无锡,-0.3,-0.4,https://www.stats.gov.cn/sj/zxfb/202505/t20250519_1959852.html
2025-04,昆明,-0.4,-0.8,https://www.stats.gov.cn/sj/zxfb/202505/t20250519_1959852.html
2025-04,杭州,0.4,-0.3,https://www.stats.gov.cn/sj/zxfb/202505/t20250519_1959852.html
2025-04,桂林,-0.2,-0.6,https://www.stats.gov.cn/sj/zxfb/202505/t20250519_1959852.html
2025-04,武汉,-0.2,-0.4,https://www.stats.gov.cn/sj/zxfb/202505/t20250519_1959852.html
2025-04,沈阳,-0.4,-0.5,https://www.stats.gov.cn/sj/zxfb/202505/t20250519_1959852.html
2025-04,泉州,0.3,-0.2,https://www.stats.gov.cn/sj/zxfb/202505/t20250519_1959852.html
2025-04,泸州,-0.4,-0.1,https://www.stats.gov.cn/sj/zxfb/202505/t20250519_1959852.html
2025-04,洛阳,-0.1,-0.2,https://www.stats.gov.cn/sj/zxfb/202505/t20250519_1959852.html
2025-04,济南,0.0,-0.1,https://www.stats.gov.cn/sj/zxfb/202505/t20250519_1959852.html
2025-04,济宁,-0.3,-0.7,https://www.stats.gov.cn/sj/zxfb/202505/t20250519_1959852.html
2025-04,海口,-0.2,-0.3,https://www.stats.gov.cn/sj/zxfb/202505/t20250519_1959852.html
2025-04,深圳,-0.1,-0.3,https://www.stats.gov.cn/sj/zxfb/202505/t20250519_1959852.html
2025-04,温州,-0.2,-0.4,https://www.stats.gov.cn/sj/zxfb/202505/t20250519_1959852.html
2025-04,湛江,-0.2,-0.3,https://www.stats.gov.cn/sj/zxfb/202505/t20250519_1959852.html
2025-04,烟台,0.1,-0.5,https://www.stats.gov.cn/sj/zxfb/202505/t20250519_1959852.html
2025-04,牡丹江,-0.2,-0.7,https://www.stats.gov.cn/sj/zxfb/202505/t20250519_1959852.html
2025-04,石家庄,-0.2,-0.3,https://www.stats.gov.cn/sj/zxfb/202505/t20250519_1959852.html
2025-04,福州,0.2,-0.4,https://www.stats.gov.cn/sj/zxfb/202505/t20250519_1959852.html
2025-04,秦皇岛,-0.3,-0.8,https://www.stats.gov.cn/sj/zxfb/202505/t20250519_1959852.html
2025-04,蚌埠,-0.5,-0.4,https://www.stats.gov.cn/sj/zxfb/202505/t20250519_1959852.html
2025-04,襄阳,-0.1,-0.4,https://www.stats.gov.cn/sj/zxfb/202505/t20250519_1959852.html
2025-04,西宁,-0.3,0.1,https://www.stats.gov.cn/sj/zxfb/202505/t20250519_1959852.html
2025-04,西安,-0.3,-0.4,https://www.stats.gov.cn/sj/zxfb/202505/t20250519_1959852.html
2025-04,贵阳,-0.3,-0.4,https://www.stats.gov.cn/sj/zxfb/202505/t20250519_1959852.html
2025-04,赣州,-0.2,0.2,https://www.stats.gov.cn/sj/zxfb/202505/t20250519_1959852.html
2025-04,遵义,0.2,-0.6,https://www.stats.gov.cn/sj/zxfb/202505/t20250519_1959852.html
2025-04,郑州,0.1,-0.8,https://www.stats.gov.cn/sj/zxfb/202505/t20250519_1959852.html
2025-04,重庆,0.3,-0.2,https://www.stats.gov.cn/sj/zxfb/202505/t20250519_1959852.html
2025-04,金华,-0.1,-0.3,https://www.stats.gov.cn/sj/zxfb/202505/t20250519_1959852.html
2025-04,银川,-0.6,-0.2,https://www.stats.gov.cn/sj/zxfb/202505/t20250519_1959852.html
2025-04,锦州,-0.5,-0.6,https://www.stats.gov.cn/sj/zxfb/202505/t20250519_1959852.html
2025-04,长春,-0.2,-0.3,https://www.stats.gov.cn/sj/zxfb/202505/t20250519_1959852.html
2025-04,长沙,0.2,-0.4,https://www.stats.gov.cn/sj/zxfb/202505/t20250519_1959852.html
2025-04,青岛,0.1,-0.3,https://www.stats.gov.cn/sj/zxfb/202505/t20250519_1959852.html
2025-04,韶关,-0.3,-0.6,https://www.stats.gov.cn/sj/zxfb/202505/t20250519_1959852.html
2025-05,三亚,0.1,-0.6,https://www.stats.gov.cn/xxgk/sjfb/zxfb2020/202506/t20250616_1960163.html
2025-05,上海,0.7,-0.7,https://www.stats.gov.cn/xxgk/sjfb/zxfb2020/202506/t20250616_1960163.html
2025-05,丹东,-0.2,-0.4,https://www.stats.gov.cn/xxgk/sjfb/zxfb2020/202506/t20250616_1960163.html
2025-05,乌鲁木齐,0.4,-0.2,https://www.stats.gov.cn/xxgk/sjfb/zxfb2020/202506/t20250616_1960163.html
2025-05,九江,0.2,-0.7,https://www.stats.gov.cn/xxgk/sjfb/zxfb2020/202506/t20250616_1960163.html
2025-05,兰州,-0.1,-0.5,https://www.stats.gov.cn/xxgk/sjfb/zxfb2020/202506/t20250616_1960163.html
2025-05,包头,-0.3,-0.5,https://www.stats.gov.cn/xxgk/sjfb/zxfb2020/202506/t20250616_1960163.html
2025-05,北京,-0.4,-0.8,https://www.stats.gov.cn/xxgk/sjfb/zxfb2020/202506/t20250616_1960163.html
2025-05,北海,-0.6,-0.7,https://www.stats.gov.cn/xxgk/sjfb/zxfb2020/202506/t20250616_1960163.html
2025-05,南京,-0.2,-0.9,https://www.stats.gov.cn/xxgk/sjfb/zxfb2020/202506/t20250616_1960163.html
2025-05,南充,-0.3,0.1,https://www.stats.gov.cn/xxgk/sjfb/zxfb2020/202506/t20250616_1960163.html
2025-05,南宁,0.4,-0.3,https://www.stats.gov.cn/xxgk/sjfb/zxfb2020/202506/t20250616_1960163.html
2025-05,南昌,-0.9,-0.7,https://www.stats.gov.cn/xxgk/sjfb/zxfb2020/202506/t20250616_1960163.html
2025-05,厦门,0.1,-0.4,https://www.stats.gov.cn/xxgk/sjfb/zxfb2020/202506/t20250616_1960163.html
2025-05,合肥,0.2,-0.7,https://www.stats.gov.cn/xxgk/sjfb/zxfb2020/202506/t20250616_1960163.html
2025-05,吉林,0.0,-0.3,https://www.stats.gov.cn/xxgk/sjfb/zxfb2020/202506/t20250616_1960163.html
2025-05,呼和浩特,-0.3,-0.6,https://www.stats.gov.cn/xxgk/sjfb/zxfb2020/202506/t20250616_1960163.html
2025-05,哈尔滨,-0.1,-0.6,https://www.stats.gov.cn/xxgk/sjfb/zxfb2020/202506/t20250616_1960163.html
2025-05,唐山,-0.5,-0.8,https://www.stats.gov.cn/xxgk/sjfb/zxfb2020/202506/t20250616_1960163.html
2025-05,大理,-0.4,-0.3,https://www.stats.gov.cn/xxgk/sjfb/zxfb2020/202506/t20250616_1960163.html
2025-05,大连,-0.4,-0.6,https://www.stats.gov.cn/xxgk/sjfb/zxfb2020/202506/t20250616_1960163.html
2025-05,天津,-0.5,-0.6,https://www.stats.gov.cn/xxgk/sjfb/zxfb2020/202506/t20250616_1960163.html
2025-05,太原,0.0,-0.4,https://www.stats.gov.cn/xxgk/sjfb/zxfb2020/202506/t20250616_1960163.html
2025-05,宁波,-0.1,-1.0,https://www.stats.gov.cn/xxgk/sjfb/zxfb2020/202506/t20250616_1960163.html
2025-05,安庆,-0.5,-0.8,https://www.stats.gov.cn/xxgk/sjfb/zxfb2020/202506/t20250616_1960163.html
2025-05,宜昌,-0.1,-0.4,https://www.stats.gov.cn/xxgk/sjfb/zxfb2020/202506/t20250616_1960163.html
2025-05,岳阳,-0.3,-0.6,https://www.stats.gov.cn/xxgk/sjfb/zxfb2020/202506/t20250616_1960163.html
2025-05,常德,-0.2,-0.7,https://www.stats.gov.cn/xxgk/sjfb/zxfb2020/202506/t20250616_1960163.html
2025-05,平顶山,-0.2,-0.3,https://www.stats.gov.cn/xxgk/sjfb/zxfb2020/202506/t20250616_1960163.html
2025-05,广州,-0.8,-0.8,https://www.stats.gov.cn/xxgk/sjfb/zxfb2020/202506/t20250616_1960163.html
2025-05,徐州,-0.2,-0.5,https://www.stats.gov.cn/xxgk/sjfb/zxfb2020/202506/t20250616_1960163.html
2025-05,惠州,-0.3,-0.5,https://www.stats.gov.cn/xxgk/sjfb/zxfb2020/202506/t20250616_1960163.html
2025-05,成都,0.1,-0.2,https://www.stats.gov.cn/xxgk/sjfb/zxfb2020/202506/t20250616_1960163.html
2025-05,扬州,-0.9,-0.7,https://www.stats.gov.cn/xxgk/sjfb/zxfb2020/202506/t20250616_1960163.html
2025-05,无锡,-0.4,0.2,https://www.stats.gov.cn/xxgk/sjfb/zxfb2020/202506/t20250616_1960163.html
2025-05,昆明,-0.5,-0.6,https://www.stats.gov.cn/xxgk/sjfb/zxfb2020/202506/t20250616_1960163.html
2025-05,杭州,0.8,-0.4,https://www.stats.gov.cn/xxgk/sjfb/zxfb2020/202506/t20250616_1960163.html
2025-05,桂林,-0.4,-0.8,https://www.stats.gov.cn/xxgk/sjfb/zxfb2020/202506/t20250616_1960163.html
2025-05,武汉,-0.7,-1.0,https://www.stats.gov.cn/xxgk/sjfb/zxfb2020/202506/t20250616_1960163.html
2025-05,沈阳,0.3,-0.2,https://www.stats.gov.cn/xxgk/sjfb/zxfb2020/202506/t20250616_1960163.html
2025-05,泉州,-0.3,-0.4,https://www.stats.gov.cn/xxgk/sjfb/zxfb2020/202506/t20250616_1960163.html
2025-05,泸州,-0.5,-0.7,https://www.stats.gov.cn/xxgk/sjfb/zxfb2020/202506/t20250616_1960163.html
2025-05,洛阳,-0.4,0.1,https://www.stats.gov.cn/xxgk/sjfb/zxfb2020/202506/t20250616_1960163.html
2025-05,济南,-0.3,-0.4,https://www.stats.gov.cn/xxgk/sjfb/zxfb2020/202506/t20250616_1960163.html
2025-05,济宁,-0.4,-0.6,https://www.stats.gov.cn/xxgk/sjfb/zxfb2020/202506/t20250616_1960163.html
2025-05,海口,-0.7,-0.1,https://www.stats.gov.cn/xxgk/sjfb/zxfb2020/202506/t20250616_1960163.html
2025-05,深圳,-0.4,-0.5,https://www.stats.gov.cn/xxgk/sjfb/zxfb2020/202506/t20250616_1960163.html
2025-05,温州,-0.2,-0.8,https://www.stats.gov.cn/xxgk/sjfb/zxfb2020/202506/t20250616_1960163.html
2025-05,湛江,-0.1,-0.5,https://www.stats.gov.cn/xxgk/sjfb/zxfb2020/202506/t20250616_1960163.html
2025-05,烟台,-0.1,-0.7,https://www.stats.gov.cn/xxgk/sjfb/zxfb2020/202506/t20250616_1960163.html
2025-05,牡丹江,0.1,-0.1,https://www.stats.gov.cn/xxgk/sjfb/zxfb2020/202506/t20250616_1960163.html
2025-05,石家庄,-0.3,-0.4,https://www.stats.gov.cn/xxgk/sjfb/zxfb2020/202506/t20250616_1960163.html
2025-05,福州,-0.2,-0.6,https://www.stats.gov.cn/xxgk/sjfb/zxfb2020/202506/t20250616_1960163.html
2025-05,秦皇岛,-0.5,-0.9,https://www.stats.gov.cn/xxgk/sjfb/zxfb2020/202506/t20250616_1960163.html
2025-05,蚌埠,-0.4,-0.5,https://www.stats.gov.cn/xxgk/sjfb/zxfb2020/202506/t20250616_1960163.html
2025-05,襄阳,-0.4,-0.5,https://www.stats.gov.cn/xxgk/sjfb/zxfb2020/202506/t20250616_1960163.html
2025-05,西宁,0.0,-0.1,https://www.stats.gov.cn/xxgk/sjfb/zxfb2020/202506/t20250616_1960163.html
2025-05,西安,-0.4,-0.7,https://www.stats.gov.cn/xxgk/sjfb/zxfb2020/202506/t20250616_1960163.html
2025-05,贵阳,-0.4,-0.5,https://www.stats.gov.cn/xxgk/sjfb/zxfb2020/202506/t20250616_1960163.html
2025-05,赣州,0.1,-0.4,https://www.stats.gov.cn/xxgk/sjfb/zxfb2020/202506/t20250616_1960163.html
2025-05,遵义,-0.2,-0.3,https://www.stats.gov.cn/xxgk/sjfb/zxfb2020/202506/t20250616_1960163.html
2025-05,郑州,-0.5,-0.7,https://www.stats.gov.cn/xxgk/sjfb/zxfb2020/202506/t20250616_1960163.html
2025-05,重庆,-0.5,-0.1,https://www.stats.gov.cn/xxgk/sjfb/zxfb2020/202506/t20250616_1960163.html
2025-05,金华,-0.2,-0.7,https://www.stats.gov.cn/xxgk/sjfb/zxfb2020/202506/t20250616_1960163.html
2025-05,银川,-0.3,-0.5,https://www.stats.gov.cn/xxgk/sjfb/zxfb2020/202506/t20250616_1960163.html
2025-05,锦州,-0.1,-0.4,https://www.stats.gov.cn/xxgk/sjfb/zxfb2020/202506/t20250616_1960163.html
2025-05,长春,-0.7,-0.5,https://www.stats.gov.cn/xxgk/sjfb/zxfb2020/202506/t20250616_1960163.html
2025-05,长沙,0.3,-0.7,https://www.stats.gov.cn/xxgk/sjfb/zxfb2020/202506/t20250616_1960163.html
2025-05,青岛,0.0,-0.2,https://www.stats.gov.cn/xxgk/sjfb/zxfb2020/202506/t20250616_1960163.html
2025-05,韶关,-0.1,-0.3,https://www.stats.gov.cn/xxgk/sjfb/zxfb2020/202506/t20250616_1960163.html
2025-06,三亚,0.1,-0.5,https://www.stats.gov.cn/sj/zxfb/202507/t20250715_1960403.html
2025-06,上海,0.4,-0.7,https://www.stats.gov.cn/sj/zxfb/202507/t20250715_1960403.html
2025-06,丹东,0.1,-0.9,https://www.stats.gov.cn/sj/zxfb/202507/t20250715_1960403.html
2025-06,乌鲁木齐,0.2,-0.4,https://www.stats.gov.cn/sj/zxfb/202507/t20250715_1960403.html
2025-06,九江,0.1,-0.8,https://www.stats.gov.cn/sj/zxfb/202507/t20250715_1960403.html
2025-06,兰州,-0.2,-0.7,https://www.stats.gov.cn/sj/zxfb/202507/t20250715_1960403.html
2025-06,包头,-0.5,-0.7,https://www.stats.gov.cn/sj/zxfb/202507/t20250715_1960403.html
2025-06,北京,-0.3,-1.0,https://www.stats.gov.cn/sj/zxfb/202507/t20250715_1960403.html
2025-06,北海,-0.4,-0.8,https://www.stats.gov.cn/sj/zxfb/202507/t20250715_1960403.html
2025-06,南京,-1.0,-0.9,https://www.stats.gov.cn/sj/zxfb/202507/t20250715_1960403.html
2025-06,南充,-0.6,-0.7,https://www.stats.gov.cn/sj/zxfb/202507/t20250715_1960403.html
2025-06,南宁,0.1,-0.5,https://www.stats.gov.cn/sj/zxfb/202507/t20250715_1960403.html
2025-06,南昌,-0.8,-0.9,https://www.stats.gov.cn/sj/zxfb/202507/t20250715_1960403.html
2025-06,厦门,-0.5,-0.6,https://www.stats.gov.cn/sj/zxfb/202507/t20250715_1960403.html
2025-06,合肥,0.1,-0.9,https://www.stats.gov.cn/sj/zxfb/202507/t20250715_1960403.html
2025-06,吉林,-0.4,-0.4,https://www.stats.gov.cn/sj/zxfb/202507/t20250715_1960403.html
2025-06,呼和浩特,-0.1,-0.4,https://www.stats.gov.cn/sj/zxfb/202507/t20250715_1960403.html
2025-06,哈尔滨,-0.1,-0.3,https://www.stats.gov.cn/sj/zxfb/202507/t20250715_1960403.html
2025-06,唐山,-0.7,-0.9,https://www.stats.gov.cn/sj/zxfb/202507/t20250715_1960403.html
2025-06,大理,-0.3,-0.2,https://www.stats.gov.cn/sj/zxfb/202507/t20250715_1960403.html
2025-06,大连,-0.2,-0.5,https://www.stats.gov.cn/sj/zxfb/202507/t20250715_1960403.html
2025-06,天津,-0.2,-0.5,https://www.stats.gov.cn/sj/zxfb/202507/t20250715_1960403.html
2025-06,太原,0.1,-0.5,https://www.stats.gov.cn/sj/zxfb/202507/t20250715_1960403.html
2025-06,宁波,0.3,-0.5,https://www.stats.gov.cn/sj/zxfb/202507/t20250715_1960403.html
2025-06,安庆,-0.3,-0.6,https://www.stats.gov.cn/sj/zxfb/202507/t20250715_1960403.html
2025-06,宜昌,0.1,-0.6,https://www.stats.gov.cn/sj/zxfb/202507/t20250715_1960403.html
2025-06,岳阳,-0.4,-0.5,https://www.stats.gov.cn/sj/zxfb/202507/t20250715_1960403.html
2025-06,常德,-0.4,-0.9,https://www.stats.gov.cn/sj/zxfb/202507/t20250715_1960403.html
2025-06,平顶山,-0.3,-0.5,https://www.stats.gov.cn/sj/zxfb/202507/t20250715_1960403.html
2025-06,广州,-0.5,-0.7,https://www.stats.gov.cn/sj/zxfb/202507/t20250715_1960403.html
2025-06,徐州,-0.8,-1.3,https://www.stats.gov.cn/sj/zxfb/202507/t20250715_1960403.html
2025-06,惠州,-0.1,-0.6,https://www.stats.gov.cn/sj/zxfb/202507/t20250715_1960403.html
2025-06,成都,-0.3,-0.4,https://www.stats.gov.cn/sj/zxfb/202507/t20250715_1960403.html
2025-06,扬州,-0.3,-0.5,https://www.stats.gov.cn/sj/zxfb/202507/t20250715_1960403.html
2025-06,无锡,-0.3,-0.7,https://www.stats.gov.cn/sj/zxfb/202507/t20250715_1960403.html
2025-06,昆明,-0.8,-0.7,https://www.stats.gov.cn/sj/zxfb/202507/t20250715_1960403.html
2025-06,杭州,0.2,-0.8,https://www.stats.gov.cn/sj/zxfb/202507/t20250715_1960403.html
2025-06,桂林,-0.3,-0.4,https://www.stats.gov.cn/sj/zxfb/202507/t20250715_1960403.html
2025-06,武汉,-0.1,-0.9,https://www.stats.gov.cn/sj/zxfb/202507/t20250715_1960403.html
2025-06,沈阳,0.1,-0.4,https://www.stats.gov.cn/sj/zxfb/202507/t20250715_1960403.html
2025-06,泉州,-0.5,-0.6,https://www.stats.gov.cn/sj/zxfb/202507/t20250715_1960403.html
2025-06,泸州,-0.3,-0.5,https://www.stats.gov.cn/sj/zxfb/202507/t20250715_1960403.html
2025-06,洛阳,-0.1,-0.3,https://www.stats.gov.cn/sj/zxfb/202507/t20250715_1960403.html
2025-06,济南,-0.1,-0.5,https://www.stats.gov.cn/sj/zxfb/202507/t20250715_1960403.html
2025-06,济宁,-0.2,-1.0,https://www.stats.gov.cn/sj/zxfb/202507/t20250715_1960403.html
2025-06,海口,-0.9,-0.4,https://www.stats.gov.cn/sj/zxfb/202507/t20250715_1960403.html
2025-06,深圳,-0.6,-0.5,https://www.stats.gov.cn/sj/zxfb/202507/t20250715_1960403.html
2025-06,温州,-0.6,-0.7,https://www.stats.gov.cn/sj/zxfb/202507/t20250715_1960403.html
2025-06,湛江,0.3,-0.3,https://www.stats.gov.cn/sj/zxfb/202507/t20250715_1960403.html
2025-06,烟台,-0.8,-0.6,https://www.stats.gov.cn/sj/zxfb/202507/t20250715_1960403.html
2025-06,牡丹江,-0.2,-0.1,https://www.stats.gov.cn/sj/zxfb/202507/t20250715_1960403.html
2025-06,石家庄,-0.2,-0.6,https://www.stats.gov.cn/sj/zxfb/202507/t20250715_1960403.html
2025-06,福州,-0.4,-0.5,https://www.stats.gov.cn/sj/zxfb/202507/t20250715_1960403.html
2025-06,秦皇岛,-0.6,-0.7,https://www.stats.gov.cn/sj/zxfb/202507/t20250715_1960403.html
2025-06,蚌埠,-0.2,-0.5,https://www.stats.gov.cn/sj/zxfb/202507/t20250715_1960403.html
2025-06,襄阳,-0.5,-0.8,https://www.stats.gov.cn/sj/zxfb/202507/t20250715_1960403.html
2025-06,西宁,-0.2,0.1,https://www.stats.gov.cn/sj/zxfb/202507/t20250715_1960403.html
2025-06,西安,-0.5,-0.8,https://www.stats.gov.cn/sj/zxfb/202507/t20250715_1960403.html
2025-06,贵阳,-0.3,-0.6,https://www.stats.gov.cn/sj/zxfb/202507/t20250715_1960403.html
2025-06,赣州,-0.3,-0.7,https://www.stats.gov.cn/sj/zxfb/202507/t20250715_1960403.html
2025-06,遵义,-0.4,-0.7,https://www.stats.gov.cn/sj/zxfb/202507/t20250715_1960403.html
2025-06,郑州,-0.6,-0.9,https://www.stats.gov.cn/sj/zxfb/202507/t20250715_1960403.html
2025-06,重庆,-0.6,-0.7,https://www.stats.gov.cn/sj/zxfb/202507/t20250715_1960403.html
2025-06,金华,-0.2,-0.6,https://www.stats.gov.cn/sj/zxfb/202507/t20250715_1960403.html
2025-06,银川,-0.1,-0.8,https://www.stats.gov.cn/sj/zxfb/202507/t20250715_1960403.html
2025-06,锦州,-0.2,-0.3,https://www.stats.gov.cn/sj/zxfb/202507/t20250715_1960403.html
2025-06,长春,-0.3,-0.6,https://www.stats.gov.cn/sj/zxfb/202507/t20250715_1960403.html
2025-06,长沙,0.4,-1.2,https://www.stats.gov.cn/sj/zxfb/202507/t20250715_1960403.html
2025-06,青岛,-0.2,-0.5,https://www.stats.gov.cn/sj/zxfb/202507/t20250715_1960403.html
2025-06,韶关,-0.2,-0.4,https://www.stats.gov.cn/sj/zxfb/202507/t20250715_1960403.html
2025-07,三亚,0.2,-0.5,https://www.stats.gov.cn/sj/zxfb/202508/t20250815_1960781.html
2025-07,上海,0.3,-0.9,https://www.stats.gov.cn/sj/zxfb/202508/t20250815_1960781.html
2025-07,丹东,-0.2,-0.5,https://www.stats.gov.cn/sj/zxfb/202508/t20250815_1960781.html
2025-07,乌鲁木齐,0.3,-0.3,https://www.stats.gov.cn/sj/zxfb/202508/t20250815_1960781.html
2025-07,九江,-0.3,-0.1,https://www.stats.gov.cn/sj/zxfb/202508/t20250815_1960781.html
2025-07,兰州,-0.7,-0.3,https://www.stats.gov.cn/sj/zxfb/202508/t20250815_1960781.html
2025-07,包头,-0.6,-0.7,https://www.stats.gov.cn/sj/zxfb/202508/t20250815_1960781.html
2025-07,北京,0.0,-1.1,https://www.stats.gov.cn/sj/zxfb/202508/t20250815_1960781.html
2025-07,北海,-0.6,-0.6,https://www.stats.gov.cn/sj/zxfb/202508/t20250815_1960781.html
2025-07,南京,-0.5,-0.8,https://www.stats.gov.cn/sj/zxfb/202508/t20250815_1960781.html
2025-07,南充,-0.5,-0.2,https://www.stats.gov.cn/sj/zxfb/202508/t20250815_1960781.html
2025-07,南宁,0.0,-0.6,https://www.stats.gov.cn/sj/zxfb/202508/t20250815_1960781.html
2025-07,南昌,-0.6,-0.4,https://www.stats.gov.cn/sj/zxfb/202508/t20250815_1960781.html
2025-07,厦门,-0.6,-0.7,https://www.stats.gov.cn/sj/zxfb/202508/t20250815_1960781.html
2025-07,合肥,-0.1,-0.6,https://www.stats.gov.cn/sj/zxfb/202508/t20250815_1960781.html
2025-07,吉林,-0.5,-0.3,https://www.stats.gov.cn/sj/zxfb/202508/t20250815_1960781.html
2025-07,呼和浩特,-0.3,-0.6,https://www.stats.gov.cn/sj/zxfb/202508/t20250815_1960781.html
2025-07,哈尔滨,-0.3,-0.6,https://www.stats.gov.cn/sj/zxfb/202508/t20250815_1960781.html
2025-07,唐山,-0.4,-0.7,https://www.stats.gov.cn/sj/zxfb/202508/t20250815_1960781.html
2025-07,大理,-0.2,-0.4,https://www.stats.gov.cn/sj/zxfb/202508/t20250815_1960781.html
2025-07,大连,0.0,-0.4,https://www.stats.gov.cn/sj/zxfb/202508/t20250815_1960781.html
2025-07,天津,-0.3,-0.6,https://www.stats.gov.cn/sj/zxfb/202508/t20250815_1960781.html
2025-07,太原,-0.2,0.2,https://www.stats.gov.cn/sj/zxfb/202508/t20250815_1960781.html
2025-07,宁波,-0.6,-0.8,https://www.stats.gov.cn/sj/zxfb/202508/t20250815_1960781.html
2025-07,安庆,-0.2,-0.5,https://www.stats.gov.cn/sj/zxfb/202508/t20250815_1960781.html
2025-07,宜昌,0.2,-0.5,https://www.stats.gov.cn/sj/zxfb/202508/t20250815_1960781.html
2025-07,岳阳,-0.2,-0.4,https://www.stats.gov.cn/sj/zxfb/202508/t20250815_1960781.html
2025-07,常德,0.1,-0.7,https://www.stats.gov.cn/sj/zxfb/202508/t20250815_1960781.html
2025-07,平顶山,-0.1,-0.3,https://www.stats.gov.cn/sj/zxfb/202508/t20250815_1960781.html
2025-07,广州,-0.3,-1.0,https://www.stats.gov.cn/sj/zxfb/202508/t20250815_1960781.html
2025-07,徐州,0.0,-1.0,https://www.stats.gov.cn/sj/zxfb/202508/t20250815_1960781.html
2025-07,惠州,-0.2,-0.5,https://www.stats.gov.cn/sj/zxfb/202508/t20250815_1960781.html
2025-07,成都,-0.2,-0.4,https://www.stats.gov.cn/sj/zxfb/202508/t20250815_1960781.html
2025-07,扬州,-0.8,-0.4,https://www.stats.gov.cn/sj/zxfb/202508/t20250815_1960781.html
2025-07,无锡,-0.2,-0.7,https://www.stats.gov.cn/sj/zxfb/202508/t20250815_1960781.html
2025-07,昆明,-0.2,-0.4,https://www.stats.gov.cn/sj/zxfb/202508/t20250815_1960781.html
2025-07,杭州,-0.3,-0.7,https://www.stats.gov.cn/sj/zxfb/202508/t20250815_1960781.html
2025-07,桂林,-0.5,-0.6,https://www.stats.gov.cn/sj/zxfb/202508/t20250815_1960781.html
2025-07,武汉,-0.7,-1.1,https://www.stats.gov.cn/sj/zxfb/202508/t20250815_1960781.html
2025-07,沈阳,-0.2,-0.3,https://www.stats.gov.cn/sj/zxfb/202508/t20250815_1960781.html
2025-07,泉州,-0.6,-0.3,https://www.stats.gov.cn/sj/zxfb/202508/t20250815_1960781.html
2025-07,泸州,-0.4,-0.6,https://www.stats.gov.cn/sj/zxfb/202508/t20250815_1960781.html
2025-07,洛阳,-0.3,-0.4,https://www.stats.gov.cn/sj/zxfb/202508/t20250815_1960781.html
2025-07,济南,-0.3,-0.4,https://www.stats.gov.cn/sj/zxfb/202508/t20250815_1960781.html
2025-07,济宁,-0.2,-0.7,https://www.stats.gov.cn/sj/zxfb/202508/t20250815_1960781.html
2025-07,海口,-0.8,-0.6,https://www.stats.gov.cn/sj/zxfb/202508/t20250815_1960781.html
2025-07,深圳,-0.6,-0.9,https://www.stats.gov.cn/sj/zxfb/202508/t20250815_1960781.html
2025-07,温州,-0.1,-0.4,https://www.stats.gov.cn/sj/zxfb/202508/t20250815_1960781.html
2025-07,湛江,-0.2,-0.7,https://www.stats.gov.cn/sj/zxfb/202508/t20250815_1960781.html
2025-07,烟台,-0.3,-0.8,https://www.stats.gov.cn/sj/zxfb/202508/t20250815_1960781.html
2025-07,牡丹江,-0.1,-0.2,https://www.stats.gov.cn/sj/zxfb/202508/t20250815_1960781.html
2025-07,石家庄,-0.4,-0.7,https://www.stats.gov.cn/sj/zxfb/202508/t20250815_1960781.html
2025-07,福州,-0.5,-0.6,https://www.stats.gov.cn/sj/zxfb/202508/t20250815_1960781.html
2025-07,秦皇岛,-0.5,-0.8,https://www.stats.gov.cn/sj/zxfb/202508/t20250815_1960781.html
2025-07,蚌埠,-0.3,-0.4,https://www.stats.gov.cn/sj/zxfb/202508/t20250815_1960781.html
2025-07,襄阳,-0.7,-0.8,https://www.stats.gov.cn/sj/zxfb/202508/t20250815_1960781.html
2025-07,西宁,-0.3,0.0,https://www.stats.gov.cn/sj/zxfb/202508/t20250815_1960781.html
2025-07,西安,-0.3,-0.9,https://www.stats.gov.cn/sj/zxfb/202508/t20250815_1960781.html
2025-07,贵阳,-0.5,-0.6,https://www.stats.gov.cn/sj/zxfb/202508/t20250815_1960781.html
2025-07,赣州,-0.4,-0.6,https://www.stats.gov.cn/sj/zxfb/202508/t20250815_1960781.html
2025-07,遵义,-0.1,-0.3,https://www.stats.gov.cn/sj/zxfb/202508/t20250815_1960781.html
2025-07,郑州,-0.6,-0.7,https://www.stats.gov.cn/sj/zxfb/202508/t20250815_1960781.html
2025-07,重庆,-0.5,-0.5,https://www.stats.gov.cn/sj/zxfb/202508/t20250815_1960781.html
2025-07,金华,-0.3,-0.5,https://www.stats.gov.cn/sj/zxfb/202508/t20250815_1960781.html
2025-07,银川,-0.5,-0.3,https://www.stats.gov.cn/sj/zxfb/202508/t20250815_1960781.html
2025-07,锦州,-0.3,-0.4,https://www.stats.gov.cn/sj/zxfb/202508/t20250815_1960781.html
2025-07,长春,0.1,-0.5,https://www.stats.gov.cn/sj/zxfb/202508/t20250815_1960781.html
2025-07,长沙,-0.4,-0.7,https://www.stats.gov.cn/sj/zxfb/202508/t20250815_1960781.html
2025-07,青岛,-0.4,-0.6,https://www.stats.gov.cn/sj/zxfb/202508/t20250815_1960781.html
2025-07,韶关,-0.1,-0.5,https://www.stats.gov.cn/sj/zxfb/202508/t20250815_1960781.html
2025-08,三亚,-0.3,-0.4,https://www.stats.gov.cn/sj/zxfb/202509/t20250915_1961175.html
2025-08,上海,0.4,-1.0,https://www.stats.gov.cn/sj/zxfb/202509/t20250915_1961175.html
2025-08,丹东,-0.4,-0.6,https://www.stats.gov.cn/sj/zxfb/202509/t20250915_1961175.html
2025-08,乌鲁木齐,0.1,-0.2,https://www.stats.gov.cn/sj/zxfb/202509/t20250915_1961175.html
2025-08,九江,-0.2,-0.1,https://www.stats.gov.cn/sj/zxfb/202509/t20250915_1961175.html
2025-08,兰州,-0.4,-0.6,https://www.stats.gov.cn/sj/zxfb/202509/t20250915_1961175.html
2025-08,包头,-0.9,-0.8,https://www.stats.gov.cn/sj/zxfb/202509/t20250915_1961175.html
2025-08,北京,-0.4,-1.2,https://www.stats.gov.cn/sj/zxfb/202509/t20250915_1961175.html
2025-08,北海,-0.5,-0.4,https://www.stats.gov.cn/sj/zxfb/202509/t20250915_1961175.html
2025-08,南京,-0.6,-0.7,https://www.stats.gov.cn/sj/zxfb/202509/t20250915_1961175.html
2025-08,南充,-0.3,-0.6,https://www.stats.gov.cn/sj/zxfb/202509/t20250915_1961175.html
2025-08,南宁,0.3,-0.4,https://www.stats.gov.cn/sj/zxfb/202509/t20250915_1961175.html
2025-08,南昌,-0.3,-0.9,https://www.stats.gov.cn/sj/zxfb/202509/t20250915_1961175.html
2025-08,厦门,-0.5,-0.9,https://www.stats.gov.cn/sj/zxfb/202509/t20250915_1961175.html
2025-08,合肥,0.2,-0.9,https://www.stats.gov.cn/sj/zxfb/202509/t20250915_1961175.html
2025-08,吉林,0.2,-0.4,https://www.stats.gov.cn/sj/zxfb/202509/t20250915_1961175.html
2025-08,呼和浩特,-0.2,-0.3,https://www.stats.gov.cn/sj/zxfb/202509/t20250915_1961175.html
2025-08,哈尔滨,-0.4,-0.4,https://www.stats.gov.cn/sj/zxfb/202509/t20250915_1961175.html
2025-08,唐山,-0.6,-0.6,https://www.stats.gov.cn/sj/zxfb/202509/t20250915_1961175.html
2025-08,大理,-0.6,-0.7,https://www.stats.gov.cn/sj/zxfb/202509/t20250915_1961175.html
2025-08,大连,-0.3,-0.6,https://www.stats.gov.cn/sj/zxfb/202509/t20250915_1961175.html
2025-08,天津,-0.5,-0.4,https://www.stats.gov.cn/sj/zxfb/202509/t20250915_1961175.html
2025-08,太原,-0.3,-0.2,https://www.stats.gov.cn/sj/zxfb/202509/t20250915_1961175.html
2025-08,宁波,-0.4,-0.9,https://www.stats.gov.cn/sj/zxfb/202509/t20250915_1961175.html
2025-08,安庆,-0.2,-0.8,https://www.stats.gov.cn/sj/zxfb/202509/t20250915_1961175.html
2025-08,宜昌,0.4,-0.4,https://www.stats.gov.cn/sj/zxfb/202509/t20250915_1961175.html
2025-08,岳阳,-0.4,-0.5,https://www.stats.gov.cn/sj/zxfb/202509/t20250915_1961175.html
2025-08,常德,-0.4,-1.0,https://www.stats.gov.cn/sj/zxfb/202509/t20250915_1961175.html
2025-08,平顶山,0.0,-0.5,https://www.stats.gov.cn/sj/zxfb/202509/t20250915_1961175.html
2025-08,广州,-0.2,-0.9,https://www.stats.gov.cn/sj/zxfb/202509/t20250915_1961175.html
2025-08,徐州,-0.2,-0.5,https://www.stats.gov.cn/sj/zxfb/202509/t20250915_1961175.html
2025-08,惠州,-0.9,-0.8,https://www.stats.gov.cn/sj/zxfb/202509/t20250915_1961175.html
2025-08,成都,-0.2,-0.7,https://www.stats.gov.cn/sj/zxfb/202509/t20250915_1961175.html
2025-08,扬州,-0.7,-0.3,https://www.stats.gov.cn/sj/zxfb/202509/t20250915_1961175.html
2025-08,无锡,-0.5,-0.8,https://www.stats.gov.cn/sj/zxfb/202509/t20250915_1961175.html
2025-08,昆明,-0.3,-0.5,https://www.stats.gov.cn/sj/zxfb/202509/t20250915_1961175.html
2025-08,杭州,0.4,-0.1,https://www.stats.gov.cn/sj/zxfb/202509/t20250915_1961175.html
2025-08,桂林,-0.2,-0.5,https://www.stats.gov.cn/sj/zxfb/202509/t20250915_1961175.html
2025-08,武汉,-0.5,-0.9,https://www.stats.gov.cn/sj/zxfb/202509/t20250915_1961175.html
2025-08,沈阳,0.2,-0.4,https://www.stats.gov.cn/sj/zxfb/202509/t20250915_1961175.html
2025-08,泉州,-0.3,-0.3,https://www.stats.gov.cn/sj/zxfb/202509/t20250915_1961175.html
2025-08,泸州,-0.5,-0.9,https://www.stats.gov.cn/sj/zxfb/202509/t20250915_1961175.html
2025-08,洛阳,-0.4,-0.6,https://www.stats.gov.cn/sj/zxfb/202509/t20250915_1961175.html
2025-08,济南,-0.6,-0.6,https://www.stats.gov.cn/sj/zxfb/202509/t20250915_1961175.html
2025-08,济宁,-0.5,-0.9,https://www.stats.gov.cn/sj/zxfb/202509/t20250915_1961175.html
2025-08,海口,0.0,-0.7,https://www.stats.gov.cn/sj/zxfb/202509/t20250915_1961175.html
2025-08,深圳,-0.4,-0.8,https://www.stats.gov.cn/sj/zxfb/202509/t20250915_1961175.html
2025-08,温州,-0.4,-0.5,https://www.stats.gov.cn/sj/zxfb/202509/t20250915_1961175.html
2025-08,湛江,-0.6,-0.5,https://www.stats.gov.cn/sj/zxfb/202509/t20250915_1961175.html
2025-08,烟台,-0.4,-0.8,https://www.stats.gov.cn/sj/zxfb/202509/t20250915_1961175.html
2025-08,牡丹江,-0.2,-0.1,https://www.stats.gov.cn/sj/zxfb/202509/t20250915_1961175.html
2025-08,石家庄,-0.5,-0.6,https://www.stats.gov.cn/sj/zxfb/202509/t20250915_1961175.html
2025-08,福州,0.0,-0.5,https://www.stats.gov.cn/sj/zxfb/202509/t20250915_1961175.html
2025-08,秦皇岛,-0.4,-0.5,https://www.stats.gov.cn/sj/zxfb/202509/t20250915_1961175.html
2025-08,蚌埠,-0.3,-0.7,https://www.stats.gov.cn/sj/zxfb/202509/t20250915_1961175.html
2025-08,襄阳,0.0,-0.4,https://www.stats.gov.cn/sj/zxfb/202509/t20250915_1961175.html
2025-08,西宁,0.1,-0.2,https://www.stats.gov.cn/sj/zxfb/202509/t20250915_1961175.html
2025-08,西安,-0.6,-1.1,https://www.stats.gov.cn/sj/zxfb/202509/t20250915_1961175.html
2025-08,贵阳,-0.6,-0.4,https://www.stats.gov.cn/sj/zxfb/202509/t20250915_1961175.html
2025-08,赣州,-0.5,-0.9,https://www.stats.gov.cn/sj/zxfb/202509/t20250915_1961175.html
2025-08,遵义,-0.5,-0.2,https://www.stats.gov.cn/sj/zxfb/202509/t20250915_1961175.html
2025-08,郑州,-0.4,-0.9,https://www.stats.gov.cn/sj/zxfb/202509/t20250915_1961175.html
2025-08,重庆,-0.7,-0.8,https://www.stats.gov.cn/sj/zxfb/202509/t20250915_1961175.html
2025-08,金华,-0.1,-0.4,https://www.stats.gov.cn/sj/zxfb/202509/t20250915_1961175.html
2025-08,银川,-0.2,-0.5,https://www.stats.gov.cn/sj/zxfb/202509/t20250915_1961175.html
2025-08,锦州,-0.2,-0.3,https://www.stats.gov.cn/sj/zxfb/202509/t20250915_1961175.html
2025-08,长春,-0.2,0.1,https://www.stats.gov.cn/sj/zxfb/202509/t20250915_1961175.html
2025-08,长沙,-0.3,-0.8,https://www.stats.gov.cn/sj/zxfb/202509/t20250915_1961175.html
2025-08,青岛,-0.3,-1.0,https://www.stats.gov.cn/sj/zxfb/202509/t20250915_1961175.html
2025-08,韶关,-0.2,-0.3,https://www.stats.gov.cn/sj/zxfb/202509/t20250915_1961175.html
2025-09,三亚,0.0,-0.8,https://www.stats.gov.cn/sj/zxfb/202510/t20251020_1961597.html
2025-09,上海,0.3,-1.0,https://www.stats.gov.cn/sj/zxfb/202510/t20251020_1961597.html
2025-09,丹东,-0.3,-0.4,https://www.stats.gov.cn/sj/zxfb/202510/t20251020_1961597.html
2025-09,乌鲁木齐,-0.2,-0.6,https://www.stats.gov.cn/sj/zxfb/202510/t20251020_1961597.html
2025-09,九江,-0.9,-1.1,https://www.stats.gov.cn/sj/zxfb/202510/t20251020_1961597.html
2025-09,兰州,-0.3,-0.7,https://www.stats.gov.cn/sj/zxfb/202510/t20251020_1961597.html
2025-09,包头,-1.0,-0.9,https://www.stats.gov.cn/sj/zxfb/202510/t20251020_1961597.html
2025-09,北京,0.2,-0.9,https://www.stats.gov.cn/sj/zxfb/202510/t20251020_1961597.html
2025-09,北海,-0.7,-0.5,https://www.stats.gov.cn/sj/zxfb/202510/t20251020_1961597.html
2025-09,南京,-0.6,-0.8,https://www.stats.gov.cn/sj/zxfb/202510/t20251020_1961597.html
2025-09,南充,-0.2,-0.4,https://www.stats.gov.cn/sj/zxfb/202510/t20251020_1961597.html
2025-09,南宁,-0.5,-0.7,https://www.stats.gov.cn/sj/zxfb/202510/t20251020_1961597.html
2025-09,南昌,-0.7,-0.3,https://www.stats.gov.cn/sj/zxfb/202510/t20251020_1961597.html
2025-09,厦门,-0.7,-1.1,https://www.stats.gov.cn/sj/zxfb/202510/t20251020_1961597.html
2025-09,合肥,0.0,-0.5,https://www.stats.gov.cn/sj/zxfb/202510/t20251020_1961597.html
2025-09,吉林,-0.5,-0.3,https://www.stats.gov.cn/sj/zxfb/202510/t20251020_1961597.html
2025-09,呼和浩特,-0.3,-0.4,https://www.stats.gov.cn/sj/zxfb/202510/t20251020_1961597.html
2025-09,哈尔滨,-0.1,-0.2,https://www.stats.gov.cn/sj/zxfb/202510/t20251020_1961597.html
2025-09,唐山,-0.5,-0.8,https://www.stats.gov.cn/sj/zxfb/202510/t20251020_1961597.html
2025-09,大理,-0.5,-0.3,https://www.stats.gov.cn/sj/zxfb/202510/t20251020_1961597.html
2025-09,大连,-0.4,-0.7,https://www.stats.gov.cn/sj/zxfb/202510/t20251020_1961597.html
2025-09,天津,-0.6,-0.6,https://www.stats.gov.cn/sj/zxfb/202510/t20251020_1961597.html
2025-09,太原,-0.1,-0.5,https://www.stats.gov.cn/sj/zxfb/202510/t20251020_1961597.html
2025-09,宁波,-0.7,-1.0,https://www.stats.gov.cn/sj/zxfb/202510/t20251020_1961597.html
2025-09,安庆,-0.5,-0.5,https://www.stats.gov.cn/sj/zxfb/202510/t20251020_1961597.html
2025-09,宜昌,-0.1,-0.2,https://www.stats.gov.cn/sj/zxfb/202510/t20251020_1961597.html
2025-09,岳阳,-0.5,-0.3,https://www.stats.gov.cn/sj/zxfb/202510/t20251020_1961597.html
2025-09,常德,-0.6,-0.7,https://www.stats.gov.cn/sj/zxfb/202510/t20251020_1961597.html
2025-09,平顶山,-0.2,-1.0,https://www.stats.gov.cn/sj/zxfb/202510/t20251020_1961597.html
2025-09,广州,-0.6,-0.8,https://www.stats.gov.cn/sj/zxfb/202510/t20251020_1961597.html
2025-09,徐州,-0.6,-0.8,https://www.stats.gov.cn/sj/zxfb/202510/t20251020_1961597.html
2025-09,惠州,0.1,-0.6,https://www.stats.gov.cn/sj/zxfb/202510/t20251020_1961597.html
2025-09,成都,-0.6,-0.6,https://www.stats.gov.cn/sj/zxfb/202510/t20251020_1961597.html
2025-09,扬州,-0.7,-1.2,https://www.stats.gov.cn/sj/zxfb/202510/t20251020_1961597.html
2025-09,无锡,-0.3,-0.5,https://www.stats.gov.cn/sj/zxfb/202510/t20251020_1961597.html
2025-09,昆明,-0.5,-0.7,https://www.stats.gov.cn/sj/zxfb/202510/t20251020_1961597.html
2025-09,杭州,0.3,-0.7,https://www.stats.gov.cn/sj/zxfb/202510/t20251020_1961597.html
2025-09,桂林,-0.4,-0.7,https://www.stats.gov.cn/sj/zxfb/202510/t20251020_1961597.html
2025-09,武汉,-0.4,-0.9,https://www.stats.gov.cn/sj/zxfb/202510/t20251020_1961597.html
2025-09,沈阳,-0.3,-0.6,https://www.stats.gov.cn/sj/zxfb/202510/t20251020_1961597.html
2025-09,泉州,-0.2,-0.4,https://www.stats.gov.cn/sj/zxfb/202510/t20251020_1961597.html
2025-09,泸州,-0.6,-0.7,https://www.stats.gov.cn/sj/zxfb/202510/t20251020_1961597.html
2025-09,洛阳,-0.3,-0.3,https://www.stats.gov.cn/sj/zxfb/202510/t20251020_1961597.html
2025-09,济南,-0.4,-0.7,https://www.stats.gov.cn/sj/zxfb/202510/t20251020_1961597.html
2025-09,济宁,-0.3,-0.5,https://www.stats.gov.cn/sj/zxfb/202510/t20251020_1961597.html
2025-09,海口,-1.0,-0.8,https://www.stats.gov.cn/sj/zxfb/202510/t20251020_1961597.html
2025-09,深圳,-1.0,-1.0,https://www.stats.gov.cn/sj/zxfb/202510/t20251020_1961597.html
2025-09,温州,-0.8,-0.7,https://www.stats.gov.cn/sj/zxfb/202510/t20251020_1961597.html
2025-09,湛江,-0.2,-0.8,https://www.stats.gov.cn/sj/zxfb/202510/t20251020_1961597.html
2025-09,烟台,-0.2,-0.5,https://www.stats.gov.cn/sj/zxfb/202510/t20251020_1961597.html
2025-09,牡丹江,-0.3,-0.1,https://www.stats.gov.cn/sj/zxfb/202510/t20251020_1961597.html
2025-09,石家庄,-0.6,-0.7,https://www.stats.gov.cn/sj/zxfb/202510/t20251020_1961597.html
2025-09,福州,-0.4,-0.7,https://www.stats.gov.cn/sj/zxfb/202510/t20251020_1961597.html
2025-09,秦皇岛,-0.3,-0.6,https://www.stats.gov.cn/sj/zxfb/202510/t20251020_1961597.html
2025-09,蚌埠,-0.1,-0.4,https://www.stats.gov.cn/sj/zxfb/202510/t20251020_1961597.html
2025-09,襄阳,-0.7,-0.3,https://www.stats.gov.cn/sj/zxfb/202510/t20251020_1961597.html
2025-09,西宁,-0.3,-0.1,https://www.stats.gov.cn/sj/zxfb/202510/t20251020_1961597.html
2025-09,西安,-0.9,-1.2,https://www.stats.gov.cn/sj/zxfb/202510/t20251020_1961597.html
2025-09,贵阳,-0.4,-0.6,https://www.stats.gov.cn/sj/zxfb/202510/t20251020_1961597.html
2025-09,赣州,-1.0,-1.2,https://www.stats.gov.cn/sj/zxfb/202510/t20251020_1961597.html
2025-09,遵义,-0.4,-0.6,https://www.stats.gov.cn/sj/zxfb/202510/t20251020_1961597.html
2025-09,郑州,-0.6,-1.0,https://www.stats.gov.cn/sj/zxfb/202510/t20251020_1961597.html
2025-09,重庆,-0.4,-0.9,https://www.stats.gov.cn/sj/zxfb/202510/t20251020_1961597.html
2025-09,金华,-0.3,-0.5,https://www.stats.gov.cn/sj/zxfb/202510/t20251020_1961597.html
2025-09,银川,-0.6,-0.5,https://www.stats.gov.cn/sj/zxfb/202510/t20251020_1961597.html
2025-09,锦州,-0.1,-0.4,https://www.stats.gov.cn/sj/zxfb/202510/t20251020_1961597.html
2025-09,长春,0.1,-0.4,https://www.stats.gov.cn/sj/zxfb/202510/t20251020_1961597.html
2025-09,长沙,-0.4,-0.8,https://www.stats.gov.cn/sj/zxfb/202510/t20251020_1961597.html
2025-09,青岛,-0.5,-0.6,https://www.stats.gov.cn/sj/zxfb/202510/t20251020_1961597.html
2025-09,韶关,-0.1,-0.4,https://www.stats.gov.cn/sj/zxfb/202510/t20251020_1961597.html
2025-10,三亚,-0.5,-1.1,https://www.stats.gov.cn/sj/zxfb/202511/t20251114_1961850.html
2025-10,上海,0.3,-0.9,https://www.stats.gov.cn/sj/zxfb/202511/t20251114_1961850.html
2025-10,丹东,-0.1,-0.1,https://www.stats.gov.cn/sj/zxfb/202511/t20251114_1961850.html
2025-10,乌鲁木齐,0.2,-0.4,https://www.stats.gov.cn/sj/zxfb/202511/t20251114_1961850.html
2025-10,九江,-0.9,-0.8,https://www.stats.gov.cn/sj/zxfb/202511/t20251114_1961850.html
2025-10,兰州,-0.2,-0.3,https://www.stats.gov.cn/sj/zxfb/202511/t20251114_1961850.html
2025-10,包头,-0.7,-1.0,https://www.stats.gov.cn/sj/zxfb/202511/t20251114_1961850.html
2025-10,北京,-0.1,-1.1,https://www.stats.gov.cn/sj/zxfb/202511/t20251114_1961850.html
2025-10,北海,-0.4,-0.6,https://www.stats.gov.cn/sj/zxfb/202511/t20251114_1961850.html
2025-10,南京,-0.7,-0.9,https://www.stats.gov.cn/sj/zxfb/202511/t20251114_1961850.html
2025-10,南充,-0.2,-0.3,https://www.stats.gov.cn/sj/zxfb/202511/t20251114_1961850.html
2025-10,南宁,-0.6,-0.5,https://www.stats.gov.cn/sj/zxfb/202511/t20251114_1961850.html
2025-10,南昌,-0.4,-1.1,https://www.stats.gov.cn/sj/zxfb/202511/t20251114_1961850.html
2025-10,厦门,-0.4,-1.0,https://www.stats.gov.cn/sj/zxfb/202511/t20251114_1961850.html
2025-10,合肥,0.1,-0.7,https://www.stats.gov.cn/sj/zxfb/202511/t20251114_1961850.html
2025-10,吉林,-0.3,-0.7,https://www.stats.gov.cn/sj/zxfb/202511/t20251114_1961850.html
2025-10,呼和浩特,-0.1,-0.5,https://www.stats.gov.cn/sj/zxfb/202511/t20251114_1961850.html
2025-10,哈尔滨,-0.3,-0.5,https://www.stats.gov.cn/sj/zxfb/202511/t20251114_1961850.html
2025-10,唐山,-0.7,-0.8,https://www.stats.gov.cn/sj/zxfb/202511/t20251114_1961850.html
2025-10,大理,-0.4,-0.8,https://www.stats.gov.cn/sj/zxfb/202511/t20251114_1961850.html
2025-10,大连,-0.1,-0.5,https://www.stats.gov.cn/sj/zxfb/202511/t20251114_1961850.html
2025-10,天津,-0.7,-0.5,https://www.stats.gov.cn/sj/zxfb/202511/t20251114_1961850.html
2025-10,太原,-0.4,-0.3,https://www.stats.gov.cn/sj/zxfb/202511/t20251114_1961850.html
2025-10,宁波,-0.4,-0.9,https://www.stats.gov.cn/sj/zxfb/202511/t20251114_1961850.html
2025-10,安庆,-0.3,-0.4,https://www.stats.gov.cn/sj/zxfb/202511/t20251114_1961850.html
2025-10,宜昌,-0.2,-0.4,https://www.stats.gov.cn/sj/zxfb/202511/t20251114_1961850.html
2025-10,岳阳,-0.6,-0.8,https://www.stats.gov.cn/sj/zxfb/202511/t20251114_1961850.html
2025-10,常德,-0.7,-0.9,https://www.stats.gov.cn/sj/zxfb/202511/t20251114_1961850.html
2025-10,平顶山,-0.1,-0.9,https://www.stats.gov.cn/sj/zxfb/202511/t20251114_1961850.html
2025-10,广州,-0.8,-0.9,https://www.stats.gov.cn/sj/zxfb/202511/t20251114_1961850.html
2025-10,徐州,-0.9,-1.2,https://www.stats.gov.cn/sj/zxfb/202511/t20251114_1961850.html
2025-10,惠州,-0.9,-0.4,https://www.stats.gov.cn/sj/zxfb/202511/t20251114_1961850.html
2025-10,成都,-1.0,-0.8,https://www.stats.gov.cn/sj/zxfb/202511/t20251114_1961850.html
2025-10,扬州,-0.6,-0.9,https://www.stats.gov.cn/sj/zxfb/202511/t20251114_1961850.html
2025-10,无锡,-0.6,-1.0,https://www.stats.gov.cn/sj/zxfb/202511/t20251114_1961850.html
2025-10,昆明,-0.9,-0.6,https://www.stats.gov.cn/sj/zxfb/202511/t20251114_1961850.html
2025-10,杭州,0.1,-0.3,https://www.stats.gov.cn/sj/zxfb/202511/t20251114_1961850.html
2025-10,桂林,-0.5,-0.5,https://www.stats.gov.cn/sj/zxfb/202511/t20251114_1961850.html
2025-10,武汉,-0.6,-0.7,https://www.stats.gov.cn/sj/zxfb/202511/t20251114_1961850.html
2025-10,沈阳,0.2,-0.2,https://www.stats.gov.cn/sj/zxfb/202511/t20251114_1961850.html
2025-10,泉州,-0.4,-0.5,https://www.stats.gov.cn/sj/zxfb/202511/t20251114_1961850.html
2025-10,泸州,-0.6,-1.0,https://www.stats.gov.cn/sj/zxfb/202511/t20251114_1961850.html
2025-10,洛阳,-0.4,-0.9,https://www.stats.gov.cn/sj/zxfb/202511/t20251114_1961850.html
2025-10,济南,-0.7,-0.6,https://www.stats.gov.cn/sj/zxfb/202511/t20251114_1961850.html
2025-10,济宁,-0.3,-0.3,https://www.stats.gov.cn/sj/zxfb/202511/t20251114_1961850.html
2025-10,海口,-0.3,-0.6,https://www.stats.gov.cn/sj/zxfb/202511/t20251114_1961850.html
2025-10,深圳,-0.7,-0.9,https://www.stats.gov.cn/sj/zxfb/202511/t20251114_1961850.html
2025-10,温州,-0.7,-0.9,https://www.stats.gov.cn/sj/zxfb/202511/t20251114_1961850.html
2025-10,湛江,-1.0,-0.8,https://www.stats.gov.cn/sj/zxfb/202511/t20251114_1961850.html
2025-10,烟台,-0.4,-0.9,https://www.stats.gov.cn/sj/zxfb/202511/t20251114_1961850.html
2025-10,牡丹江,-0.3,-0.4,https://www.stats.gov.cn/sj/zxfb/202511/t20251114_1961850.html
2025-10,石家庄,-0.5,-0.5,https://www.stats.gov.cn/sj/zxfb/202511/t20251114_1961850.html
2025-10,福州,-0.6,-0.5,https://www.stats.gov.cn/sj/zxfb/202511/t20251114_1961850.html
2025-10,秦皇岛,-0.2,-0.4,https://www.stats.gov.cn/sj/zxfb/202511/t20251114_1961850.html
2025-10,蚌埠,-0.4,-0.5,https://www.stats.gov.cn/sj/zxfb/202511/t20251114_1961850.html
2025-10,襄阳,-0.8,-0.9,https://www.stats.gov.cn/sj/zxfb/202511/t20251114_1961850.html
2025-10,西宁,-0.6,-0.1,https://www.stats.gov.cn/sj/zxfb/202511/t20251114_1961850.html
2025-10,西安,-0.8,-1.0,https://www.stats.gov.cn/sj/zxfb/202511/t20251114_1961850.html
2025-10,贵阳,-0.6,-0.5,https://www.stats.gov.cn/sj/zxfb/202511/t20251114_1961850.html
2025-10,赣州,-0.2,-0.4,https://www.stats.gov.cn/sj/zxfb/202511/t20251114_1961850.html
2025-10,遵义,-0.6,-0.5,https://www.stats.gov.cn/sj/zxfb/202511/t20251114_1961850.html
2025-10,郑州,-0.8,-0.8,https://www.stats.gov.cn/sj/zxfb/202511/t20251114_1961850.html
2025-10,重庆,-0.6,-0.8,https://www.stats.gov.cn/sj/zxfb/202511/t20251114_1961850.html
2025-10,金华,-0.8,-0.7,https://www.stats.gov.cn/sj/zxfb/202511/t20251114_1961850.html
2025-10,银川,-0.4,-0.7,https://www.stats.gov.cn/sj/zxfb/202511/t20251114_1961850.html
2025-10,锦州,-0.4,-0.2,https://www.stats.gov.cn/sj/zxfb/202511/t20251114_1961850.html
2025-10,长春,-0.3,-0.6,https://www.stats.gov.cn/sj/zxfb/202511/t20251114_1961850.html
2025-10,长沙,-0.6,-1.0,https://www.stats.gov.cn/sj/zxfb/202511/t20251114_1961850.html
2025-10,青岛,-0.4,-0.8,https://www.stats.gov.cn/sj/zxfb/202511/t20251114_1961850.html
2025-10,韶关,0.2,-0.6,https://www.stats.gov.cn/sj/zxfb/202511/t20251114_1961850.html
2025-11,三亚,-0.5,-1.2,https://www.stats.gov.cn/sj/zxfb/202512/t20251215_1962069.html
2025-11,上海,0.1,-0.8,https://www.stats.gov.cn/sj/zxfb/202512/t20251215_1962069.html
2025-11,丹东,-0.3,-0.2,https://www.stats.gov.cn/sj/zxfb/202512/t20251215_1962069.html
2025-11,乌鲁木齐,-0.1,-0.3,https://www.stats.gov.cn/sj/zxfb/202512/t20251215_1962069.html
2025-11,九江,-0.7,-0.9,https://www.stats.gov.cn/sj/zxfb/202512/t20251215_1962069.html
2025-11,兰州,-0.3,-0.6,https://www.stats.gov.cn/sj/zxfb/202512/t20251215_1962069.html
2025-11,包头,-0.6,-0.9,https://www.stats.gov.cn/sj/zxfb/202512/t20251215_1962069.html
2025-11,北京,-0.5,-1.3,https://www.stats.gov.cn/sj/zxfb/202512/t20251215_1962069.html
2025-11,北海,-0.9,-0.5,https://www.stats.gov.cn/sj/zxfb/202512/t20251215_1962069.html
2025-11,南京,0.2,-1.0,https://www.stats.gov.cn/sj/zxfb/202512/t20251215_1962069.html
2025-11,南充,-0.4,-0.9,https://www.stats.gov.cn/sj/zxfb/202512/t20251215_1962069.html
2025-11,南宁,-0.7,-0.8,https://www.stats.gov.cn/sj/zxfb/202512/t20251215_1962069.html
2025-11,南昌,-0.3,-0.8,https://www.stats.gov.cn/sj/zxfb/202512/t20251215_1962069.html
2025-11,厦门,-0.3,-1.0,https://www.stats.gov.cn/sj/zxfb/202512/t20251215_1962069.html
2025-11,合肥,0.3,-0.9,https://www.stats.gov.cn/sj/zxfb/202512/t20251215_1962069.html
2025-11,吉林,-0.4,-0.5,https://www.stats.gov.cn/sj/zxfb/202512/t20251215_1962069.html
2025-11,呼和浩特,-0.2,-0.6,https://www.stats.gov.cn/sj/zxfb/202512/t20251215_1962069.html
2025-11,哈尔滨,-0.4,-0.6,https://www.stats.gov.cn/sj/zxfb/202512/t20251215_1962069.html
2025-11,唐山,-0.6,-0.6,https://www.stats.gov.cn/sj/zxfb/202512/t20251215_1962069.html
2025-11,大理,-0.6,-0.6,https://www.stats.gov.cn/sj/zxfb/202512/t20251215_1962069.html
2025-11,大连,0.0,-0.2,https://www.stats.gov.cn/sj/zxfb/202512/t20251215_1962069.html
2025-11,天津,-0.4,-0.7,https://www.stats.gov.cn/sj/zxfb/202512/t20251215_1962069.html
2025-11,太原,-0.7,-0.8,https://www.stats.gov.cn/sj/zxfb/202512/t20251215_1962069.html
2025-11,宁波,-0.1,-0.3,https://www.stats.gov.cn/sj/zxfb/202512/t20251215_1962069.html
2025-11,安庆,0.0,-0.3,https://www.stats.gov.cn/sj/zxfb/202512/t20251215_1962069.html
2025-11,宜昌,-0.2,-0.5,https://www.stats.gov.cn/sj/zxfb/202512/t20251215_1962069.html
2025-11,岳阳,-0.5,-0.7,https://www.stats.gov.cn/sj/zxfb/202512/t20251215_1962069.html
2025-11,常德,-0.8,-0.6,https://www.stats.gov.cn/sj/zxfb/202512/t20251215_1962069.html
2025-11,平顶山,-0.1,-0.6,https://www.stats.gov.cn/sj/zxfb/202512/t20251215_1962069.html
2025-11,广州,-0.5,-1.2,https://www.stats.gov.cn/sj/zxfb/202512/t20251215_1962069.html
2025-11,徐州,-0.8,-1.0,https://www.stats.gov.cn/sj/zxfb/202512/t20251215_1962069.html
2025-11,惠州,-0.8,-0.3,https://www.stats.gov.cn/sj/zxfb/202512/t20251215_1962069.html
2025-11,成都,-0.7,-0.9,https://www.stats.gov.cn/sj/zxfb/202512/t20251215_1962069.html
2025-11,扬州,0.1,-1.4,https://www.stats.gov.cn/sj/zxfb/202512/t20251215_1962069.html
2025-11,无锡,-1.0,-0.5,https://www.stats.gov.cn/sj/zxfb/202512/t20251215_1962069.html
2025-11,昆明,-0.9,-0.8,https://www.stats.gov.cn/sj/zxfb/202512/t20251215_1962069.html
2025-11,杭州,-0.2,-0.9,https://www.stats.gov.cn/sj/zxfb/202512/t20251215_1962069.html
2025-11,桂林,-0.8,-0.7,https://www.stats.gov.cn/sj/zxfb/202512/t20251215_1962069.html
2025-11,武汉,-0.5,-1.0,https://www.stats.gov.cn/sj/zxfb/202512/t20251215_1962069.html
2025-11,沈阳,0.1,-0.1,https://www.stats.gov.cn/sj/zxfb/202512/t20251215_1962069.html
2025-11,泉州,-0.3,-0.6,https://www.stats.gov.cn/sj/zxfb/202512/t20251215_1962069.html
2025-11,泸州,-0.7,-0.8,https://www.stats.gov.cn/sj/zxfb/202512/t20251215_1962069.html
2025-11,洛阳,-0.6,-0.5,https://www.stats.gov.cn/sj/zxfb/202512/t20251215_1962069.html
2025-11,济南,-0.4,-0.5,https://www.stats.gov.cn/sj/zxfb/202512/t20251215_1962069.html
2025-11,济宁,-0.7,-0.8,https://www.stats.gov.cn/sj/zxfb/202512/t20251215_1962069.html
2025-11,海口,-0.7,-1.0,https://www.stats.gov.cn/sj/zxfb/202512/t20251215_1962069.html
2025-11,深圳,-0.9,-1.0,https://www.stats.gov.cn/sj/zxfb/202512/t20251215_1962069.html
2025-11,温州,-0.5,-0.8,https://www.stats.gov.cn/sj/zxfb/202512/t20251215_1962069.html
2025-11,湛江,-0.4,-0.6,https://www.stats.gov.cn/sj/zxfb/202512/t20251215_1962069.html
2025-11,烟台,-0.6,-0.9,https://www.stats.gov.cn/sj/zxfb/202512/t20251215_1962069.html
2025-11,牡丹江,-0.2,-0.1,https://www.stats.gov.cn/sj/zxfb/202512/t20251215_1962069.html
2025-11,石家庄,-0.5,-0.6,https://www.stats.gov.cn/sj/zxfb/202512/t20251215_1962069.html
2025-11,福州,-0.6,-0.7,https://www.stats.gov.cn/sj/zxfb/202512/t20251215_1962069.html
2025-11,秦皇岛,-0.4,-0.6,https://www.stats.gov.cn/sj/zxfb/202512/t20251215_1962069.html
2025-11,蚌埠,-0.1,-0.2,https://www.stats.gov.cn/sj/zxfb/202512/t20251215_1962069.html
2025-11,襄阳,0.3,-0.5,https://www.stats.gov.cn/sj/zxfb/202512/t20251215_1962069.html
2025-11,西宁,-0.5,-0.3,https://www.stats.gov.cn/sj/zxfb/202512/t20251215_1962069.html
2025-11,西安,-0.4,-1.1,https://www.stats.gov.cn/sj/zxfb/202512/t20251215_1962069.html
2025-11,贵阳,0.2,-0.3,https://www.stats.gov.cn/sj/zxfb/202512/t20251215_1962069.html
2025-11,赣州,-0.3,-0.5,https://www.stats.gov.cn/sj/zxfb/202512/t20251215_1962069.html
2025-11,遵义,-0.3,-0.4,https://www.stats.gov.cn/sj/zxfb/202512/t20251215_1962069.html
2025-11,郑州,-0.6,-0.7,https://www.stats.gov.cn/sj/zxfb/202512/t20251215_1962069.html
2025-11,重庆,0.1,-0.4,https://www.stats.gov.cn/sj/zxfb/202512/t20251215_1962069.html
2025-11,金华,-0.4,-0.9,https://www.stats.gov.cn/sj/zxfb/202512/t20251215_1962069.html
2025-11,银川,0.0,-1.0,https://www.stats.gov.cn/sj/zxfb/202512/t20251215_1962069.html
2025-11,锦州,-0.1,-0.3,https://www.stats.gov.cn/sj/zxfb/202512/t20251215_1962069.html
2025-11,长春,-0.4,-0.3,https://www.stats.gov.cn/sj/zxfb/202512/t20251215_1962069.html
2025-11,长沙,-0.8,-0.5,https://www.stats.gov.cn/sj/zxfb/202512/t20251215_1962069.html
2025-11,青岛,-0.2,-0.6,https://www.stats.gov.cn/sj/zxfb/202512/t20251215_1962069.html
2025-11,韶关,-0.1,-0.1,https://www.stats.gov.cn/sj/zxfb/202512/t20251215_1962069.html
2025-12,三亚,0.1,-0.7,https://www.stats.gov.cn/sj/zxfb/202601/t20260119_1962319.html
2025-12,上海,0.2,-0.6,https://www.stats.gov.cn/sj/zxfb/202601/t20260119_1962319.html
2025-12,丹东,0.0,-0.3,https://www.stats.gov.cn/sj/zxfb/202601/t20260119_1962319.html
2025-12,乌鲁木齐,-0.2,-0.7,https://www.stats.gov.cn/sj/zxfb/202601/t20260119_1962319.html
2025-12,九江,-0.2,-0.8,https://www.stats.gov.cn/sj/zxfb/202601/t20260119_1962319.html
2025-12,兰州,-0.8,-0.6,https://www.stats.gov.cn/sj/zxfb/202601/t20260119_1962319.html
2025-12,包头,-1.0,-0.7,https://www.stats.gov.cn/sj/zxfb/202601/t20260119_1962319.html
2025-12,北京,-0.4,-1.3,https://www.stats.gov.cn/sj/zxfb/202601/t20260119_1962319.html
2025-12,北海,-0.7,-0.8,https://www.stats.gov.cn/sj/zxfb/202601/t20260119_1962319.html
2025-12,南京,0.0,-1.2,https://www.stats.gov.cn/sj/zxfb/202601/t20260119_1962319.html
2025-12,南充,-0.5,-0.8,https://www.stats.gov.cn/sj/zxfb/202601/t20260119_1962319.html
2025-12,南宁,-0.2,-0.9,https://www.stats.gov.cn/sj/zxfb/202601/t20260119_1962319.html
2025-12,南昌,-0.4,-0.5,https://www.stats.gov.cn/sj/zxfb/202601/t20260119_1962319.html
2025-12,厦门,-0.5,-0.9,https://www.stats.gov.cn/sj/zxfb/202601/t20260119_1962319.html
2025-12,合肥,0.0,-0.8,https://www.stats.gov.cn/sj/zxfb/202601/t20260119_1962319.html
2025-12,吉林,0.1,-0.4,https://www.stats.gov.cn/sj/zxfb/202601/t20260119_1962319.html
2025-12,呼和浩特,-0.5,-0.6,https://www.stats.gov.cn/sj/zxfb/202601/t20260119_1962319.html
2025-12,哈尔滨,-0.5,-0.6,https://www.stats.gov.cn/sj/zxfb/202601/t20260119_1962319.html
2025-12,唐山,-0.7,-0.8,https://www.stats.gov.cn/sj/zxfb/202601/t20260119_1962319.html
2025-12,大理,-0.2,-0.7,https://www.stats.gov.cn/sj/zxfb/202601/t20260119_1962319.html
2025-12,大连,-0.2,-0.7,https://www.stats.gov.cn/sj/zxfb/202601/t20260119_1962319.html
2025-12,天津,-0.6,-0.9,https://www.stats.gov.cn/sj/zxfb/202601/t20260119_1962319.html
2025-12,太原,-0.2,-0.4,https://www.stats.gov.cn/sj/zxfb/202601/t20260119_1962319.html
2025-12,宁波,-0.1,-0.6,https://www.stats.gov.cn/sj/zxfb/202601/t20260119_1962319.html
2025-12,安庆,-0.2,-0.5,https://www.stats.gov.cn/sj/zxfb/202601/t20260119_1962319.html
2025-12,宜昌,0.1,-0.5,https://www.stats.gov.cn/sj/zxfb/202601/t20260119_1962319.html
2025-12,岳阳,-0.3,-0.6,https://www.stats.gov.cn/sj/zxfb/202601/t20260119_1962319.html
2025-12,常德,-0.6,-0.7,https://www.stats.gov.cn/sj/zxfb/202601/t20260119_1962319.html
2025-12,平顶山,-0.5,-0.8,https://www.stats.gov.cn/sj/zxfb/202601/t20260119_1962319.html
2025-12,广州,-0.6,-1.0,https://www.stats.gov.cn/sj/zxfb/202601/t20260119_1962319.html
2025-12,徐州,-0.4,-1.1,https://www.stats.gov.cn/sj/zxfb/202601/t20260119_1962319.html
2025-12,惠州,-0.5,-0.6,https://www.stats.gov.cn/sj/zxfb/202601/t20260119_1962319.html
2025-12,成都,-0.7,-1.1,https://www.stats.gov.cn/sj/zxfb/202601/t20260119_1962319.html
2025-12,扬州,0.0,-0.9,https://www.stats.gov.cn/sj/zxfb/202601/t20260119_1962319.html
2025-12,无锡,-0.2,-0.8,https://www.stats.gov.cn/sj/zxfb/202601/t20260119_1962319.html
2025-12,昆明,-0.6,-0.9,https://www.stats.gov.cn/sj/zxfb/202601/t20260119_1962319.html
2025-12,杭州,-0.3,-0.4,https://www.stats.gov.cn/sj/zxfb/202601/t20260119_1962319.html
2025-12,桂林,-0.8,-0.9,https://www.stats.gov.cn/sj/zxfb/202601/t20260119_1962319.html
2025-12,武汉,0.0,-1.2,https://www.stats.gov.cn/sj/zxfb/202601/t20260119_1962319.html
2025-12,沈阳,-0.3,-0.2,https://www.stats.gov.cn/sj/zxfb/202601/t20260119_1962319.html
2025-12,泉州,-0.4,-0.6,https://www.stats.gov.cn/sj/zxfb/202601/t20260119_1962319.html
2025-12,泸州,-0.9,-1.0,https://www.stats.gov.cn/sj/zxfb/202601/t20260119_1962319.html
2025-12,洛阳,-0.7,-0.5,https://www.stats.gov.cn/sj/zxfb/202601/t20260119_1962319.html
2025-12,济南,-0.2,-0.9,https://www.stats.gov.cn/sj/zxfb/202601/t20260119_1962319.html
2025-12,济宁,-0.6,-0.7,https://www.stats.gov.cn/sj/zxfb/202601/t20260119_1962319.html
2025-12,海口,-0.6,-1.1,https://www.stats.gov.cn/sj/zxfb/202601/t20260119_1962319.html
2025-12,深圳,-0.5,-0.6,https://www.stats.gov.cn/sj/zxfb/202601/t20260119_1962319.html
2025-12,温州,-0.3,-0.7,https://www.stats.gov.cn/sj/zxfb/202601/t20260119_1962319.html
2025-12,湛江,-0.8,-0.7,https://www.stats.gov.cn/sj/zxfb/202601/t20260119_1962319.html
2025-12,烟台,-0.3,-0.7,https://www.stats.gov.cn/sj/zxfb/202601/t20260119_1962319.html
2025-12,牡丹江,0.0,-0.2,https://www.stats.gov.cn/sj/zxfb/202601/t20260119_1962319.html
2025-12,石家庄,-0.2,-0.7,https://www.stats.gov.cn/sj/zxfb/202601/t20260119_1962319.html
2025-12,福州,-0.8,-0.6,https://www.stats.gov.cn/sj/zxfb/202601/t20260119_1962319.html
2025-12,秦皇岛,-0.6,-0.9,https://www.stats.gov.cn/sj/zxfb/202601/t20260119_1962319.html
2025-12,蚌埠,-0.3,-0.5,https://www.stats.gov.cn/sj/zxfb/202601/t20260119_1962319.html
2025-12,襄阳,-0.4,-0.6,https://www.stats.gov.cn/sj/zxfb/202601/t20260119_1962319.html
2025-12,西宁,-0.3,-0.2,https://www.stats.gov.cn/sj/zxfb/202601/t20260119_1962319.html
2025-12,西安,-0.5,-1.1,https://www.stats.gov.cn/sj/zxfb/202601/t20260119_1962319.html
2025-12,贵阳,-0.3,-0.5,https://www.stats.gov.cn/sj/zxfb/202601/t20260119_1962319.html
2025-12,赣州,-0.7,-0.6,https://www.stats.gov.cn/sj/zxfb/202601/t20260119_1962319.html
2025-12,遵义,-0.2,-0.6,https://www.stats.gov.cn/sj/zxfb/202601/t20260119_1962319.html
2025-12,郑州,-0.9,-0.8,https://www.stats.gov.cn/sj/zxfb/202601/t20260119_1962319.html
2025-12,重庆,-0.3,-1.0,https://www.stats.gov.cn/sj/zxfb/202601/t20260119_1962319.html
2025-12,金华,-0.7,-0.7,https://www.stats.gov.cn/sj/zxfb/202601/t20260119_1962319.html
2025-12,银川,-0.2,-0.8,https://www.stats.gov.cn/sj/zxfb/202601/t20260119_1962319.html
2025-12,锦州,-0.2,-0.2,https://www.stats.gov.cn/sj/zxfb/202601/t20260119_1962319.html
2025-12,长春,0.2,-0.2,https://www.stats.gov.cn/sj/zxfb/202601/t20260119_1962319.html
2025-12,长沙,-0.4,-0.7,https://www.stats.gov.cn/sj/zxfb/202601/t20260119_1962319.html
2025-12,青岛,-0.5,-0.9,https://www.stats.gov.cn/sj/zxfb/202601/t20260119_1962319.html
2025-12,韶关,0.1,-0.5,https://www.stats.gov.cn/sj/zxfb/202601/t20260119_1962319.html
2026-01,三亚,0.0,-0.6,https://www.stats.gov.cn/sj/zxfb/202602/t20260213_1962617.html
2026-01,上海,0.0,-0.4,https://www.stats.gov.cn/sj/zxfb/202602/t20260213_1962617.html
2026-01,丹东,-0.2,-0.3,https://www.stats.gov.cn/sj/zxfb/202602/t20260213_1962617.html
2026-01,乌鲁木齐,-0.4,-0.5,https://www.stats.gov.cn/sj/zxfb/202602/t20260213_1962617.html
2026-01,九江,-0.3,-1.0,https://www.stats.gov.cn/sj/zxfb/202602/t20260213_1962617.html
2026-01,兰州,-0.5,-0.7,https://www.stats.gov.cn/sj/zxfb/202602/t20260213_1962617.html
2026-01,包头,-0.6,-1.0,https://www.stats.gov.cn/sj/zxfb/202602/t20260213_1962617.html
2026-01,北京,-0.3,-0.2,https://www.stats.gov.cn/sj/zxfb/202602/t20260213_1962617.html
2026-01,北海,-0.3,-1.2,https://www.stats.gov.cn/sj/zxfb/202602/t20260213_1962617.html
2026-01,南京,-0.4,-0.2,https://www.stats.gov.cn/sj/zxfb/202602/t20260213_1962617.html
2026-01,南充,0.1,-0.7,https://www.stats.gov.cn/sj/zxfb/202602/t20260213_1962617.html
2026-01,南宁,-0.8,-0.7,https://www.stats.gov.cn/sj/zxfb/202602/t20260213_1962617.html
2026-01,南昌,-0.5,-1.0,https://www.stats.gov.cn/sj/zxfb/202602/t20260213_1962617.html
2026-01,厦门,0.1,-0.2,https://www.stats.gov.cn/sj/zxfb/202602/t20260213_1962617.html
2026-01,合肥,0.1,-0.6,https://www.stats.gov.cn/sj/zxfb/202602/t20260213_1962617.html
2026-01,吉林,-0.1,-0.2,https://www.stats.gov.cn/sj/zxfb/202602/t20260213_1962617.html
2026-01,呼和浩特,-0.7,-0.5,https://www.stats.gov.cn/sj/zxfb/202602/t20260213_1962617.html
2026-01,哈尔滨,-0.1,-0.2,https://www.stats.gov.cn/sj/zxfb/202602/t20260213_1962617.html
2026-01,唐山,-0.4,-0.7,https://www.stats.gov.cn/sj/zxfb/202602/t20260213_1962617.html
2026-01,大理,0.0,-0.8,https://www.stats.gov.cn/sj/zxfb/202602/t20260213_1962617.html
2026-01,大连,0.2,-0.4,https://www.stats.gov.cn/sj/zxfb/202602/t20260213_1962617.html
2026-01,天津,-0.8,-0.7,https://www.stats.gov.cn/sj/zxfb/202602/t20260213_1962617.html
2026-01,太原,-0.1,-0.6,https://www.stats.gov.cn/sj/zxfb/202602/t20260213_1962617.html
2026-01,宁波,-0.2,-0.3,https://www.stats.gov.cn/sj/zxfb/202602/t20260213_1962617.html
2026-01,安庆,-0.3,-0.6,https://www.stats.gov.cn/sj/zxfb/202602/t20260213_1962617.html
2026-01,宜昌,-0.5,-0.3,https://www.stats.gov.cn/sj/zxfb/202602/t20260213_1962617.html
2026-01,岳阳,-0.4,-0.7,https://www.stats.gov.cn/sj/zxfb/202602/t20260213_1962617.html
2026-01,常德,-0.5,-0.6,https://www.stats.gov.cn/sj/zxfb/202602/t20260213_1962617.html
2026-01,平顶山,-0.3,-0.9,https://www.stats.gov.cn/sj/zxfb/202602/t20260213_1962617.html
2026-01,广州,-0.6,-0.7,https://www.stats.gov.cn/sj/zxfb/202602/t20260213_1962617.html
2026-01,徐州,-0.9,-1.0,https://www.stats.gov.cn/sj/zxfb/202602/t20260213_1962617.html
2026-01,惠州,-0.3,-0.7,https://www.stats.gov.cn/sj/zxfb/202602/t20260213_1962617.html
2026-01,成都,-0.6,-0.4,https://www.stats.gov.cn/sj/zxfb/202602/t20260213_1962617.html
2026-01,扬州,-0.4,0.4,https://www.stats.gov.cn/sj/zxfb/202602/t20260213_1962617.html
2026-01,无锡,-0.2,-0.7,https://www.stats.gov.cn/sj/zxfb/202602/t20260213_1962617.html
2026-01,昆明,-0.3,-0.6,https://www.stats.gov.cn/sj/zxfb/202602/t20260213_1962617.html
2026-01,杭州,-0.3,-0.3,https://www.stats.gov.cn/sj/zxfb/202602/t20260213_1962617.html
2026-01,桂林,-0.6,-0.8,https://www.stats.gov.cn/sj/zxfb/202602/t20260213_1962617.html
2026-01,武汉,0.1,-0.6,https://www.stats.gov.cn/sj/zxfb/202602/t20260213_1962617.html
2026-01,沈阳,-0.2,0.0,https://www.stats.gov.cn/sj/zxfb/202602/t20260213_1962617.html
2026-01,泉州,-0.4,-0.3,https://www.stats.gov.cn/sj/zxfb/202602/t20260213_1962617.html
2026-01,泸州,-0.7,-0.9,https://www.stats.gov.cn/sj/zxfb/202602/t20260213_1962617.html
2026-01,洛阳,-0.5,-0.3,https://www.stats.gov.cn/sj/zxfb/202602/t20260213_1962617.html
2026-01,济南,-0.4,-0.2,https://www.stats.gov.cn/sj/zxfb/202602/t20260213_1962617.html
2026-01,济宁,-0.7,-0.5,https://www.stats.gov.cn/sj/zxfb/202602/t20260213_1962617.html
2026-01,海口,-0.1,-0.7,https://www.stats.gov.cn/sj/zxfb/202602/t20260213_1962617.html
2026-01,深圳,-0.4,-0.6,https://www.stats.gov.cn/sj/zxfb/202602/t20260213_1962617.html
2026-01,温州,-0.5,-0.6,https://www.stats.gov.cn/sj/zxfb/202602/t20260213_1962617.html
2026-01,湛江,-0.5,0.3,https://www.stats.gov.cn/sj/zxfb/202602/t20260213_1962617.html
2026-01,烟台,-0.5,-0.4,https://www.stats.gov.cn/sj/zxfb/202602/t20260213_1962617.html
2026-01,牡丹江,-0.2,-0.3,https://www.stats.gov.cn/sj/zxfb/202602/t20260213_1962617.html
2026-01,石家庄,-0.3,-0.2,https://www.stats.gov.cn/sj/zxfb/202602/t20260213_1962617.html
2026-01,福州,-0.5,-0.6,https://www.stats.gov.cn/sj/zxfb/202602/t20260213_1962617.html
2026-01,秦皇岛,-0.5,-1.0,https://www.stats.gov.cn/sj/zxfb/202602/t20260213_1962617.html
2026-01,蚌埠,-0.5,-0.6,https://www.stats.gov.cn/sj/zxfb/202602/t20260213_1962617.html
2026-01,襄阳,-0.9,-0.8,https://www.stats.gov.cn/sj/zxfb/202602/t20260213_1962617.html
2026-01,西宁,-0.3,-0.4,https://www.stats.gov.cn/sj/zxfb/202602/t20260213_1962617.html
2026-01,西安,-0.7,-0.8,https://www.stats.gov.cn/sj/zxfb/202602/t20260213_1962617.html
2026-01,贵阳,-0.4,-0.5,https://www.stats.gov.cn/sj/zxfb/202602/t20260213_1962617.html
2026-01,赣州,-0.5,-0.6,https://www.stats.gov.cn/sj/zxfb/202602/t20260213_1962617.html
2026-01,遵义,-0.2,-0.3,https://www.stats.gov.cn/sj/zxfb/202602/t20260213_1962617.html
2026-01,郑州,-0.4,-0.7,https://www.stats.gov.cn/sj/zxfb/202602/t20260213_1962617.html
2026-01,重庆,-0.2,-0.5,https://www.stats.gov.cn/sj/zxfb/202602/t20260213_1962617.html
2026-01,金华,-0.6,-0.5,https://www.stats.gov.cn/sj/zxfb/202602/t20260213_1962617.html
2026-01,银川,-0.3,-0.7,https://www.stats.gov.cn/sj/zxfb/202602/t20260213_1962617.html
2026-01,锦州,-0.4,-0.3,https://www.stats.gov.cn/sj/zxfb/202602/t20260213_1962617.html
2026-01,长春,-0.4,-0.2,https://www.stats.gov.cn/sj/zxfb/202602/t20260213_1962617.html
2026-01,长沙,-0.3,-0.8,https://www.stats.gov.cn/sj/zxfb/202602/t20260213_1962617.html
2026-01,青岛,-0.6,-0.8,https://www.stats.gov.cn/sj/zxfb/202602/t20260213_1962617.html
2026-01,韶关,-0.2,-0.7,https://www.stats.gov.cn/sj/zxfb/202602/t20260213_1962617.html
