target_month,input_month,city,input_source_url,actual_change_pct,target_source_url,pred_bias_0.5_0.5,pred_decomp_ridge,pred_decomp_tcn,pred_fair_tcn,pred_legacy_tcn,pred_multitask_0.05_weighted,pred_revin_tcn,pred_ridge_25,pred_last_month,pred_online_ensemble,pred_uniform_ensemble,prob_multitask_0.05_weighted_fall,prob_multitask_0.05_weighted_flat,prob_multitask_0.05_weighted_rise
2025-01,2024-12,三亚,https://www.stats.gov.cn/sj/zxfb/202501/t20250117_1958323.html,0.2,https://www.stats.gov.cn/sj/zxfb/202502/t20250219_1958761.html,0.11965314107347721,0.08419795153832796,0.280386745929718,0.09345163404941559,0.3517788350582123,0.3011453449726105,0.011435587890446186,0.05328146373623416,0.6000000238418579,0.08231302684454532,0.24891104054250257,0.2921077311038971,0.04974230378866196,0.6581498980522156
2025-01,2024-12,上海,https://www.stats.gov.cn/sj/zxfb/202501/t20250117_1958323.html,0.6,https://www.stats.gov.cn/sj/zxfb/202502/t20250219_1958761.html,0.5491464277603161,0.5099525565962588,0.7998309135437012,0.534466028213501,0.5827742218971252,0.7011754512786865,0.4936281442642212,0.482774750423073,0.5,0.5166545189552856,0.5057469262121913,0.0546470507979393,0.012235414236783981,0.9331175088882446
2025-01,2024-12,丹东,https://www.stats.gov.cn/sj/zxfb/202501/t20250117_1958323.html,-0.6,https://www.stats.gov.cn/sj/zxfb/202502/t20250219_1958761.html,-0.18605068028466823,-0.2614130652672186,-0.056438643485307693,-0.13927212357521057,-0.2014935165643692,-0.10777749121189117,-0.23889678716659546,-0.2524223576219113,-0.4000000059604645,-0.17919988332685355,-0.2638981623858621,0.5534135103225708,0.10225945711135864,0.34432706236839294
2025-01,2024-12,乌鲁木齐,https://www.stats.gov.cn/sj/zxfb/202501/t20250117_1958323.html,-0.4,https://www.stats.gov.cn/sj/zxfb/202502/t20250219_1958761.html,0.1718686324779378,0.07946413605052743,0.19123131036758423,0.0843244418501854,0.030721956863999367,0.18714508414268494,0.09672661870718002,0.10549695514069474,0.10000000149011612,0.09162785376926424,0.09660713282699875,0.2597889006137848,0.0774049311876297,0.6628061532974243
2025-01,2024-12,九江,https://www.stats.gov.cn/sj/zxfb/202501/t20250117_1958323.html,-0.4,https://www.stats.gov.cn/sj/zxfb/202502/t20250219_1958761.html,-0.16985769913571142,-0.2533729987960153,0.033898014575242996,-0.11834561824798584,-0.08530520647764206,-0.0076256440952420235,-0.12313597649335861,-0.23622937647295447,-0.30000001192092896,-0.1594876771946192,-0.2181916688806231,0.5633636713027954,0.07332874834537506,0.3633076250553131
2025-01,2024-12,兰州,https://www.stats.gov.cn/sj/zxfb/202501/t20250117_1958323.html,0.0,https://www.stats.gov.cn/sj/zxfb/202502/t20250219_1958761.html,-0.005688731033170635,-0.11794545610972598,0.14456479251384735,0.12209506332874298,-0.15513218939304352,0.13018293678760529,0.4188042879104614,-0.07206040837041369,-0.20000000298023224,0.05421766452757868,-0.04998844934063432,0.4026626944541931,0.058213114738464355,0.5391241908073425
2025-01,2024-12,包头,https://www.stats.gov.cn/sj/zxfb/202501/t20250117_1958323.html,-0.1,https://www.stats.gov.cn/sj/zxfb/202502/t20250219_1958761.html,-0.20064906220101844,-0.27397953656044804,-0.0760287418961525,-0.13938657939434052,-0.2091183066368103,-0.10132721811532974,-0.20477266609668732,-0.2670207395382615,-0.30000001192092896,-0.18374879212240086,-0.23546911028451034,0.5038647651672363,0.09319721162319183,0.40293803811073303
2025-01,2024-12,北京,https://www.stats.gov.cn/sj/zxfb/202501/t20250117_1958323.html,-0.4,https://www.stats.gov.cn/sj/zxfb/202502/t20250219_1958761.html,0.0930846409374558,0.04643029505554443,0.4109835922718048,0.14701715111732483,0.1108328104019165,0.3455788791179657,-0.02474796026945114,0.026712963600212747,-0.10000000149011612,0.10471798317201234,0.024576704409140487,0.40942150354385376,0.03907221183180809,0.5515063405036926
2025-01,2024-12,北海,https://www.stats.gov.cn/sj/zxfb/202501/t20250117_1958323.html,-0.6,https://www.stats.gov.cn/sj/zxfb/202502/t20250219_1958761.html,-0.16142794242030922,-0.22309514886645287,0.0002646148204803467,-0.11802119016647339,-0.019346842542290688,0.011641405522823334,-0.15666311979293823,-0.22779961975755228,-0.20000000298023224,-0.15589257505983625,-0.18194027096808596,0.461503267288208,0.10909812152385712,0.4293985962867737
2025-01,2024-12,南京,https://www.stats.gov.cn/sj/zxfb/202501/t20250117_1958323.html,0.7,https://www.stats.gov.cn/sj/zxfb/202502/t20250219_1958761.html,0.28947627101666085,0.19927794222253503,0.43636560440063477,0.25120535492897034,0.4112030267715454,0.40977901220321655,0.24910211563110352,0.22310459367941776,0.6000000238418579,0.24338525287849855,0.358103324150082,0.16383162140846252,0.04195243492722511,0.7942159175872803
2025-01,2024-12,南充,https://www.stats.gov.cn/sj/zxfb/202501/t20250117_1958323.html,-0.3,https://www.stats.gov.cn/sj/zxfb/202502/t20250219_1958761.html,0.18142187634069243,0.09797463392871072,0.31163063645362854,0.13940122723579407,0.15548287332057953,0.2817697823047638,0.12888826429843903,0.11505019900344937,0.4000000059604645,0.13241352542579737,0.21815047739990265,0.24238765239715576,0.05606359243392944,0.70154869556427
2025-01,2024-12,南宁,https://www.stats.gov.cn/sj/zxfb/202501/t20250117_1958323.html,0.1,https://www.stats.gov.cn/sj/zxfb/202502/t20250219_1958761.html,0.017864730500428666,-0.03393287129842393,0.1686992198228836,-0.00012018084817100316,0.2024470716714859,0.15760423243045807,-0.092186838388443,-0.04850694683681439,0.30000001192092896,-0.015108466200187912,0.08379096141198118,0.3784961402416229,0.06020987778902054,0.5612939596176147
2025-01,2024-12,南昌,https://www.stats.gov.cn/sj/zxfb/202501/t20250117_1958323.html,-0.3,https://www.stats.gov.cn/sj/zxfb/202502/t20250219_1958761.html,-0.09494583373697857,-0.13467818887165273,0.03347703441977501,-0.1392827332019806,-0.09218773245811462,-0.014284448698163033,-0.1237017810344696,-0.16131751107422163,-0.20000000298023224,-0.14710862487896342,-0.16686674908547816,0.39911457896232605,0.06173184514045715,0.5391535758972168
2025-01,2024-12,厦门,https://www.stats.gov.cn/sj/zxfb/202501/t20250117_1958323.html,0.1,https://www.stats.gov.cn/sj/zxfb/202502/t20250219_1958761.html,0.15006983641583724,0.1141591130097975,0.4248673915863037,0.11881760507822037,0.04056777060031891,0.3815810978412628,0.46574506163597107,0.08369815907859418,0.30000001192092896,0.10775327236924687,0.16750525869258115,0.23164065182209015,0.03339027985930443,0.7349690794944763
2025-01,2024-12,合肥,https://www.stats.gov.cn/sj/zxfb/202501/t20250117_1958323.html,-0.1,https://www.stats.gov.cn/sj/zxfb/202502/t20250219_1958761.html,-0.06480252185355129,-0.12841929279473843,0.050308626145124435,-0.04760173708200455,-0.20207269489765167,0.02845590189099312,-0.13472284376621246,-0.13117419919079434,-0.20000000298023224,-0.07688866236987679,-0.12625864641767703,0.4885813593864441,0.07991168648004532,0.4315069317817688
2025-01,2024-12,吉林,https://www.stats.gov.cn/sj/zxfb/202501/t20250117_1958323.html,-0.3,https://www.stats.gov.cn/sj/zxfb/202502/t20250219_1958761.html,-0.11379820920236447,-0.18370352262026382,0.06922512501478195,-0.09735193848609924,-0.166936457157135,0.006602630019187927,-0.08014994114637375,-0.18016988653960753,-0.5,-0.1276497352179678,-0.2591739416752356,0.5142374038696289,0.10051365941762924,0.38524892926216125
2025-01,2024-12,呼和浩特,https://www.stats.gov.cn/sj/zxfb/202501/t20250117_1958323.html,-0.6,https://www.stats.gov.cn/sj/zxfb/202502/t20250219_1958761.html,-0.34527737913142087,-0.43426852658315507,-0.21693654358386993,-0.31413862109184265,-0.3794163763523102,-0.2524060308933258,-0.4880090057849884,-0.4116490564686639,-0.800000011920929,-0.3498711670843905,-0.5085958964938119,0.7409795522689819,0.06345926225185394,0.19556114077568054
2025-01,2024-12,哈尔滨,https://www.stats.gov.cn/sj/zxfb/202501/t20250117_1958323.html,-0.1,https://www.stats.gov.cn/sj/zxfb/202502/t20250219_1958761.html,-0.20505294611135064,-0.3075951043321252,-0.09878849238157272,-0.20068959891796112,-0.24798458814620972,-0.1507982760667801,-0.33489131927490234,-0.2714246234485937,-0.5,-0.22634102421771404,-0.32403807412218494,0.5402086973190308,0.10525412857532501,0.35453715920448303
2025-01,2024-12,唐山,https://www.stats.gov.cn/sj/zxfb/202501/t20250117_1958323.html,-0.2,https://www.stats.gov.cn/sj/zxfb/202502/t20250219_1958761.html,-0.2279634601831678,-0.30319719053610106,-0.1486082673072815,-0.15288205444812775,-0.21726863086223602,-0.14266741275787354,-0.2538444697856903,-0.29433513752041085,-0.4000000059604645,-0.20239764053111975,-0.282405732643001,0.604522705078125,0.08496435731649399,0.3105129897594452
2025-01,2024-12,大理,https://www.stats.gov.cn/sj/zxfb/202501/t20250117_1958323.html,-0.3,https://www.stats.gov.cn/sj/zxfb/202502/t20250219_1958761.html,-0.034263073152728946,-0.12198640623000684,0.044313471764326096,-0.04728790000081062,-0.1095508337020874,0.03608500957489014,0.028323113918304443,-0.100634750489972,-0.10000000149011612,-0.06575675733746235,-0.08264088399363291,0.40811771154403687,0.08621446788311005,0.5056678056716919
2025-01,2024-12,大连,https://www.stats.gov.cn/sj/zxfb/202501/t20250117_1958323.html,0.2,https://www.stats.gov.cn/sj/zxfb/202502/t20250219_1958761.html,-0.10572697013176668,-0.19392814964285443,0.05088229849934578,-0.023460619151592255,-0.02122659981250763,0.025721857324242592,-0.05356844887137413,-0.17209864746900974,-0.10000000149011612,-0.0745631549842361,-0.09851975603690603,0.4574691653251648,0.07573355734348297,0.46679726243019104
2025-01,2024-12,天津,https://www.stats.gov.cn/sj/zxfb/202501/t20250117_1958323.html,0.3,https://www.stats.gov.cn/sj/zxfb/202502/t20250219_1958761.html,0.17352184157090042,0.1290678816455684,0.34146618843078613,0.12548989057540894,0.23028886318206787,0.2662096917629242,0.2617221474647522,0.10715016423365736,0.20000000298023224,0.11961008893273344,0.14421335259643284,0.2241383045911789,0.05322740599513054,0.7226343750953674
2025-01,2024-12,太原,https://www.stats.gov.cn/sj/zxfb/202501/t20250117_1958323.html,0.3,https://www.stats.gov.cn/sj/zxfb/202502/t20250219_1958761.html,0.1696863897520964,0.07845776597557164,0.2610538601875305,0.08701809495687485,0.08124266564846039,0.21161866188049316,0.04659726098179817,0.10331471241485335,0.0,0.09213740454457248,0.0634442691239094,0.24005000293254852,0.08853606134653091,0.6714139580726624
2025-01,2024-12,宁波,https://www.stats.gov.cn/sj/zxfb/202501/t20250117_1958323.html,0.6,https://www.stats.gov.cn/sj/zxfb/202502/t20250219_1958761.html,0.21133095961323248,0.1041316167192442,0.231822669506073,0.13197362422943115,0.4045497477054596,0.2061159908771515,0.19399356842041016,0.14495928227598942,0.5,0.13826949168967606,0.25897763550180686,0.2541669011116028,0.03652697056531906,0.7093061208724976
2025-01,2024-12,安庆,https://www.stats.gov.cn/sj/zxfb/202501/t20250117_1958323.html,-0.1,https://www.stats.gov.cn/sj/zxfb/202502/t20250219_1958761.html,-0.20838141277193675,-0.2695005722487567,-0.09613867849111557,-0.23345020413398743,-0.42920878529548645,-0.09949139505624771,-0.321715384721756,-0.2747530901091798,-0.5,-0.248893480928621,-0.3360677647477224,0.5176210403442383,0.10625731945037842,0.3761216700077057
2025-01,2024-12,宜昌,https://www.stats.gov.cn/sj/zxfb/202501/t20250117_1958323.html,-0.1,https://www.stats.gov.cn/sj/zxfb/202502/t20250219_1958761.html,-0.0001883603169063608,-0.0645546703719327,0.09087121486663818,0.005768922157585621,-0.14675049483776093,0.07787470519542694,-0.005881900433450937,-0.06656003765414942,-0.20000000298023224,-0.01995226263851918,-0.08693037282559868,0.3511062264442444,0.0875653475522995,0.5613284111022949
2025-01,2024-12,岳阳,https://www.stats.gov.cn/sj/zxfb/202501/t20250117_1958323.html,-0.2,https://www.stats.gov.cn/sj/zxfb/202502/t20250219_1958761.html,-0.21980139633870419,-0.29034936571266157,-0.04347170889377594,-0.16434264183044434,-0.373409241437912,-0.06367786973714828,-0.28745055198669434,-0.28617307367594724,-0.5,-0.2076118009490266,-0.3168385718354639,0.5428534746170044,0.09078286588191986,0.36636367440223694
2025-01,2024-12,常德,https://www.stats.gov.cn/sj/zxfb/202501/t20250117_1958323.html,-0.3,https://www.stats.gov.cn/sj/zxfb/202502/t20250219_1958761.html,-0.18541211151323514,-0.23730875088664977,0.0813114270567894,-0.08866395801305771,0.04041937738656998,0.006115743424743414,-0.12638820707798004,-0.2517837888504782,0.0,-0.1438703407799904,-0.1134825822878453,0.5480743646621704,0.05141659826040268,0.4005090594291687
2025-01,2024-12,平顶山,https://www.stats.gov.cn/sj/zxfb/202501/t20250117_1958323.html,0.1,https://www.stats.gov.cn/sj/zxfb/202502/t20250219_1958761.html,0.15793108093905942,0.09343284267216592,0.30137112736701965,0.06719034910202026,0.21221868693828583,0.23273906111717224,0.031952906399965286,0.09155940360181636,0.20000000298023224,0.07617806175578001,0.11958325189468962,0.23406744003295898,0.06437027454376221,0.7015622854232788
2025-01,2024-12,广州,https://www.stats.gov.cn/sj/zxfb/202501/t20250117_1958323.html,0.0,https://www.stats.gov.cn/sj/zxfb/202502/t20250219_1958761.html,-0.05370195255838128,-0.14836626307197642,-0.035935889929533005,-0.11063273996114731,-0.08274175971746445,-0.022105298936367035,-0.05818144604563713,-0.12007362989562434,-0.10000000149011612,-0.11380004028677182,-0.11023545711562925,0.4198980927467346,0.07673300802707672,0.5033689141273499
2025-01,2024-12,徐州,https://www.stats.gov.cn/sj/zxfb/202501/t20250117_1958323.html,-0.4,https://www.stats.gov.cn/sj/zxfb/202502/t20250219_1958761.html,0.03131568887794742,-0.07600623402190394,0.1901671439409256,0.08021586388349533,0.0910717323422432,0.15185533463954926,0.11622115969657898,-0.03505598845929564,-0.10000000149011612,0.039972266085483266,-0.018280042021972143,0.3430481553077698,0.0603298656642437,0.5966219902038574
2025-01,2024-12,惠州,https://www.stats.gov.cn/sj/zxfb/202501/t20250117_1958323.html,0.2,https://www.stats.gov.cn/sj/zxfb/202502/t20250219_1958761.html,-0.10828740711610016,-0.187986876420081,0.0316956602036953,-0.059110332280397415,0.0959775522351265,-0.01751593127846718,0.007053298410028219,-0.17465908445334322,0.10000000149011612,-0.0977286445728182,-0.04458980508120817,0.3749334216117859,0.06292925775051117,0.5621373057365417
2025-01,2024-12,成都,https://www.stats.gov.cn/sj/zxfb/202501/t20250117_1958323.html,0.7,https://www.stats.gov.cn/sj/zxfb/202502/t20250219_1958761.html,0.46752503914410026,0.3952320345303104,0.5665213465690613,0.32966992259025574,0.4680587947368622,0.4874560236930847,0.4060792028903961,0.4011533618068572,0.6000000238418579,0.3554298265346252,0.4436077694129903,0.1344665288925171,0.02348962426185608,0.8420438766479492
2025-01,2024-12,扬州,https://www.stats.gov.cn/sj/zxfb/202501/t20250117_1958323.html,-0.5,https://www.stats.gov.cn/sj/zxfb/202502/t20250219_1958761.html,-0.16228695165989795,-0.23056161046859902,0.00919321645051241,-0.1500352919101715,0.0803380012512207,-0.05570809915661812,-0.09089907258749008,-0.228658628997141,0.0,-0.1761008138439526,-0.12623130696910417,0.556053638458252,0.0650642141699791,0.37888213992118835
2025-01,2024-12,无锡,https://www.stats.gov.cn/sj/zxfb/202501/t20250117_1958323.html,0.5,https://www.stats.gov.cn/sj/zxfb/202502/t20250219_1958761.html,-0.03170009648390623,-0.09173556832357949,0.14832903444766998,-0.042984724044799805,0.27284908294677734,0.08291999250650406,0.03175339475274086,-0.09807177382114929,0.20000000298023224,-0.06054868803295202,0.01964783503809438,0.3599775433540344,0.07510556280612946,0.5649169683456421
2025-01,2024-12,昆明,https://www.stats.gov.cn/sj/zxfb/202501/t20250117_1958323.html,-0.3,https://www.stats.gov.cn/sj/zxfb/202502/t20250219_1958761.html,-0.15739273100051096,-0.23077704139899302,0.1318635493516922,0.012559093534946442,-0.10000449419021606,0.03449871018528938,0.10068672895431519,-0.22376440833775402,-0.20000000298023224,-0.0691506991766021,-0.13706843926101328,0.5435562133789062,0.07178173214197159,0.384662002325058
2025-01,2024-12,杭州,https://www.stats.gov.cn/sj/zxfb/202501/t20250117_1958323.html,0.3,https://www.stats.gov.cn/sj/zxfb/202502/t20250219_1958761.html,0.328842871136775,0.3142239606503947,0.5103180408477783,0.1792185753583908,0.3583422601222992,0.4672996401786804,0.1296411156654358,0.26247119379953193,0.4000000059604645,0.20874294886221698,0.2805632583727957,0.1475822627544403,0.02111685462296009,0.8313009142875671
2025-01,2024-12,桂林,https://www.stats.gov.cn/sj/zxfb/202501/t20250117_1958323.html,-0.2,https://www.stats.gov.cn/sj/zxfb/202502/t20250219_1958761.html,-0.05003838166156055,-0.11796838159113962,0.08201242238283157,-0.12701041996479034,-0.16488151252269745,0.045534346252679825,-0.16700683534145355,-0.1164100589988036,-0.30000001192092896,-0.12427036532764543,-0.1811401636281743,0.4032198488712311,0.12163092941045761,0.4751492440700531
2025-01,2024-12,武汉,https://www.stats.gov.cn/sj/zxfb/202501/t20250117_1958323.html,0.5,https://www.stats.gov.cn/sj/zxfb/202502/t20250219_1958761.html,0.15812704530656838,0.06304697507046875,0.3219543993473053,0.15913622081279755,0.5052123665809631,0.23247627913951874,0.3381100594997406,0.09175536796932532,0.4000000059604645,0.13736691766815895,0.21696386491419575,0.24578198790550232,0.04085402190685272,0.7133640050888062
2025-01,2024-12,沈阳,https://www.stats.gov.cn/sj/zxfb/202501/t20250117_1958323.html,-0.2,https://www.stats.gov.cn/sj/zxfb/202502/t20250219_1958761.html,0.08909324926323195,0.015424231641059868,0.15253996849060059,-0.03804543986916542,0.09110059589147568,0.1699429452419281,0.011913384310901165,0.022721571925988893,0.20000000298023224,-0.016105556471447575,0.06155871167901857,0.2649962306022644,0.07181774079799652,0.6631860136985779
2025-01,2024-12,泉州,https://www.stats.gov.cn/sj/zxfb/202501/t20250117_1958323.html,0.1,https://www.stats.gov.cn/sj/zxfb/202502/t20250219_1958761.html,-0.006332690123391105,-0.11902218255102587,0.2140415906906128,0.13794580101966858,0.2645057141780853,0.12769916653633118,0.15428172051906586,-0.07270436746063416,0.4000000059604645,0.06740105360539897,0.15508047983983297,0.39376121759414673,0.05220681428909302,0.5540319681167603
2025-01,2024-12,泸州,https://www.stats.gov.cn/sj/zxfb/202501/t20250117_1958323.html,-0.5,https://www.stats.gov.cn/sj/zxfb/202502/t20250219_1958761.html,-0.14554751279362538,-0.20272387383793733,0.05889706313610077,-0.07411660254001617,-0.16276274621486664,0.011144842021167278,-0.05631992220878601,-0.21191919013086843,-0.20000000298023224,-0.12177221894136268,-0.16201193188370563,0.4496164321899414,0.07192754745483398,0.4784560203552246
2025-01,2024-12,洛阳,https://www.stats.gov.cn/sj/zxfb/202501/t20250117_1958323.html,-0.3,https://www.stats.gov.cn/sj/zxfb/202502/t20250219_1958761.html,-0.06681149758041233,-0.1256571349174208,0.12659232318401337,-0.022559691220521927,-0.06437849998474121,0.10437294095754623,-0.091282419860363,-0.13318317491765538,-0.10000000149011612,-0.06069640284607918,-0.08524762254276448,0.41690531373023987,0.08609216660261154,0.497002512216568
2025-01,2024-12,济南,https://www.stats.gov.cn/sj/zxfb/202501/t20250117_1958323.html,-0.2,https://www.stats.gov.cn/sj/zxfb/202502/t20250219_1958761.html,-0.02109179981251541,-0.08203969366999403,0.14661867916584015,0.02522246167063713,-0.04049292579293251,0.004244485404342413,0.23395465314388275,-0.08746347714975847,-0.10000000149011612,-0.013860118310379588,-0.05408033898974582,0.44746971130371094,0.08079121261835098,0.4717390537261963
2025-01,2024-12,济宁,https://www.stats.gov.cn/sj/zxfb/202501/t20250117_1958323.html,-0.2,https://www.stats.gov.cn/sj/zxfb/202502/t20250219_1958761.html,-0.0805505289056308,-0.16461313899784524,0.01706390082836151,-0.12878604233264923,-0.25449827313423157,0.024330219253897667,-0.2992269694805145,-0.14692220624287386,-0.4000000059604645,-0.13634857738915324,-0.2252360848453292,0.4576801359653473,0.09878493845462799,0.4435350000858307
2025-01,2024-12,海口,https://www.stats.gov.cn/sj/zxfb/202501/t20250117_1958323.html,0.4,https://www.stats.gov.cn/sj/zxfb/202502/t20250219_1958761.html,-0.04834991836032548,-0.11996983133238756,-0.044367145746946335,-0.12320220470428467,-0.041520435363054276,-0.03869253396987915,-0.30031388998031616,-0.11472159569756854,-0.5,-0.12221833421176585,-0.2459746001339511,0.42696937918663025,0.08574673533439636,0.4872838854789734
2025-01,2024-12,深圳,https://www.stats.gov.cn/sj/zxfb/202501/t20250117_1958323.html,0.2,https://www.stats.gov.cn/sj/zxfb/202502/t20250219_1958761.html,0.09420831045115383,0.06764971980744672,0.37789618968963623,0.006826354656368494,0.09682455658912659,0.3091851472854614,0.020702406764030457,0.02783663311391077,0.20000000298023224,0.014974003069851523,0.07822099691683716,0.24698659777641296,0.04048818349838257,0.7125252485275269
2025-01,2024-12,温州,https://www.stats.gov.cn/sj/zxfb/202501/t20250117_1958323.html,-0.1,https://www.stats.gov.cn/sj/zxfb/202502/t20250219_1958761.html,-0.27368316605007414,-0.3444350323672659,-0.05460571125149727,-0.18363574147224426,-0.44969940185546875,-0.1100444346666336,0.11710233241319656,-0.3400548433873172,-0.4000000059604645,-0.23810180044811513,-0.3078968636066753,0.6533752679824829,0.0642516165971756,0.28237318992614746
2025-01,2024-12,湛江,https://www.stats.gov.cn/sj/zxfb/202501/t20250117_1958323.html,-0.1,https://www.stats.gov.cn/sj/zxfb/202502/t20250219_1958761.html,-0.2197107279565582,-0.26411034850210113,-0.10770884901285172,-0.24548569321632385,-0.27111876010894775,-0.11081842333078384,-0.060896873474121094,-0.28608240529380125,-0.6000000238418579,-0.2611338457938165,-0.3771893741173276,0.5452890396118164,0.05720088630914688,0.3975101113319397
2025-01,2024-12,烟台,https://www.stats.gov.cn/sj/zxfb/202501/t20250117_1958323.html,-0.4,https://www.stats.gov.cn/sj/zxfb/202502/t20250219_1958761.html,-0.10743781000590114,-0.19278628566684133,-0.09697145968675613,-0.20393642783164978,-0.17466425895690918,-0.10684089362621307,-0.24418063461780548,-0.1738094873431442,-0.30000001192092896,-0.1941441188005149,-0.22591530903190762,0.47898736596107483,0.083155557513237,0.437857061624527
2025-01,2024-12,牡丹江,https://www.stats.gov.cn/sj/zxfb/202501/t20250117_1958323.html,-0.4,https://www.stats.gov.cn/sj/zxfb/202502/t20250219_1958761.html,-0.14771340672582864,-0.22361728456771135,-0.02848883531987667,-0.1453184187412262,-0.16766111552715302,-0.035390809178352356,-0.1565316766500473,-0.2140850840630717,-0.20000000298023224,-0.16905842865463094,-0.18646783526151003,0.5083470344543457,0.09167574346065521,0.3999771475791931
2025-01,2024-12,石家庄,https://www.stats.gov.cn/sj/zxfb/202501/t20250117_1958323.html,-0.1,https://www.stats.gov.cn/sj/zxfb/202502/t20250219_1958761.html,-0.07452512061253205,-0.150159597434537,0.04437899589538574,-0.07774611562490463,-0.17292563617229462,-0.031041491776704788,-0.26399359107017517,-0.1408967979497751,-0.4000000059604645,-0.10092607922988506,-0.2062143065117147,0.4144729673862457,0.07689126580953598,0.5086356997489929
2025-01,2024-12,福州,https://www.stats.gov.cn/sj/zxfb/202501/t20250117_1958323.html,0.2,https://www.stats.gov.cn/sj/zxfb/202502/t20250219_1958761.html,-0.08916390659972001,-0.13808921372890837,0.07231792062520981,-0.033902548253536224,0.0036559675354510546,0.032415565103292465,-0.05009503290057182,-0.15553558393696307,0.10000000149011612,-0.07472454779862273,-0.02981271023346106,0.3903556764125824,0.05503373220562935,0.5546106100082397
2025-01,2024-12,秦皇岛,https://www.stats.gov.cn/sj/zxfb/202501/t20250117_1958323.html,-0.3,https://www.stats.gov.cn/sj/zxfb/202502/t20250219_1958761.html,-0.19473421745198086,-0.29509264157635073,-0.14492984116077423,-0.1324787586927414,-0.28273579478263855,-0.14362461864948273,-0.13533544540405273,-0.2611058947892239,-0.30000001192092896,-0.17721478031523846,-0.23119488846763145,0.4911389946937561,0.09867150336503983,0.41018953919410706
2025-01,2024-12,蚌埠,https://www.stats.gov.cn/sj/zxfb/202501/t20250117_1958323.html,-0.2,https://www.stats.gov.cn/sj/zxfb/202502/t20250219_1958761.html,-0.0864502238183901,-0.16932132777558534,-0.01458712387830019,-0.11816026270389557,-0.02762659452855587,-0.026778528466820717,-0.1138143539428711,-0.15282190115563316,-0.20000000298023224,-0.13040143420590267,-0.15699405561325366,0.44254064559936523,0.10426855087280273,0.45319080352783203
2025-01,2024-12,襄阳,https://www.stats.gov.cn/sj/zxfb/202501/t20250117_1958323.html,-0.2,https://www.stats.gov.cn/sj/zxfb/202502/t20250219_1958761.html,-0.1583605523192399,-0.23089594124909907,-0.017300063744187355,-0.07854952663183212,-0.14238588511943817,-0.04222673922777176,-0.14368928968906403,-0.22473222965648296,-0.20000000298023224,-0.12904193361495592,-0.1677605864228491,0.5007948875427246,0.0818382054567337,0.4173669219017029
2025-01,2024-12,西宁,https://www.stats.gov.cn/sj/zxfb/202501/t20250117_1958323.html,-0.3,https://www.stats.gov.cn/sj/zxfb/202502/t20250219_1958761.html,-0.3146593268088387,-0.41271590152496584,-0.1582949161529541,-0.33339518308639526,-0.3255420923233032,-0.16806542873382568,-0.5117831826210022,-0.38103100414608176,-0.699999988079071,-0.3515063242980149,-0.47147539177051606,0.7118065357208252,0.08286464959383011,0.2053287774324417
2025-01,2024-12,西安,https://www.stats.gov.cn/sj/zxfb/202501/t20250117_1958323.html,-0.4,https://www.stats.gov.cn/sj/zxfb/202502/t20250219_1958761.html,0.021950244004098368,-0.03471211115041749,0.03463345393538475,-0.07673543691635132,0.033612191677093506,0.01587737165391445,-0.10010099411010742,-0.04442143333314469,-0.30000001192092896,-0.06684158797342499,-0.14038562739014165,0.3790457248687744,0.11197453737258911,0.5089797973632812
2025-01,2024-12,贵阳,https://www.stats.gov.cn/sj/zxfb/202501/t20250117_1958323.html,-0.2,https://www.stats.gov.cn/sj/zxfb/202502/t20250219_1958761.html,0.013892918770259416,-0.059619332099678235,0.08031932264566422,0.003608045633882284,-0.08413559198379517,0.03204009681940079,-0.026414820924401283,-0.05247875856698364,-0.10000000149011612,-0.016053620732130996,-0.049623571474405825,0.35271957516670227,0.0921819806098938,0.5550984740257263
2025-01,2024-12,赣州,https://www.stats.gov.cn/sj/zxfb/202501/t20250117_1958323.html,0.2,https://www.stats.gov.cn/sj/zxfb/202502/t20250219_1958761.html,0.22765138159886475,0.1312691225945775,0.37345555424690247,0.2243536412715912,0.15310430526733398,0.32202380895614624,0.3885782063007355,0.1612797042616217,0.30000001192092896,0.20321648852780513,0.22854445248471392,0.2312750369310379,0.05412086099386215,0.7146040797233582
2025-01,2024-12,遵义,https://www.stats.gov.cn/sj/zxfb/202501/t20250117_1958323.html,0.1,https://www.stats.gov.cn/sj/zxfb/202502/t20250219_1958761.html,-0.01330906902516682,-0.09911626415970487,0.07037219405174255,-0.05495874211192131,-0.04341764375567436,0.03703324496746063,-0.06816951185464859,-0.07968074636240988,-0.10000000149011612,-0.06362205457737156,-0.07821316332148244,0.4145888388156891,0.09446020424365997,0.49095097184181213
2025-01,2024-12,郑州,https://www.stats.gov.cn/sj/zxfb/202501/t20250117_1958323.html,0.3,https://www.stats.gov.cn/sj/zxfb/202502/t20250219_1958761.html,0.07017355713603832,-0.007894391598350321,0.16853658854961395,0.05070300027728081,0.15663428604602814,0.2208804339170456,-0.016283849254250526,0.00380187979879526,0.4000000059604645,0.03647084682853884,0.15150162867884684,0.33111685514450073,0.060356903821229935,0.6085262894630432
2025-01,2024-12,重庆,https://www.stats.gov.cn/sj/zxfb/202501/t20250117_1958323.html,0.4,https://www.stats.gov.cn/sj/zxfb/202502/t20250219_1958761.html,0.0203397464559833,-0.033659045817853506,0.20763655006885529,-0.045965526252985,-0.17646457254886627,0.15671777725219727,0.017978021875023842,-0.04603193088125976,-0.30000001192092896,-0.04727567287789343,-0.13066582301839125,0.3695562779903412,0.04914921894669533,0.5812944769859314
2025-01,2024-12,金华,https://www.stats.gov.cn/sj/zxfb/202501/t20250117_1958323.html,0.0,https://www.stats.gov.cn/sj/zxfb/202502/t20250219_1958761.html,-0.2624577392123182,-0.2987258908370367,0.019853860139846802,-0.11797531694173813,-0.2612849473953247,-0.03898752108216286,-0.11610245704650879,-0.3288294165495612,-0.20000000298023224,-0.19033349464892063,-0.21560157882384387,0.5633538961410522,0.06359243392944336,0.3730536103248596
2025-01,2024-12,银川,https://www.stats.gov.cn/sj/zxfb/202501/t20250117_1958323.html,-0.2,https://www.stats.gov.cn/sj/zxfb/202502/t20250219_1958761.html,0.15226486775952994,0.04126442755091744,0.09440219402313232,-0.005615866277366877,-0.03448027744889259,0.08551985025405884,0.01671876385807991,0.08589319042228688,0.0,0.02563507111410555,0.026759108048306668,0.28626492619514465,0.08903450518846512,0.624700665473938
2025-01,2024-12,锦州,https://www.stats.gov.cn/sj/zxfb/202501/t20250117_1958323.html,-0.5,https://www.stats.gov.cn/sj/zxfb/202502/t20250219_1958761.html,-0.09739469374625859,-0.175417102981093,-0.006825387477874756,-0.0930996984243393,-0.20100551843643188,-0.023575618863105774,-0.13767597079277039,-0.16376637108350164,-0.4000000059604645,-0.11876626930291934,-0.21895535848943515,0.4592312276363373,0.0863938108086586,0.45437493920326233
2025-01,2024-12,长春,https://www.stats.gov.cn/sj/zxfb/202501/t20250117_1958323.html,-0.2,https://www.stats.gov.cn/sj/zxfb/202502/t20250219_1958761.html,-0.12600394256209982,-0.18442577589169118,0.0005341569776646793,-0.16623517870903015,-0.27205947041511536,-0.001200839877128601,-0.23444139957427979,-0.19237561989934288,-0.5,-0.17684575518943751,-0.28620359953612434,0.46742120385169983,0.08720120042562485,0.4453776478767395
2025-01,2024-12,长沙,https://www.stats.gov.cn/sj/zxfb/202501/t20250117_1958323.html,0.0,https://www.stats.gov.cn/sj/zxfb/202502/t20250219_1958761.html,0.06212292719368809,-0.028857828365590754,0.1346883773803711,0.08825109899044037,0.1406022310256958,0.08083538711071014,0.11646353453397751,-0.004248750143554969,0.10000000149011612,0.05675011529292711,0.061334116779000504,0.35594794154167175,0.06970338523387909,0.5743486285209656
2025-01,2024-12,青岛,https://www.stats.gov.cn/sj/zxfb/202501/t20250117_1958323.html,0.1,https://www.stats.gov.cn/sj/zxfb/202502/t20250219_1958761.html,0.11988988166501849,0.045234551418489866,0.12108397483825684,0.032815538346767426,0.16231991350650787,0.15234261751174927,0.0796751081943512,0.05351820432777543,0.30000001192092896,0.04123333013702908,0.1287779181984906,0.2864699065685272,0.05985376983880997,0.6536762714385986
2025-01,2024-12,韶关,https://www.stats.gov.cn/sj/zxfb/202501/t20250117_1958323.html,-0.3,https://www.stats.gov.cn/sj/zxfb/202502/t20250219_1958761.html,-0.28219136752401563,-0.3461427709900263,-0.14663605391979218,-0.27490609884262085,-0.5677759647369385,-0.15730461478233337,-0.400836318731308,-0.3485630448612587,-0.6000000238418579,-0.3016851457584746,-0.40782305584857914,0.63966965675354,0.08118947595357895,0.2791408896446228
2025-02,2025-01,三亚,https://www.stats.gov.cn/sj/zxfb/202502/t20250219_1958761.html,-0.1,https://www.stats.gov.cn/sj/zxfb/202503/t20250317_1959009.html,0.12962342152704576,0.0955207793315625,0.06191610172390938,0.057389210909605026,0.053628284484148026,0.11658797413110733,0.09917668253183365,0.09032066005685341,0.20000000298023224,0.07717931225930641,0.11590329131556355,0.2418864518404007,0.08732102066278458,0.6707925200462341
2025-02,2025-01,上海,https://www.stats.gov.cn/sj/zxfb/202502/t20250219_1958761.html,0.2,https://www.stats.gov.cn/sj/zxfb/202503/t20250317_1959009.html,0.5043881932731158,0.49242101891835505,0.607151210308075,0.5298003554344177,0.6652333736419678,0.5799916982650757,0.5625366568565369,0.46508543180292344,0.6000000238418579,0.5019875021309359,0.5316286036930663,0.0625879317522049,0.014517170377075672,0.9228949546813965
2025-02,2025-01,丹东,https://www.stats.gov.cn/sj/zxfb/202502/t20250219_1958761.html,-0.4,https://www.stats.gov.cn/sj/zxfb/202503/t20250317_1959009.html,-0.2788406939372134,-0.2910715327438039,-0.29550930857658386,-0.28848010301589966,-0.28936755657196045,-0.2547532916069031,-0.41902709007263184,-0.31814345540740574,-0.6000000238418579,-0.3120926999997201,-0.4022078607550544,0.5986629724502563,0.0842486321926117,0.3170883059501648
2025-02,2025-01,乌鲁木齐,https://www.stats.gov.cn/sj/zxfb/202502/t20250219_1958761.html,-0.1,https://www.stats.gov.cn/sj/zxfb/202503/t20250317_1959009.html,-0.022125198559272523,-0.0662786647854611,-0.05935938283801079,-0.131250262260437,-0.24492807686328888,-0.09518942981958389,-0.21178893744945526,-0.06142796002946488,-0.4000000059604645,-0.10734329107972121,-0.19755940941678882,0.4016970694065094,0.09762699902057648,0.5006758570671082
2025-02,2025-01,九江,https://www.stats.gov.cn/sj/zxfb/202502/t20250219_1958761.html,0.0,https://www.stats.gov.cn/sj/zxfb/202503/t20250317_1959009.html,-0.22627166595839154,-0.29169202912923997,-0.20180164277553558,-0.20084373652935028,-0.15292797982692719,-0.21945810317993164,-0.21815963089466095,-0.2655744274285839,-0.4000000059604645,-0.2371780591720464,-0.2888060566394662,0.5759264826774597,0.09109475463628769,0.3329787254333496
2025-02,2025-01,兰州,https://www.stats.gov.cn/sj/zxfb/202502/t20250219_1958761.html,-0.2,https://www.stats.gov.cn/sj/zxfb/202503/t20250317_1959009.html,-0.106610960391881,-0.130263786134193,0.024384787306189537,-0.10885465145111084,-0.1484500616788864,0.007936718873679638,-0.14701299369335175,-0.14591372186207335,0.0,-0.12261158365071823,-0.08492279110439473,0.4354833662509918,0.07730187475681305,0.48721474409103394
2025-02,2025-01,包头,https://www.stats.gov.cn/sj/zxfb/202502/t20250219_1958761.html,-0.4,https://www.stats.gov.cn/sj/zxfb/202503/t20250317_1959009.html,-0.16564490713512026,-0.1950124329776467,-0.1207730770111084,-0.177513986825943,-0.18007445335388184,-0.13981838524341583,-0.13729162514209747,-0.2049476686053126,-0.10000000149011612,-0.1877947867002246,-0.16082055230712392,0.3926423192024231,0.12177471816539764,0.48558297753334045
2025-02,2025-01,北京,https://www.stats.gov.cn/sj/zxfb/202502/t20250219_1958761.html,0.1,https://www.stats.gov.cn/sj/zxfb/202503/t20250317_1959009.html,-0.015669025814985908,-0.06170291435491238,-0.027166254818439484,-0.03816349059343338,-0.16914744675159454,-0.007131810300052166,-0.22256238758563995,-0.054971787285178264,-0.4000000059604645,-0.05740100135700696,-0.1643784279463587,0.5562334060668945,0.07985998690128326,0.363906592130661
2025-02,2025-01,北海,https://www.stats.gov.cn/sj/zxfb/202502/t20250219_1958761.html,-0.3,https://www.stats.gov.cn/sj/zxfb/202503/t20250317_1959009.html,-0.27651989695076995,-0.3046230887274025,-0.24471943080425262,-0.21804341673851013,-0.3731857240200043,-0.23288412392139435,-0.31999471783638,-0.3158226584209623,-0.6000000238418579,-0.27549254664940687,-0.37795536633377674,0.6001673936843872,0.10965199768543243,0.29018062353134155
2025-02,2025-01,南京,https://www.stats.gov.cn/sj/zxfb/202502/t20250219_1958761.html,0.5,https://www.stats.gov.cn/sj/zxfb/202503/t20250317_1959009.html,0.2754618016724236,0.25186263202347986,0.3970755636692047,0.27909767627716064,0.5742499232292175,0.33038264513015747,0.2197897881269455,0.23615904020223127,0.699999988079071,0.2724758616699876,0.4050855681861543,0.1475832611322403,0.04220101982355118,0.8102157711982727
2025-02,2025-01,南充,https://www.stats.gov.cn/sj/zxfb/202502/t20250219_1958761.html,-0.2,https://www.stats.gov.cn/sj/zxfb/202503/t20250317_1959009.html,-0.005275710896631307,-0.04667098339676445,-0.06333932280540466,-0.11330516636371613,-0.2639385163784027,-0.028580212965607643,-0.09330683201551437,-0.04457847236682366,-0.30000001192092896,-0.08731292886815971,-0.1526278835504896,0.4210889935493469,0.08878761529922485,0.49012336134910583
2025-02,2025-01,南宁,https://www.stats.gov.cn/sj/zxfb/202502/t20250219_1958761.html,0.1,https://www.stats.gov.cn/sj/zxfb/202503/t20250317_1959009.html,-0.014095645884247048,-0.02680153848157815,0.038092367351055145,-0.06655636429786682,-0.06895778328180313,0.03412162512540817,-0.05783773586153984,-0.0533984073544394,0.10000000149011612,-0.0551855105415235,-0.006651590054063368,0.3342391848564148,0.09538740664720535,0.5703734159469604
2025-02,2025-01,南昌,https://www.stats.gov.cn/sj/zxfb/202502/t20250219_1958761.html,0.3,https://www.stats.gov.cn/sj/zxfb/202503/t20250317_1959009.html,-0.10123460968262549,-0.1514396939198259,-0.12143894284963608,-0.1866912841796875,-0.3368808329105377,-0.12716200947761536,-0.2058579921722412,-0.14053737115281784,-0.30000001192092896,-0.16885456029291285,-0.20907622241781143,0.45705491304397583,0.11603598296642303,0.42690905928611755
2025-02,2025-01,厦门,https://www.stats.gov.cn/sj/zxfb/202502/t20250219_1958761.html,0.2,https://www.stats.gov.cn/sj/zxfb/202503/t20250317_1959009.html,0.08602796807355478,0.029652867563490493,0.18460166454315186,0.0550348274409771,-0.08093144744634628,0.14070501923561096,0.17523200809955597,0.046725206603362435,0.10000000149011612,0.05259995569262864,0.06725334517815189,0.30637162923812866,0.05931544303894043,0.6343129277229309
2025-02,2025-01,合肥,https://www.stats.gov.cn/sj/zxfb/202502/t20250219_1958761.html,0.2,https://www.stats.gov.cn/sj/zxfb/202503/t20250317_1959009.html,-0.027530908362858257,-0.08445977168514106,-0.05388103798031807,-0.088330939412117,-0.17836101353168488,-0.10512319952249527,-0.06556177884340286,-0.06683366983305061,-0.10000000149011612,-0.07872369822092984,-0.08505487024509457,0.4152762293815613,0.10871078073978424,0.4760129451751709
2025-02,2025-01,吉林,https://www.stats.gov.cn/sj/zxfb/202502/t20250219_1958761.html,-0.4,https://www.stats.gov.cn/sj/zxfb/202503/t20250317_1959009.html,-0.15443072018856138,-0.1826432000211055,-0.14696945250034332,-0.1511836051940918,-0.3638502061367035,-0.12509256601333618,-0.1337854415178299,-0.19373348165875373,-0.30000001192092896,-0.17563341998805782,-0.21497236625792482,0.4949455261230469,0.1168271154165268,0.38822734355926514
2025-02,2025-01,呼和浩特,https://www.stats.gov.cn/sj/zxfb/202502/t20250219_1958761.html,-0.6,https://www.stats.gov.cn/sj/zxfb/202503/t20250317_1959009.html,-0.3692322631677819,-0.3940767685429955,-0.32739564776420593,-0.3341232240200043,-0.40191590785980225,-0.34569185972213745,-0.39059701561927795,-0.40853502463797425,-0.6000000238418579,-0.3770591827587293,-0.44755275749994544,0.7141615152359009,0.09152372926473618,0.19431473314762115
2025-02,2025-01,哈尔滨,https://www.stats.gov.cn/sj/zxfb/202502/t20250219_1958761.html,0.3,https://www.stats.gov.cn/sj/zxfb/202503/t20250317_1959009.html,-0.148571531415974,-0.19305166349316996,-0.13936041295528412,-0.1341472566127777,-0.175153449177742,-0.11995772272348404,-0.14189274609088898,-0.18787429288616636,-0.10000000149011612,-0.15800062707405443,-0.14067385032968674,0.49382463097572327,0.13260245323181152,0.3735729455947876
2025-02,2025-01,唐山,https://www.stats.gov.cn/sj/zxfb/202502/t20250219_1958761.html,-0.5,https://www.stats.gov.cn/sj/zxfb/202503/t20250317_1959009.html,-0.16427190020379123,-0.20935376600743047,-0.1071077287197113,-0.1534692347049713,-0.2661074995994568,-0.13359740376472473,-0.15381121635437012,-0.20357466167398358,-0.20000000298023224,-0.17819212525489597,-0.1856812997863957,0.5661980509757996,0.11062407493591309,0.32317787408828735
2025-02,2025-01,大理,https://www.stats.gov.cn/sj/zxfb/202502/t20250219_1958761.html,-0.2,https://www.stats.gov.cn/sj/zxfb/202503/t20250317_1959009.html,-0.14290836551611585,-0.17819790940504152,-0.2101246565580368,-0.19682767987251282,-0.36473631858825684,-0.12729135155677795,-0.13319586217403412,-0.1822111269863082,-0.30000001192092896,-0.1933058804041539,-0.22634627292658335,0.45525676012039185,0.10299037396907806,0.4417528510093689
2025-02,2025-01,大连,https://www.stats.gov.cn/sj/zxfb/202502/t20250219_1958761.html,0.3,https://www.stats.gov.cn/sj/zxfb/202503/t20250317_1959009.html,-0.05246183187112826,-0.08519815119291249,-0.02355566807091236,-0.02026720717549324,0.05388113856315613,-0.024058319628238678,0.037875574082136154,-0.09176459334132062,0.20000000298023224,-0.046484022085247045,0.029322734154472795,0.31945130228996277,0.07272905856370926,0.607819676399231
2025-02,2025-01,天津,https://www.stats.gov.cn/sj/zxfb/202502/t20250219_1958761.html,-0.3,https://www.stats.gov.cn/sj/zxfb/202503/t20250317_1959009.html,0.1938807217327363,0.16964104770512106,0.2582365572452545,0.13050897419452667,0.16492782533168793,0.2481044977903366,0.28117087483406067,0.15457796026254395,0.30000001192092896,0.1470359981412874,0.19502898212599984,0.22448568046092987,0.05307386443018913,0.7224404215812683
2025-02,2025-01,太原,https://www.stats.gov.cn/sj/zxfb/202502/t20250219_1958761.html,0.1,https://www.stats.gov.cn/sj/zxfb/202503/t20250317_1959009.html,0.12324954365877971,0.09384501871387838,0.20187731087207794,0.2047925740480423,0.255916029214859,0.23757830262184143,0.22075378894805908,0.08394678218858737,0.30000001192092896,0.1517219275618476,0.19624645605251953,0.172970712184906,0.06457449495792389,0.7624547481536865
2025-02,2025-01,宁波,https://www.stats.gov.cn/sj/zxfb/202502/t20250219_1958761.html,0.3,https://www.stats.gov.cn/sj/zxfb/202503/t20250317_1959009.html,0.26240719537922147,0.23133735835418734,0.26254794001579285,0.2526470720767975,0.4927266538143158,0.3286113142967224,0.12794724106788635,0.22310443390902912,0.6000000238418579,0.24991700364328567,0.3585838432758948,0.1917250156402588,0.0533609613776207,0.7549139857292175
2025-02,2025-01,安庆,https://www.stats.gov.cn/sj/zxfb/202502/t20250219_1958761.html,-0.2,https://www.stats.gov.cn/sj/zxfb/202503/t20250317_1959009.html,-0.12595812574696194,-0.190037076731549,-0.1345103681087494,-0.10874428600072861,-0.28552982211112976,-0.10986951738595963,-0.1636064052581787,-0.1652608872171543,-0.10000000149011612,-0.13469516103060436,-0.124668391569333,0.4692464768886566,0.14533400535583496,0.3854195177555084
2025-02,2025-01,宜昌,https://www.stats.gov.cn/sj/zxfb/202502/t20250219_1958761.html,0.1,https://www.stats.gov.cn/sj/zxfb/202503/t20250317_1959009.html,-0.08374117394170066,-0.09204445215437161,-0.04740612581372261,-0.15785177052021027,-0.28538286685943604,-0.053395070135593414,-0.11222546547651291,-0.12304393541189301,-0.10000000149011612,-0.1398700807541468,-0.12696523580740646,0.3570043444633484,0.09304819256067276,0.5499474406242371
2025-02,2025-01,岳阳,https://www.stats.gov.cn/sj/zxfb/202502/t20250219_1958761.html,-0.4,https://www.stats.gov.cn/sj/zxfb/202503/t20250317_1959009.html,-0.18780051110045723,-0.22737594130565195,-0.15265433490276337,-0.19850778579711914,-0.33341073989868164,-0.1300731599330902,-0.20578046143054962,-0.22710327257064958,-0.20000000298023224,-0.2118250672983331,-0.20853702044933364,0.45313769578933716,0.12266238033771515,0.4241998791694641
2025-02,2025-01,常德,https://www.stats.gov.cn/sj/zxfb/202502/t20250219_1958761.html,0.1,https://www.stats.gov.cn/sj/zxfb/202503/t20250317_1959009.html,-0.22077326682181125,-0.26567065810490387,-0.12709201872348785,-0.1883808672428131,-0.21690885722637177,-0.19040553271770477,-0.17735172808170319,-0.2600760282920036,-0.30000001192092896,-0.22518015716791318,-0.24948563581858188,0.5710152983665466,0.1137935072183609,0.3151911795139313
2025-02,2025-01,平顶山,https://www.stats.gov.cn/sj/zxfb/202502/t20250219_1958761.html,0.0,https://www.stats.gov.cn/sj/zxfb/202503/t20250317_1959009.html,0.08614507847935365,0.05344623424838566,0.13859714567661285,0.05920039489865303,0.0743657648563385,0.10054682195186615,0.0006169155240058899,0.046842317009161305,0.10000000149011612,0.05475511248340295,0.06868090446597681,0.22589167952537537,0.06702045351266861,0.7070878744125366
2025-02,2025-01,广州,https://www.stats.gov.cn/sj/zxfb/202502/t20250219_1958761.html,-0.2,https://www.stats.gov.cn/sj/zxfb/202503/t20250317_1959009.html,-0.03392430348313768,-0.07903308640344711,-0.03375734016299248,-0.05676902085542679,-0.12189147621393204,-0.03174855560064316,-0.027407830581068993,-0.07322706495333003,0.0,-0.06261216478829054,-0.04333202860291894,0.3606070876121521,0.12025520950555801,0.5191376805305481
2025-02,2025-01,徐州,https://www.stats.gov.cn/sj/zxfb/202502/t20250219_1958761.html,-0.4,https://www.stats.gov.cn/sj/zxfb/202503/t20250317_1959009.html,-0.2072332927165284,-0.2266073198523665,-0.08407288044691086,-0.15533621609210968,-0.12315448373556137,-0.1360168159008026,-0.1529429405927658,-0.24653605418672075,-0.4000000059604645,-0.20539235712610743,-0.26729075874643166,0.5080533027648926,0.10488013178110123,0.3870665431022644
2025-02,2025-01,惠州,https://www.stats.gov.cn/sj/zxfb/202502/t20250219_1958761.html,-0.2,https://www.stats.gov.cn/sj/zxfb/202503/t20250317_1959009.html,-0.10071085172933991,-0.1166992193073319,-0.027377285063266754,-0.06694477051496506,0.030710071325302124,-0.036539167165756226,-0.09036972373723984,-0.14001361319953226,0.20000000298023224,-0.09241539554284181,-0.0023194602447550263,0.3411654233932495,0.08831468224525452,0.5705198645591736
2025-02,2025-01,成都,https://www.stats.gov.cn/sj/zxfb/202502/t20250219_1958761.html,0.3,https://www.stats.gov.cn/sj/zxfb/202503/t20250317_1959009.html,0.49136211099269933,0.4461381132400209,0.5479529500007629,0.36834916472435,0.4268587529659271,0.4958387315273285,0.37678638100624084,0.452059349522507,0.699999988079071,0.4176792322966304,0.5068028341086427,0.13619211316108704,0.033542342483997345,0.8302656412124634
2025-02,2025-01,扬州,https://www.stats.gov.cn/sj/zxfb/202502/t20250219_1958761.html,-0.1,https://www.stats.gov.cn/sj/zxfb/202503/t20250317_1959009.html,-0.3268301783314614,-0.3323507672002632,-0.1744907945394516,-0.2127683460712433,-0.23711998760700226,-0.2659599781036377,-0.19357852637767792,-0.36613293980165373,-0.5,-0.29301840387853556,-0.35963376195763236,0.6706452965736389,0.09634196758270264,0.23301279544830322
2025-02,2025-01,无锡,https://www.stats.gov.cn/sj/zxfb/202502/t20250219_1958761.html,-0.8,https://www.stats.gov.cn/sj/zxfb/202503/t20250317_1959009.html,0.17551153639133665,0.12831432688812314,0.10177386552095413,0.09312155097723007,0.41279712319374084,0.109001025557518,0.18361838161945343,0.1362087749211443,0.5,0.1259778891817584,0.24311010863279145,0.2180747091770172,0.0643884539604187,0.7175368070602417
2025-02,2025-01,昆明,https://www.stats.gov.cn/sj/zxfb/202502/t20250219_1958761.html,-0.1,https://www.stats.gov.cn/sj/zxfb/202503/t20250317_1959009.html,-0.28714895684701985,-0.28168029341375905,-0.19548296928405762,-0.21819636225700378,-0.4210992753505707,-0.1889294981956482,-0.2172335386276245,-0.3264517183172122,-0.30000001192092896,-0.2710194469740328,-0.28154936416504833,0.5987313985824585,0.09870176762342453,0.3025668263435364
2025-02,2025-01,杭州,https://www.stats.gov.cn/sj/zxfb/202502/t20250219_1958761.html,-0.1,https://www.stats.gov.cn/sj/zxfb/202503/t20250317_1959009.html,0.26749165958542964,0.22670511802606336,0.2240619659423828,0.12216482311487198,0.22027045488357544,0.238846093416214,0.127717524766922,0.2281888981152373,0.30000001192092896,0.1769879419845693,0.21678457771701276,0.2603779435157776,0.06765027344226837,0.6719717383384705
2025-02,2025-01,桂林,https://www.stats.gov.cn/sj/zxfb/202502/t20250219_1958761.html,-0.3,https://www.stats.gov.cn/sj/zxfb/202503/t20250317_1959009.html,-0.0998744736387599,-0.149119738921931,-0.09093737602233887,-0.12206064164638519,-0.29154232144355774,-0.07561257481575012,-0.15556199848651886,-0.13917723510895225,-0.20000000298023224,-0.13246743162273167,-0.15374595991185655,0.3968513309955597,0.13302302360534668,0.4701257348060608
2025-02,2025-01,武汉,https://www.stats.gov.cn/sj/zxfb/202502/t20250219_1958761.html,-0.3,https://www.stats.gov.cn/sj/zxfb/202503/t20250317_1959009.html,0.16877763529572298,0.14333979851728923,0.36771881580352783,0.2552977204322815,0.25583207607269287,0.3878536820411682,0.14957134425640106,0.12947487382553063,0.5,0.20464283303698153,0.2949241980859374,0.2623705565929413,0.05909964442253113,0.6785297393798828
2025-02,2025-01,沈阳,https://www.stats.gov.cn/sj/zxfb/202502/t20250219_1958761.html,0.2,https://www.stats.gov.cn/sj/zxfb/202503/t20250317_1959009.html,-0.06360439104160123,-0.1085843889351366,-0.03914865106344223,-0.11266721785068512,-0.20654161274433136,-0.038402922451496124,-0.13318873941898346,-0.10290715251179358,-0.20000000298023224,-0.11089845864135131,-0.138524791114237,0.368814080953598,0.111399807035923,0.5197860598564148
2025-02,2025-01,泉州,https://www.stats.gov.cn/sj/zxfb/202502/t20250219_1958761.html,0.2,https://www.stats.gov.cn/sj/zxfb/202503/t20250317_1959009.html,0.010225686700275523,-0.049472984681955066,0.025814399123191833,-0.0006156444433145225,-0.04388764500617981,0.0325436107814312,0.19496862590312958,-0.029077074769916833,0.10000000149011612,-0.010643157320668369,0.023435760758961588,0.36479315161705017,0.08001136779785156,0.5551954507827759
2025-02,2025-01,泸州,https://www.stats.gov.cn/sj/zxfb/202502/t20250219_1958761.html,-0.4,https://www.stats.gov.cn/sj/zxfb/202503/t20250317_1959009.html,-0.2606787073367886,-0.27301950310474293,-0.22122691571712494,-0.2570229172706604,-0.4631461203098297,-0.18247172236442566,-0.2513331472873688,-0.29998146880698096,-0.5,-0.2846387360783913,-0.3523347953592138,0.5214391946792603,0.09462212026119232,0.38393867015838623
2025-02,2025-01,洛阳,https://www.stats.gov.cn/sj/zxfb/202502/t20250219_1958761.html,-0.1,https://www.stats.gov.cn/sj/zxfb/202503/t20250317_1959009.html,-0.12287769797790338,-0.1679809734713634,-0.12619231641292572,-0.12468795478343964,-0.304645299911499,-0.1074020117521286,-0.16901306807994843,-0.16218045944809573,-0.30000001192092896,-0.14762833828559585,-0.19562280871748813,0.46116018295288086,0.11238910257816315,0.4264506697654724
2025-02,2025-01,济南,https://www.stats.gov.cn/sj/zxfb/202502/t20250219_1958761.html,0.3,https://www.stats.gov.cn/sj/zxfb/202503/t20250317_1959009.html,-0.011413040359901337,-0.033908788476997256,-0.0007443701033480465,-0.0284586101770401,-0.24025394022464752,-0.013440608978271484,0.1071881353855133,-0.05071580183009369,-0.20000000298023224,-0.04420965726673489,-0.09305813832912202,0.42175841331481934,0.0948403850197792,0.4834011495113373
2025-02,2025-01,济宁,https://www.stats.gov.cn/sj/zxfb/202502/t20250219_1958761.html,-0.3,https://www.stats.gov.cn/sj/zxfb/202503/t20250317_1959009.html,-0.11333277240765116,-0.16196279561914198,-0.1286696046590805,-0.11602574586868286,-0.17505504190921783,-0.10452508926391602,-0.2093610316514969,-0.1526355338778435,-0.20000000298023224,-0.13566936922534023,-0.1562204275755862,0.4533465802669525,0.11665825545787811,0.4299951493740082
2025-02,2025-01,海口,https://www.stats.gov.cn/sj/zxfb/202502/t20250219_1958761.html,0.0,https://www.stats.gov.cn/sj/zxfb/202503/t20250317_1959009.html,0.11643512913593657,0.08728351660846637,0.18704505264759064,0.15047702193260193,0.44549238681793213,0.14962974190711975,0.15439577400684357,0.07713236766574422,0.4000000059604645,0.12432771234537696,0.2092031318529369,0.28341594338417053,0.06991251558065414,0.6466715931892395
2025-02,2025-01,深圳,https://www.stats.gov.cn/sj/zxfb/202502/t20250219_1958761.html,0.4,https://www.stats.gov.cn/sj/zxfb/202503/t20250317_1959009.html,0.18710709935866682,0.1123523690397249,0.1949826031923294,0.08434818685054779,0.10232269763946533,0.2268085479736328,0.12400420755147934,0.14780433788847447,0.20000000298023224,0.11745152520809322,0.14405084257308484,0.293617308139801,0.07052350044250488,0.6358591914176941
2025-02,2025-01,温州,https://www.stats.gov.cn/sj/zxfb/202502/t20250219_1958761.html,0.0,https://www.stats.gov.cn/sj/zxfb/202503/t20250317_1959009.html,-0.09565255335992812,-0.16450548904930842,0.015527891926467419,-0.043178342282772064,-0.34794172644615173,-0.09440965950489044,0.20623435080051422,-0.13495531483012047,-0.10000000149011612,-0.08756475214656319,-0.09271121953433621,0.46235746145248413,0.10087060928344727,0.4367719292640686
2025-02,2025-01,湛江,https://www.stats.gov.cn/sj/zxfb/202502/t20250219_1958761.html,-0.5,https://www.stats.gov.cn/sj/zxfb/202503/t20250317_1959009.html,-0.1284316360413387,-0.18554821778857664,-0.027486292645335197,-0.08715933561325073,-0.06198566034436226,-0.09220658987760544,-0.0938425287604332,-0.16773439751153105,-0.10000000149011612,-0.12495714243215561,-0.11829791153829931,0.45407241582870483,0.09079067409038544,0.45513686537742615
2025-02,2025-01,烟台,https://www.stats.gov.cn/sj/zxfb/202502/t20250219_1958761.html,-0.6,https://www.stats.gov.cn/sj/zxfb/202503/t20250317_1959009.html,-0.1589872987742268,-0.2189586928156571,-0.24389082193374634,-0.2364116609096527,-0.27576664090156555,-0.19708511233329773,-0.31306353211402893,-0.19829006024441914,-0.4000000059604645,-0.22389174117983873,-0.27823390903817874,0.5493114590644836,0.11443837732076645,0.33625009655952454
2025-02,2025-01,牡丹江,https://www.stats.gov.cn/sj/zxfb/202502/t20250219_1958761.html,-0.2,https://www.stats.gov.cn/sj/zxfb/202503/t20250317_1959009.html,-0.1643947056448986,-0.22894782979650138,-0.18362809717655182,-0.19257128238677979,-0.33439335227012634,-0.1993454396724701,-0.2189299613237381,-0.20369746711509096,-0.4000000059604645,-0.20429121196534233,-0.2654229184874451,0.5420441627502441,0.11822539567947388,0.339730441570282
2025-02,2025-01,石家庄,https://www.stats.gov.cn/sj/zxfb/202502/t20250219_1958761.html,-0.3,https://www.stats.gov.cn/sj/zxfb/202503/t20250317_1959009.html,-0.07783158011462032,-0.1063740000536115,-0.06802075356245041,-0.06670162826776505,0.0017203030874952674,-0.057374030351638794,-0.06619173288345337,-0.11713434158481267,-0.10000000149011612,-0.09115813364355607,-0.09461199044756462,0.35760265588760376,0.09976650774478912,0.5426308512687683
2025-02,2025-01,福州,https://www.stats.gov.cn/sj/zxfb/202502/t20250219_1958761.html,-0.1,https://www.stats.gov.cn/sj/zxfb/202503/t20250317_1959009.html,0.01942744224315871,-0.02710345806935686,0.046495240181684494,0.05146096274256706,-0.08159110695123672,0.05048886686563492,0.06604631245136261,-0.019875319227033644,0.20000000298023224,0.023051633206939877,0.07719521549858856,0.35266515612602234,0.09659341722726822,0.5507414937019348
2025-02,2025-01,秦皇岛,https://www.stats.gov.cn/sj/zxfb/202502/t20250219_1958761.html,-0.2,https://www.stats.gov.cn/sj/zxfb/202503/t20250317_1959009.html,-0.24209847813891106,-0.2773051680814182,-0.29003867506980896,-0.27652257680892944,-0.28520694375038147,-0.228892520070076,-0.25610122084617615,-0.2814012396091034,-0.30000001192092896,-0.2795286900211473,-0.28597460944632064,0.49188119173049927,0.11776648461818695,0.3903522789478302
2025-02,2025-01,蚌埠,https://www.stats.gov.cn/sj/zxfb/202502/t20250219_1958761.html,-0.3,https://www.stats.gov.cn/sj/zxfb/202503/t20250317_1959009.html,-0.094933440633438,-0.1459636063423472,-0.16260536015033722,-0.14499756693840027,-0.14182595908641815,-0.13200244307518005,-0.13172169029712677,-0.13423620210363035,-0.20000000298023224,-0.1417422017990525,-0.1597445906740876,0.45061832666397095,0.12963810563087463,0.4197435975074768
2025-02,2025-01,襄阳,https://www.stats.gov.cn/sj/zxfb/202502/t20250219_1958761.html,-0.1,https://www.stats.gov.cn/sj/zxfb/202503/t20250317_1959009.html,-0.20718522264812195,-0.23058028224460003,-0.1242961511015892,-0.183685302734375,-0.2141987532377243,-0.16273653507232666,-0.19755785167217255,-0.2464879841183143,-0.20000000298023224,-0.21334541328188555,-0.2100577632776405,0.5066319108009338,0.1057855486869812,0.38758254051208496
2025-02,2025-01,西宁,https://www.stats.gov.cn/sj/zxfb/202502/t20250219_1958761.html,-0.1,https://www.stats.gov.cn/sj/zxfb/202503/t20250317_1959009.html,-0.22712009938293692,-0.29057841325909395,-0.24716393649578094,-0.22902174293994904,-0.2603969871997833,-0.24190834164619446,-0.24387280642986298,-0.2664228608531293,-0.30000001192092896,-0.24862179932459616,-0.2651482052380024,0.5276528596878052,0.126243457198143,0.3461036682128906
2025-02,2025-01,西安,https://www.stats.gov.cn/sj/zxfb/202502/t20250219_1958761.html,-0.5,https://www.stats.gov.cn/sj/zxfb/202503/t20250317_1959009.html,-0.08838822032507362,-0.09387012557805391,-0.16232557594776154,-0.1926429718732834,-0.151794895529747,-0.17191538214683533,-0.23294365406036377,-0.12769098179526597,-0.4000000059604645,-0.1690555529103956,-0.24011131987633794,0.45221051573753357,0.12302818149328232,0.4247612953186035
2025-02,2025-01,贵阳,https://www.stats.gov.cn/sj/zxfb/202502/t20250219_1958761.html,0.0,https://www.stats.gov.cn/sj/zxfb/202503/t20250317_1959009.html,-0.01629065315726052,-0.07063578259619444,-0.10496003180742264,-0.11816874891519547,-0.23295293748378754,-0.08609187602996826,-0.09596506506204605,-0.055593414627452875,-0.20000000298023224,-0.09171646659092356,-0.1245873888409602,0.4162917137145996,0.11398713290691376,0.46972113847732544
2025-02,2025-01,赣州,https://www.stats.gov.cn/sj/zxfb/202502/t20250219_1958761.html,0.0,https://www.stats.gov.cn/sj/zxfb/202503/t20250317_1959009.html,0.18085125040204703,0.11992591510350381,0.2067432552576065,0.10037633031606674,0.030468210577964783,0.204979807138443,0.21333982050418854,0.14154848893185468,0.20000000298023224,0.12263184910284591,0.1473082740760512,0.2691083550453186,0.056731630116701126,0.6741600036621094
2025-02,2025-01,遵义,https://www.stats.gov.cn/sj/zxfb/202502/t20250219_1958761.html,-0.4,https://www.stats.gov.cn/sj/zxfb/202503/t20250317_1959009.html,0.0166149515861179,-0.019856375337894357,-0.016186324879527092,-0.026697123423218727,-0.01293009240180254,-0.015109146945178509,0.036357734352350235,-0.022687809884074456,0.10000000149011612,-0.020831741205254745,0.016871689394274313,0.33214372396469116,0.10806192457675934,0.5597943663597107
2025-02,2025-01,郑州,https://www.stats.gov.cn/sj/zxfb/202502/t20250219_1958761.html,-0.4,https://www.stats.gov.cn/sj/zxfb/202503/t20250317_1959009.html,0.03943766858255177,0.01322755428505704,0.05694471672177315,-0.01625031791627407,0.1092156171798706,0.1030702218413353,-0.06842637062072754,0.000134907112359417,0.30000001192092896,0.0013499134897707425,0.0946282003723381,0.3119097948074341,0.08448149263858795,0.6036087274551392
2025-02,2025-01,重庆,https://www.stats.gov.cn/sj/zxfb/202502/t20250219_1958761.html,-0.2,https://www.stats.gov.cn/sj/zxfb/202503/t20250317_1959009.html,0.19458471952660733,0.10718769734127676,0.20465469360351562,0.1297687292098999,0.27625444531440735,0.1789640486240387,0.16865859925746918,0.15528195805641498,0.4000000059604645,0.15015030142481517,0.22835023107559313,0.2655027210712433,0.09508639574050903,0.6394109129905701
2025-02,2025-01,金华,https://www.stats.gov.cn/sj/zxfb/202502/t20250219_1958761.html,-0.1,https://www.stats.gov.cn/sj/zxfb/202503/t20250317_1959009.html,-0.0855220546905689,-0.14792740680305724,0.010511641390621662,-0.03964664787054062,-0.20584948360919952,-0.01796582154929638,0.04242413863539696,-0.12482481616076124,0.0,-0.07792149986150901,-0.05482382134376729,0.4370141625404358,0.12529900670051575,0.43768686056137085
2025-02,2025-01,银川,https://www.stats.gov.cn/sj/zxfb/202502/t20250219_1958761.html,-0.6,https://www.stats.gov.cn/sj/zxfb/202503/t20250317_1959009.html,0.030660294399003536,-0.019059609851189842,-0.04508538171648979,-0.07153967767953873,-0.16684795916080475,-0.05407093092799187,-0.13558638095855713,-0.00864246707118882,-0.20000000298023224,-0.046411936641451185,-0.09339404924365326,0.3429388105869293,0.09615244716405869,0.5609086751937866
2025-02,2025-01,锦州,https://www.stats.gov.cn/sj/zxfb/202502/t20250219_1958761.html,-0.3,https://www.stats.gov.cn/sj/zxfb/202503/t20250317_1959009.html,-0.23231498059256817,-0.25629501371520014,-0.27983716130256653,-0.28757244348526,-0.3900182545185089,-0.2430688589811325,-0.28431424498558044,-0.2716177420627605,-0.5,-0.28688313954200445,-0.35306339518267355,0.5513118505477905,0.10503740608692169,0.3436507284641266
2025-02,2025-01,长春,https://www.stats.gov.cn/sj/zxfb/202502/t20250219_1958761.html,-0.5,https://www.stats.gov.cn/sj/zxfb/202503/t20250317_1959009.html,-0.15287889244138297,-0.18831011294277,-0.16392235457897186,-0.15608949959278107,-0.3480205535888672,-0.12119746208190918,-0.15546183288097382,-0.19218165391157532,-0.20000000298023224,-0.1742265210306112,-0.18275705216152952,0.37679868936538696,0.14908741414546967,0.4741138815879822
2025-02,2025-01,长沙,https://www.stats.gov.cn/sj/zxfb/202502/t20250219_1958761.html,-0.2,https://www.stats.gov.cn/sj/zxfb/202503/t20250317_1959009.html,0.05527917374091896,0.02175487728892617,0.00403866171836853,-0.012054942548274994,-0.023594850674271584,0.01079416461288929,-0.02385028265416622,0.015976412270726603,0.0,0.0013344264062364539,0.0013071565741505364,0.3718860149383545,0.11203209310770035,0.5160819292068481
2025-02,2025-01,青岛,https://www.stats.gov.cn/sj/zxfb/202502/t20250219_1958761.html,0.0,https://www.stats.gov.cn/sj/zxfb/202503/t20250317_1959009.html,0.10374186986728906,0.06713278219439237,0.04334338381886482,0.034087780863046646,0.020889459177851677,0.08282221853733063,0.07639957219362259,0.06443910839709671,0.10000000149011612,0.050256154614170975,0.06617563025008649,0.2640954852104187,0.08228357136249542,0.6536209583282471
2025-02,2025-01,韶关,https://www.stats.gov.cn/sj/zxfb/202502/t20250219_1958761.html,-0.6,https://www.stats.gov.cn/sj/zxfb/202503/t20250317_1959009.html,-0.15811560023914656,-0.23106839374530747,-0.18306361138820648,-0.1571098417043686,-0.3468644618988037,-0.17231151461601257,-0.24177305400371552,-0.1974183617093389,-0.30000001192092896,-0.1803322012301088,-0.21817607177821216,0.4933120310306549,0.12341731786727905,0.38327065110206604
2025-03,2025-02,三亚,https://www.stats.gov.cn/sj/zxfb/202503/t20250317_1959009.html,-0.2,https://www.stats.gov.cn/sj/zxfb/202504/t20250416_1959311.html,-0.08960534112886649,-0.017469889489526352,-0.16195611655712128,-0.21160538494586945,-0.22593402862548828,-0.11909743398427963,-0.18252448737621307,-0.09525759381722076,-0.10000000149011612,-0.1531477250874579,-0.13562099341773545,0.35928717255592346,0.11397308111190796,0.526739776134491
2025-03,2025-02,上海,https://www.stats.gov.cn/sj/zxfb/202503/t20250317_1959009.html,0.7,https://www.stats.gov.cn/sj/zxfb/202504/t20250416_1959311.html,0.18136210232590358,0.22982524426096182,0.32713040709495544,0.2924969792366028,0.3171140253543854,0.3078445792198181,0.23499993979930878,0.17570984963754932,0.20000000298023224,0.2343535396033837,0.2227356106181281,0.20364856719970703,0.04315332695841789,0.7531980872154236
2025-03,2025-02,丹东,https://www.stats.gov.cn/sj/zxfb/202503/t20250317_1959009.html,-0.7,https://www.stats.gov.cn/sj/zxfb/202504/t20250416_1959311.html,-0.35365426438154707,-0.30333593999994835,-0.23262542486190796,-0.3270445764064789,-0.2516433894634247,-0.27666205167770386,-0.36503395438194275,-0.35930651706990135,-0.4000000059604645,-0.3444049276425492,-0.3621170331456149,0.5627124309539795,0.12282855808734894,0.31445902585983276
2025-03,2025-02,乌鲁木齐,https://www.stats.gov.cn/sj/zxfb/202503/t20250317_1959009.html,0.1,https://www.stats.gov.cn/sj/zxfb/202504/t20250416_1959311.html,-0.12287970905801428,-0.08333034949082684,-0.11576726287603378,-0.15423941612243652,-0.16579778492450714,-0.1505359411239624,-0.08769591897726059,-0.12853196174636855,-0.10000000149011612,-0.14051274052717078,-0.12759045978630706,0.37305665016174316,0.12676392495632172,0.5001794099807739
2025-03,2025-02,九江,https://www.stats.gov.cn/sj/zxfb/202503/t20250317_1959009.html,-0.3,https://www.stats.gov.cn/sj/zxfb/202504/t20250416_1959311.html,-0.2690254516697629,-0.2102094671634933,-0.17056822776794434,-0.183526411652565,0.0040607512928545475,-0.1839437633752823,-0.12740156054496765,-0.27467770435811717,0.0,-0.22190217463691864,-0.15273470533689407,0.4868866801261902,0.1210903748869896,0.39202290773391724
2025-03,2025-02,兰州,https://www.stats.gov.cn/sj/zxfb/202503/t20250317_1959009.html,-0.5,https://www.stats.gov.cn/sj/zxfb/202504/t20250416_1959311.html,-0.1625520259828305,-0.18253880793643817,-0.11439460515975952,-0.22343707084655762,-0.22945857048034668,-0.1137557402253151,-0.13979224860668182,-0.16820427867118476,-0.20000000298023224,-0.19649524549043929,-0.19721378416599156,0.5188380479812622,0.12187137454748154,0.35929054021835327
2025-03,2025-02,包头,https://www.stats.gov.cn/sj/zxfb/202503/t20250317_1959009.html,-0.6,https://www.stats.gov.cn/sj/zxfb/202504/t20250416_1959311.html,-0.332202041047518,-0.2872636946358934,-0.31214284896850586,-0.4014163017272949,-0.37233904004096985,-0.3043985366821289,-0.340584397315979,-0.3378542937358723,-0.4000000059604645,-0.3711116007228651,-0.37975686714121054,0.5049408674240112,0.15184053778648376,0.343218594789505
2025-03,2025-02,北京,https://www.stats.gov.cn/sj/zxfb/202503/t20250317_1959009.html,-0.2,https://www.stats.gov.cn/sj/zxfb/202504/t20250416_1959311.html,0.0209492392054572,0.018771260494930664,0.06186749413609505,0.012474502436816692,0.010218478739261627,-0.009448821656405926,0.03487049415707588,0.015296986517102928,0.10000000149011612,0.016215963156917895,0.04259049681467858,0.4479901194572449,0.10884970426559448,0.4431600570678711
2025-03,2025-02,北海,https://www.stats.gov.cn/sj/zxfb/202503/t20250317_1959009.html,-0.3,https://www.stats.gov.cn/sj/zxfb/202504/t20250416_1959311.html,-0.29235505407219786,-0.2900134730346502,-0.28707531094551086,-0.29000750184059143,-0.3477783203125,-0.23142755031585693,-0.32974568009376526,-0.29800730676055215,-0.30000001192092896,-0.294090431316317,-0.2960049401740242,0.5857428312301636,0.13503751158714294,0.27921968698501587
2025-03,2025-02,南京,https://www.stats.gov.cn/sj/zxfb/202503/t20250317_1959009.html,0.1,https://www.stats.gov.cn/sj/zxfb/202504/t20250416_1959311.html,0.08350642156576686,0.15251111309656273,0.3030344843864441,0.2316237986087799,0.30081263184547424,0.25747448205947876,0.09402051568031311,0.07785416887741259,0.5,0.16575567534695207,0.2698259891620642,0.1997411847114563,0.06424693018198013,0.7360118627548218
2025-03,2025-02,南充,https://www.stats.gov.cn/sj/zxfb/202503/t20250317_1959009.html,-0.1,https://www.stats.gov.cn/sj/zxfb/202504/t20250416_1959311.html,-0.15388305484696793,-0.13052744434419983,-0.1947013884782791,-0.22146420180797577,-0.23776738345623016,-0.18657657504081726,-0.21947701275348663,-0.1595353075353222,-0.20000000298023224,-0.19138797808088692,-0.1936665041078434,0.49097126722335815,0.11065220832824707,0.39837646484375
2025-03,2025-02,南宁,https://www.stats.gov.cn/sj/zxfb/202503/t20250317_1959009.html,0.2,https://www.stats.gov.cn/sj/zxfb/202504/t20250416_1959311.html,-0.09406933942619265,-0.055192325899266856,-0.05681030824780464,-0.15133681893348694,-0.1457570195198059,-0.06005920097231865,-0.2317485362291336,-0.09972159211454693,0.10000000149011612,-0.11987492002573319,-0.05035280318597257,0.40806856751441956,0.12442050874233246,0.4675108790397644
2025-03,2025-02,南昌,https://www.stats.gov.cn/sj/zxfb/202503/t20250317_1959009.html,0.2,https://www.stats.gov.cn/sj/zxfb/202504/t20250416_1959311.html,-0.028884538119004058,-0.011006627443805234,-0.04864201322197914,-0.09597432613372803,-0.024885594844818115,-0.03605074808001518,-0.13222776353359222,-0.03453679080735833,0.30000001192092896,-0.05587349445954737,0.0564962983266142,0.35095056891441345,0.1258302628993988,0.5232191681861877
2025-03,2025-02,厦门,https://www.stats.gov.cn/sj/zxfb/202503/t20250317_1959009.html,0.0,https://www.stats.gov.cn/sj/zxfb/202504/t20250416_1959311.html,-0.02163956574815186,-0.0358345305557911,0.12712402641773224,-0.020381737500429153,-0.04714988172054291,0.06337963044643402,-0.11755739897489548,-0.027291818436506132,0.20000000298023224,-0.01763537282410446,0.05077548234776565,0.4052366316318512,0.10369007289409637,0.4910733103752136
2025-03,2025-02,合肥,https://www.stats.gov.cn/sj/zxfb/202503/t20250317_1959009.html,0.2,https://www.stats.gov.cn/sj/zxfb/202504/t20250416_1959311.html,-0.04899451209722401,-0.01407694909612292,-0.09866098314523697,-0.14462824165821075,-0.01465335488319397,-0.07853157073259354,-0.039578720927238464,-0.05464676478557828,0.20000000298023224,-0.09234229920754146,0.00024166551214773366,0.36487144231796265,0.12179257720708847,0.5133360028266907
2025-03,2025-02,吉林,https://www.stats.gov.cn/sj/zxfb/202503/t20250317_1959009.html,-0.4,https://www.stats.gov.cn/sj/zxfb/202504/t20250416_1959311.html,-0.22346331289693322,-0.21662545148082105,-0.2830060124397278,-0.3484081029891968,-0.27847909927368164,-0.3033829629421234,-0.26465854048728943,-0.22911556558528748,-0.4000000059604645,-0.2930185597358238,-0.3258412248449829,0.5685659050941467,0.13649600744247437,0.2949381172657013
2025-03,2025-02,呼和浩特,https://www.stats.gov.cn/sj/zxfb/202503/t20250317_1959009.html,-0.5,https://www.stats.gov.cn/sj/zxfb/202504/t20250416_1959311.html,-0.43537108845383676,-0.3870084842516158,-0.4242185652256012,-0.4125799238681793,-0.3898947238922119,-0.4259740710258484,-0.5115131735801697,-0.44102334114219105,-0.6000000238418579,-0.43125744801483473,-0.48453442961740945,0.6999980807304382,0.09963835030794144,0.20036356151103973
2025-03,2025-02,哈尔滨,https://www.stats.gov.cn/sj/zxfb/202503/t20250317_1959009.html,-0.2,https://www.stats.gov.cn/sj/zxfb/202504/t20250416_1959311.html,-0.1539159831890447,-0.11101334455538941,-0.12019839137792587,-0.08808083832263947,0.014579991810023785,-0.08024774491786957,-0.04097577929496765,-0.15956823587739896,0.30000001192092896,-0.11149022131910219,0.017450312573630177,0.41135746240615845,0.11232497543096542,0.4763175845146179
2025-03,2025-02,唐山,https://www.stats.gov.cn/sj/zxfb/202503/t20250317_1959009.html,-0.3,https://www.stats.gov.cn/sj/zxfb/202504/t20250416_1959311.html,-0.35985602719124316,-0.3223869997318405,-0.3745596706867218,-0.4398108124732971,-0.4331362545490265,-0.3448331952095032,-0.41465291380882263,-0.36550827987959744,-0.5,-0.406079362388429,-0.43510636411763154,0.641814112663269,0.12358248233795166,0.23460344970226288
2025-03,2025-02,大理,https://www.stats.gov.cn/sj/zxfb/202503/t20250317_1959009.html,-0.3,https://www.stats.gov.cn/sj/zxfb/202504/t20250416_1959311.html,-0.1740294821813505,-0.1756270159206716,-0.25510576367378235,-0.32905110716819763,-0.2540934383869171,-0.23279134929180145,-0.21306908130645752,-0.17968173486970476,-0.20000000298023224,-0.2543919039838147,-0.23624428167271153,0.5128451585769653,0.1300756335258484,0.3570791780948639
2025-03,2025-02,大连,https://www.stats.gov.cn/sj/zxfb/202503/t20250317_1959009.html,-0.5,https://www.stats.gov.cn/sj/zxfb/202504/t20250416_1959311.html,-0.15779141731592772,-0.08719538919694046,-0.08879321813583374,-0.11587779223918915,0.07329993695020676,-0.06973006576299667,-0.16754741966724396,-0.16344367000428198,0.30000001192092896,-0.12713520785546079,0.006892849892485953,0.4032779335975647,0.10361156612634659,0.4931105077266693
2025-03,2025-02,天津,https://www.stats.gov.cn/sj/zxfb/202503/t20250317_1959009.html,0.3,https://www.stats.gov.cn/sj/zxfb/202504/t20250416_1959311.html,-0.0739230570219344,-0.05368091241223903,-0.12007949501276016,-0.1428939253091812,-0.405956506729126,-0.07286527007818222,-0.0448802225291729,-0.07957530971028867,-0.30000001192092896,-0.11704736116994321,-0.17415641564679962,0.51092129945755,0.08909924328327179,0.39997944235801697
2025-03,2025-02,太原,https://www.stats.gov.cn/sj/zxfb/202503/t20250317_1959009.html,0.2,https://www.stats.gov.cn/sj/zxfb/202504/t20250416_1959311.html,-0.05083559893280727,-0.01825847630922861,0.04017040506005287,0.04291088506579399,0.1498979926109314,0.05311540886759758,0.06954972445964813,-0.056487851621161544,0.10000000149011612,-0.002855377567262795,0.028807678311582856,0.2952459454536438,0.10671081393957138,0.5980432033538818
2025-03,2025-02,宁波,https://www.stats.gov.cn/sj/zxfb/202503/t20250317_1959009.html,0.4,https://www.stats.gov.cn/sj/zxfb/202504/t20250416_1959311.html,0.14141943473354726,0.16518104622278357,0.16467778384685516,0.11024820804595947,0.10856256633996964,0.1725424975156784,0.038754284381866455,0.135767182045193,0.30000001192092896,0.12759708914695933,0.18200513400402715,0.2979593873023987,0.07685661315917969,0.6251840591430664
2025-03,2025-02,安庆,https://www.stats.gov.cn/sj/zxfb/202503/t20250317_1959009.html,-0.3,https://www.stats.gov.cn/sj/zxfb/202504/t20250416_1959311.html,-0.2307561202151959,-0.22891861762798935,-0.2836439311504364,-0.29246610403060913,-0.2750307619571686,-0.2560965120792389,-0.26550304889678955,-0.23640837290355016,-0.20000000298023224,-0.2632406308274846,-0.24295815997146386,0.5378820896148682,0.14806881546974182,0.3140490651130676
2025-03,2025-02,宜昌,https://www.stats.gov.cn/sj/zxfb/202503/t20250317_1959009.html,0.3,https://www.stats.gov.cn/sj/zxfb/202504/t20250416_1959311.html,-0.11472658681346186,-0.10060944611253525,-0.060993801802396774,-0.1343909502029419,-0.20680664479732513,-0.07597228139638901,-0.0905151441693306,-0.12037883950181613,0.10000000149011612,-0.12129846223173814,-0.05158992940488064,0.3993948698043823,0.14019367098808289,0.4604114592075348
2025-03,2025-02,岳阳,https://www.stats.gov.cn/sj/zxfb/202503/t20250317_1959009.html,-0.1,https://www.stats.gov.cn/sj/zxfb/202504/t20250416_1959311.html,-0.3053749391556729,-0.2928987497363573,-0.31318429112434387,-0.3323749899864197,-0.372339129447937,-0.2693048119544983,-0.30726727843284607,-0.31102719184402716,-0.4000000059604645,-0.32406233173452703,-0.3478007292636371,0.5755327939987183,0.11775512993335724,0.30671200156211853
2025-03,2025-02,常德,https://www.stats.gov.cn/sj/zxfb/202503/t20250317_1959009.html,-0.4,https://www.stats.gov.cn/sj/zxfb/202504/t20250416_1959311.html,-0.24112736175260677,-0.1866342748705883,-0.1493668556213379,-0.1582057625055313,-0.100011445581913,-0.15215960144996643,-0.17851364612579346,-0.24677961444096103,0.10000000149011612,-0.19330862686498324,-0.10166179181879208,0.49171122908592224,0.12886402010917664,0.3794247508049011
2025-03,2025-02,平顶山,https://www.stats.gov.cn/sj/zxfb/202503/t20250317_1959009.html,-0.1,https://www.stats.gov.cn/sj/zxfb/202504/t20250416_1959311.html,-0.08121671449019584,-0.04528776707948487,-0.013612155802547932,-0.08635937422513962,-0.07144498080015182,-0.04253359138965607,-0.13582611083984375,-0.08686896717855011,0.0,-0.08423646931590498,-0.057742780467896576,0.3557876646518707,0.10758280754089355,0.5366294980049133
2025-03,2025-02,广州,https://www.stats.gov.cn/sj/zxfb/202503/t20250317_1959009.html,-0.1,https://www.stats.gov.cn/sj/zxfb/202504/t20250416_1959311.html,-0.2113635510022064,-0.16935781792580434,-0.2062910795211792,-0.23467843234539032,-0.32224881649017334,-0.17532487213611603,-0.22380687296390533,-0.21701580369056067,-0.20000000298023224,-0.22531822298996512,-0.21723141300539442,0.48803120851516724,0.1298253834247589,0.38214340806007385
2025-03,2025-02,徐州,https://www.stats.gov.cn/sj/zxfb/202503/t20250317_1959009.html,-0.3,https://www.stats.gov.cn/sj/zxfb/202504/t20250416_1959311.html,-0.3432669360197163,-0.31992059657711547,-0.28794217109680176,-0.2975766062736511,-0.25296977162361145,-0.28535133600234985,-0.2975633442401886,-0.3489191887080706,-0.4000000059604645,-0.3248296480941208,-0.34883193364739534,0.6314476132392883,0.13152161240577698,0.2370307892560959
2025-03,2025-02,惠州,https://www.stats.gov.cn/sj/zxfb/202503/t20250317_1959009.html,-0.1,https://www.stats.gov.cn/sj/zxfb/202504/t20250416_1959311.html,-0.20395014465779363,-0.1954538219347751,-0.1823112517595291,-0.3185220956802368,-0.2778805196285248,-0.1516486406326294,-0.13718031346797943,-0.20960239734614788,-0.20000000298023224,-0.2634119598346039,-0.24270816533553896,0.5446168780326843,0.10707883536815643,0.34830421209335327
2025-03,2025-02,成都,https://www.stats.gov.cn/sj/zxfb/202503/t20250317_1959009.html,0.5,https://www.stats.gov.cn/sj/zxfb/202504/t20250416_1959311.html,0.35776745845383134,0.3465481102780218,0.29727116227149963,0.26213788986206055,0.13781626522541046,0.3130616545677185,0.37291884422302246,0.35211520576547706,0.30000001192092896,0.30601891879508036,0.30475103584948887,0.241567924618721,0.06779223680496216,0.690639853477478
2025-03,2025-02,扬州,https://www.stats.gov.cn/sj/zxfb/202503/t20250317_1959009.html,-0.4,https://www.stats.gov.cn/sj/zxfb/202504/t20250416_1959311.html,-0.29712514719163857,-0.281130771732789,-0.2619102895259857,-0.28637629747390747,-0.2216968536376953,-0.3099668025970459,-0.24264328181743622,-0.30277739987999286,-0.10000000149011612,-0.28908068698599876,-0.22971789961467215,0.5666486620903015,0.1332314908504486,0.3001198172569275
2025-03,2025-02,无锡,https://www.stats.gov.cn/sj/zxfb/202503/t20250317_1959009.html,-0.1,https://www.stats.gov.cn/sj/zxfb/202504/t20250416_1959311.html,-0.2504851137327112,-0.1943712791909629,-0.2591955363750458,-0.27086812257766724,-0.4374121427536011,-0.2521750330924988,-0.1720232516527176,-0.2561373664210655,-0.800000011920929,-0.2783478460851694,-0.44233516697322056,0.6784135699272156,0.05539313703775406,0.26619330048561096
2025-03,2025-02,昆明,https://www.stats.gov.cn/sj/zxfb/202503/t20250317_1959009.html,-0.4,https://www.stats.gov.cn/sj/zxfb/202504/t20250416_1959311.html,-0.1910494122899455,-0.2040083790479146,-0.1579246073961258,-0.24126067757606506,-0.31444039940834045,-0.2099267989397049,-0.19918803870677948,-0.19670166497829977,-0.10000000149011612,-0.21617389387240116,-0.17932078134816032,0.5100173354148865,0.14814016222953796,0.34184250235557556
2025-03,2025-02,杭州,https://www.stats.gov.cn/sj/zxfb/202503/t20250317_1959009.html,0.5,https://www.stats.gov.cn/sj/zxfb/202504/t20250416_1959311.html,0.10434106523569524,0.09567229426250196,0.05203163996338844,0.06967994570732117,-0.11090069264173508,0.08318914473056793,0.07020615041255951,0.09868881254734096,-0.10000000149011612,0.07884503808731941,0.022789585588182004,0.39754733443260193,0.09089286625385284,0.511559784412384
2025-03,2025-02,桂林,https://www.stats.gov.cn/sj/zxfb/202503/t20250317_1959009.html,0.2,https://www.stats.gov.cn/sj/zxfb/202504/t20250416_1959311.html,-0.25888062834694586,-0.23227410809098475,-0.274181991815567,-0.29454198479652405,-0.37651029229164124,-0.2625032365322113,-0.24928319454193115,-0.26453288103530015,-0.30000001192092896,-0.28040225220347953,-0.28635829258425105,0.5176569819450378,0.1478716880083084,0.33447134494781494
2025-03,2025-02,武汉,https://www.stats.gov.cn/sj/zxfb/202503/t20250317_1959009.html,0.1,https://www.stats.gov.cn/sj/zxfb/202504/t20250416_1959311.html,-0.13996145601223595,-0.129799455822578,-0.09289730340242386,-0.14412248134613037,-0.4912738502025604,-0.08448822796344757,-0.025097468867897987,-0.1456137087005902,-0.30000001192092896,-0.14910234389441365,-0.19657873398921652,0.5580564737319946,0.09577448666095734,0.34616896510124207
2025-03,2025-02,沈阳,https://www.stats.gov.cn/sj/zxfb/202503/t20250317_1959009.html,-0.1,https://www.stats.gov.cn/sj/zxfb/202504/t20250416_1959311.html,-0.05433281025903093,-0.03955353771398336,-0.04245996102690697,-0.0768928974866867,0.024895092472434044,-0.014452710747718811,-0.016409894451498985,-0.059985062947385204,0.20000000298023224,-0.06125735899333298,0.02104068084872011,0.3176477551460266,0.12275440990924835,0.5595978498458862
2025-03,2025-02,泉州,https://www.stats.gov.cn/sj/zxfb/202503/t20250317_1959009.html,0.2,https://www.stats.gov.cn/sj/zxfb/202504/t20250416_1959311.html,-0.04027267684001594,-0.00107113402172751,-0.0002710720000322908,-0.17196229100227356,-0.02811061404645443,-0.055010367184877396,-0.2259732484817505,-0.04592492952837021,0.20000000298023224,-0.10175911987236472,-0.005962405850137177,0.36403995752334595,0.10930831730365753,0.5266517400741577
2025-03,2025-02,泸州,https://www.stats.gov.cn/sj/zxfb/202503/t20250317_1959009.html,-0.2,https://www.stats.gov.cn/sj/zxfb/202504/t20250416_1959311.html,-0.3748747185958415,-0.3325176710720449,-0.3562576472759247,-0.38842251896858215,-0.5572873950004578,-0.28706711530685425,-0.40360498428344727,-0.38052697128419577,-0.4000000059604645,-0.38498007795836797,-0.38964983207108084,0.6010130643844604,0.12184272706508636,0.2771441340446472
2025-03,2025-02,洛阳,https://www.stats.gov.cn/sj/zxfb/202503/t20250317_1959009.html,-0.2,https://www.stats.gov.cn/sj/zxfb/202504/t20250416_1959311.html,-0.20873132602320454,-0.17990841167688215,-0.21318857371807098,-0.2243589460849762,-0.33851566910743713,-0.1698206663131714,-0.2987491488456726,-0.2143835787115588,-0.10000000149011612,-0.21620260259358823,-0.17958084209555036,0.4715915620326996,0.14296619594097137,0.38544219732284546
2025-03,2025-02,济南,https://www.stats.gov.cn/sj/zxfb/202503/t20250317_1959009.html,0.3,https://www.stats.gov.cn/sj/zxfb/202504/t20250416_1959311.html,0.045805453245723646,0.06340098331576208,0.05199175700545311,-0.007984131574630737,-0.05764010548591614,0.024087686091661453,0.0028257668018341064,0.04015320055736937,0.30000001192092896,0.02337340342812108,0.1107230269678892,0.36350518465042114,0.10292943567037582,0.5335654020309448
2025-03,2025-02,济宁,https://www.stats.gov.cn/sj/zxfb/202503/t20250317_1959009.html,-0.2,https://www.stats.gov.cn/sj/zxfb/202504/t20250416_1959311.html,-0.23167662523851754,-0.22869597013310275,-0.24252961575984955,-0.25377970933914185,-0.23994986712932587,-0.2380703240633011,-0.27791115641593933,-0.2373288779268718,-0.30000001192092896,-0.24721249019333508,-0.26370286639564755,0.5553705096244812,0.1231844425201416,0.3214450478553772
2025-03,2025-02,海口,https://www.stats.gov.cn/sj/zxfb/202503/t20250317_1959009.html,-0.2,https://www.stats.gov.cn/sj/zxfb/202504/t20250416_1959311.html,0.030786769368887565,0.033289865348825914,0.04902695491909981,-0.006647612899541855,-0.0331815667450428,0.057010211050510406,0.029497424140572548,0.025134516680533292,0.0,0.008667967285728778,0.006162301260330479,0.41496434807777405,0.11626000702381134,0.4687756597995758
2025-03,2025-02,深圳,https://www.stats.gov.cn/sj/zxfb/202503/t20250317_1959009.html,0.1,https://www.stats.gov.cn/sj/zxfb/202504/t20250416_1959311.html,0.16127292026126736,0.1573462766889614,0.1652970314025879,0.10300932079553604,0.18113195896148682,0.18290989100933075,0.05488954111933708,0.1556206675729131,0.4000000059604645,0.13619608548983475,0.2195433314429712,0.2688100337982178,0.06940040737390518,0.6617895364761353
2025-03,2025-02,温州,https://www.stats.gov.cn/sj/zxfb/202503/t20250317_1959009.html,-0.3,https://www.stats.gov.cn/sj/zxfb/202504/t20250416_1959311.html,-0.1691940484342319,-0.16149280058018808,-0.12163352966308594,-0.2272375375032425,-0.23632805049419403,-0.1389339566230774,-0.12926344573497772,-0.17484630112258615,0.0,-0.1960662583275431,-0.13402794620860956,0.4438513219356537,0.12062613666057587,0.43552255630493164
2025-03,2025-02,湛江,https://www.stats.gov.cn/sj/zxfb/202503/t20250317_1959009.html,0.2,https://www.stats.gov.cn/sj/zxfb/202504/t20250416_1959311.html,-0.33259072707070253,-0.3293141106343095,-0.3916083574295044,-0.38621678948402405,-0.3581414520740509,-0.36768606305122375,-0.2983687222003937,-0.3382429797590568,-0.5,-0.3664901617949946,-0.40815325641436023,0.688430666923523,0.0777532234787941,0.23381614685058594
2025-03,2025-02,烟台,https://www.stats.gov.cn/sj/zxfb/202503/t20250317_1959009.html,-0.4,https://www.stats.gov.cn/sj/zxfb/202504/t20250416_1959311.html,-0.3777372758075355,-0.3515499740061754,-0.4392399489879608,-0.4226745665073395,-0.47671476006507874,-0.3913601338863373,-0.490393728017807,-0.3833895284958898,-0.6000000238418579,-0.408825762552244,-0.4686880396150291,0.7436701059341431,0.08252285420894623,0.17380709946155548
2025-03,2025-02,牡丹江,https://www.stats.gov.cn/sj/zxfb/202503/t20250317_1959009.html,-0.3,https://www.stats.gov.cn/sj/zxfb/202504/t20250416_1959311.html,-0.2651396223309077,-0.23274235292640408,-0.30565834045410156,-0.28754502534866333,-0.2986692190170288,-0.2553328573703766,-0.25631383061408997,-0.270791875019262,-0.20000000298023224,-0.2771697555598187,-0.2527789677827192,0.5094097852706909,0.14638128876686096,0.3442089259624481
2025-03,2025-02,石家庄,https://www.stats.gov.cn/sj/zxfb/202503/t20250317_1959009.html,-0.1,https://www.stats.gov.cn/sj/zxfb/202504/t20250416_1959311.html,-0.18968635062205386,-0.16602121701708175,-0.20150066912174225,-0.24144168198108673,-0.17521877586841583,-0.2020169198513031,-0.22513329982757568,-0.19533860331040812,-0.30000001192092896,-0.22109310911548363,-0.24559343240414125,0.481697142124176,0.10742994397878647,0.4108729362487793
2025-03,2025-02,福州,https://www.stats.gov.cn/sj/zxfb/202503/t20250317_1959009.html,0.1,https://www.stats.gov.cn/sj/zxfb/202504/t20250416_1959311.html,-0.09806638351161052,-0.11280816026197019,-0.1274159699678421,-0.23205065727233887,-0.2691784203052521,-0.10529806464910507,-0.0465649850666523,-0.1037186361999648,-0.10000000149011612,-0.16732650844087588,-0.14525643165413993,0.5221210718154907,0.10899543762207031,0.3688834607601166
2025-03,2025-02,秦皇岛,https://www.stats.gov.cn/sj/zxfb/202503/t20250317_1959009.html,-0.5,https://www.stats.gov.cn/sj/zxfb/202504/t20250416_1959311.html,-0.32233357229963777,-0.282737964123009,-0.349732905626297,-0.3848276734352112,-0.3499056398868561,-0.292027086019516,-0.2518727481365204,-0.32798582498799206,-0.20000000298023224,-0.3526988657341237,-0.3042711671344785,0.4823186993598938,0.15141510963439941,0.3662661910057068
2025-03,2025-02,蚌埠,https://www.stats.gov.cn/sj/zxfb/202503/t20250317_1959009.html,-0.4,https://www.stats.gov.cn/sj/zxfb/202504/t20250416_1959311.html,-0.20142783029945605,-0.18533980070353884,-0.2182866483926773,-0.28545016050338745,-0.293688029050827,-0.22978493571281433,-0.2118484377861023,-0.2070800829878103,-0.30000001192092896,-0.2485317422523321,-0.26417675180404226,0.5322492718696594,0.13541333377361298,0.3323373794555664
2025-03,2025-02,襄阳,https://www.stats.gov.cn/sj/zxfb/202503/t20250317_1959009.html,0.0,https://www.stats.gov.cn/sj/zxfb/202504/t20250416_1959311.html,-0.26169201188817764,-0.23132085542518163,-0.2519770562648773,-0.29395604133605957,-0.2504960000514984,-0.24377529323101044,-0.2095741480588913,-0.26734426457653193,-0.10000000149011612,-0.2759716451305543,-0.22043343580090255,0.5155787467956543,0.14286692440509796,0.34155434370040894
2025-03,2025-02,西宁,https://www.stats.gov.cn/sj/zxfb/202503/t20250317_1959009.html,-0.5,https://www.stats.gov.cn/sj/zxfb/202504/t20250416_1959311.html,-0.26009417526253775,-0.22505682501756677,-0.3011307418346405,-0.2718884348869324,-0.21021337807178497,-0.24991285800933838,-0.2039366215467453,-0.26574642795089204,-0.10000000149011612,-0.2642554706587579,-0.2125449547759802,0.5407597422599792,0.11317510902881622,0.34606513381004333
2025-03,2025-02,西安,https://www.stats.gov.cn/sj/zxfb/202503/t20250317_1959009.html,-0.2,https://www.stats.gov.cn/sj/zxfb/202504/t20250416_1959311.html,-0.22380558306231332,-0.1890509850383669,-0.3409971296787262,-0.3707016408443451,-0.3515797555446625,-0.3412299156188965,-0.3926612436771393,-0.22945783575066758,-0.5,-0.30698823982177276,-0.3667198255316709,0.6138418912887573,0.12499503791332245,0.26116305589675903
2025-03,2025-02,贵阳,https://www.stats.gov.cn/sj/zxfb/202503/t20250317_1959009.html,-0.2,https://www.stats.gov.cn/sj/zxfb/202504/t20250416_1959311.html,-0.07176278948859206,-0.058605839554153244,-0.14100663363933563,-0.14795717597007751,-0.16160504519939423,-0.09884042292833328,-0.06260431557893753,-0.07741504217694634,0.0,-0.11031474888555345,-0.07512407271567462,0.3736247420310974,0.1451479196548462,0.481227308511734
2025-03,2025-02,赣州,https://www.stats.gov.cn/sj/zxfb/202503/t20250317_1959009.html,-0.1,https://www.stats.gov.cn/sj/zxfb/202504/t20250416_1959311.html,-0.026785019213666286,-0.02194611467159413,0.0245074313133955,-0.0709417462348938,-0.10822954028844833,0.021030867472290993,-0.0383310541510582,-0.03243727190202056,0.0,-0.05066408732531698,-0.03445967271230479,0.4131860136985779,0.10675559937953949,0.48005837202072144
2025-03,2025-02,遵义,https://www.stats.gov.cn/sj/zxfb/202503/t20250317_1959009.html,0.1,https://www.stats.gov.cn/sj/zxfb/202504/t20250416_1959311.html,-0.22839354310854557,-0.1762035118339126,-0.2424827665090561,-0.29573124647140503,-0.37508511543273926,-0.2501372694969177,-0.30123910307884216,-0.23404579579689982,-0.4000000059604645,-0.26921501666649394,-0.3099256827429231,0.5406169295310974,0.11705074459314346,0.34233230352401733
2025-03,2025-02,郑州,https://www.stats.gov.cn/sj/zxfb/202503/t20250317_1959009.html,0.0,https://www.stats.gov.cn/sj/zxfb/202504/t20250416_1959311.html,-0.2721144989807277,-0.2194116271314495,-0.3307386040687561,-0.3584493398666382,-0.4037403166294098,-0.2848057448863983,-0.36453425884246826,-0.277766751669082,-0.4000000059604645,-0.3211693943595928,-0.34540536583206155,0.5352930426597595,0.10760553181171417,0.3571013808250427
2025-03,2025-02,重庆,https://www.stats.gov.cn/sj/zxfb/202503/t20250317_1959009.html,0.2,https://www.stats.gov.cn/sj/zxfb/202504/t20250416_1959311.html,-0.021296283457281226,-0.029071464627758586,-0.0019496232271194458,-0.0006824567681178451,-0.15199683606624603,-0.00865648128092289,-0.015833407640457153,-0.0269485361456355,-0.20000000298023224,-0.018649106798738338,-0.07587699863132853,0.39012399315834045,0.10533212125301361,0.5045439004898071
2025-03,2025-02,金华,https://www.stats.gov.cn/sj/zxfb/202503/t20250317_1959009.html,0.0,https://www.stats.gov.cn/sj/zxfb/202504/t20250416_1959311.html,-0.1761718853468348,-0.16326177867017427,-0.13167499005794525,-0.2600373327732086,-0.27738216519355774,-0.13074293732643127,-0.14989688992500305,-0.18182413803518907,-0.10000000149011612,-0.21841132734127683,-0.18062049076617126,0.5209695100784302,0.13418272137641907,0.34484779834747314
2025-03,2025-02,银川,https://www.stats.gov.cn/sj/zxfb/202503/t20250317_1959009.html,0.1,https://www.stats.gov.cn/sj/zxfb/202504/t20250416_1959311.html,-0.2704569316729015,-0.2473887016875478,-0.337693452835083,-0.3693612217903137,-0.37341055274009705,-0.33067411184310913,-0.43898215889930725,-0.2761091843612558,-0.6000000238418579,-0.33127566268943653,-0.41515680999780913,0.650394856929779,0.09297977387905121,0.25662535429000854
2025-03,2025-02,锦州,https://www.stats.gov.cn/sj/zxfb/202503/t20250317_1959009.html,-0.1,https://www.stats.gov.cn/sj/zxfb/202504/t20250416_1959311.html,-0.2730501737924177,-0.2597971439165129,-0.3341047465801239,-0.30984610319137573,-0.34492382407188416,-0.3048939108848572,-0.25342509150505066,-0.278702426480772,-0.30000001192092896,-0.29474691827245747,-0.2961828471976922,0.5739549994468689,0.12271876633167267,0.30332621932029724
2025-03,2025-02,长春,https://www.stats.gov.cn/sj/zxfb/202503/t20250317_1959009.html,-0.3,https://www.stats.gov.cn/sj/zxfb/202504/t20250416_1959311.html,-0.2969486659358577,-0.2917275953639409,-0.3071480095386505,-0.29207679629325867,-0.41530224680900574,-0.2727164924144745,-0.33206531405448914,-0.302600918624212,-0.5,-0.3027834275566156,-0.3648925716391569,0.6276484727859497,0.11163187026977539,0.2607196867465973
2025-03,2025-02,长沙,https://www.stats.gov.cn/sj/zxfb/202503/t20250317_1959009.html,0.3,https://www.stats.gov.cn/sj/zxfb/202504/t20250416_1959311.html,-0.10183349060604842,-0.07589497320118876,-0.18084459006786346,-0.2581365406513214,-0.2483910173177719,-0.17509368062019348,-0.24918930232524872,-0.10748574329440269,-0.20000000298023224,-0.1848096602278209,-0.18854076230865213,0.5008748769760132,0.1429431140422821,0.35618191957473755
2025-03,2025-02,青岛,https://www.stats.gov.cn/sj/zxfb/202503/t20250317_1959009.html,0.2,https://www.stats.gov.cn/sj/zxfb/202504/t20250416_1959311.html,-0.032727017239518444,0.0077107144973541375,-0.04648030921816826,-0.13238456845283508,-0.08066955208778381,-0.01548063475638628,-0.07330352067947388,-0.03837926992787272,0.0,-0.0839964041812963,-0.05692127946023593,0.3375055491924286,0.11151175200939178,0.550982654094696
2025-03,2025-02,韶关,https://www.stats.gov.cn/sj/zxfb/202503/t20250317_1959009.html,0.0,https://www.stats.gov.cn/sj/zxfb/202504/t20250416_1959311.html,-0.3371330088624526,-0.3172901463361759,-0.381609171628952,-0.39489030838012695,-0.2909495532512665,-0.38378435373306274,-0.463139146566391,-0.3427852615508069,-0.6000000238418579,-0.37569815053583433,-0.4458918645909306,0.637607753276825,0.1013936847448349,0.26099854707717896
2025-04,2025-03,三亚,https://www.stats.gov.cn/sj/zxfb/202504/t20250416_1959311.html,0.2,https://www.stats.gov.cn/sj/zxfb/202505/t20250519_1959852.html,-0.05118385999113732,-0.08070530239191517,-0.06722518056631088,-0.2252703160047531,-0.22753046452999115,-0.07843419164419174,-0.1537972241640091,-0.07385638221203239,-0.20000000298023224,-0.13482656796230763,-0.16637556706567258,0.41017478704452515,0.12589597702026367,0.46392926573753357
2025-04,2025-03,上海,https://www.stats.gov.cn/sj/zxfb/202504/t20250416_1959311.html,0.5,https://www.stats.gov.cn/sj/zxfb/202505/t20250519_1959852.html,0.4333210648554932,0.3964724456455333,0.6664333939552307,0.579450786113739,0.6072676777839661,0.6351898312568665,0.5531777739524841,0.41064854263459816,0.699999988079071,0.4820437139171836,0.5633664389424694,0.1262253224849701,0.030310388654470444,0.843464195728302
2025-04,2025-03,丹东,https://www.stats.gov.cn/sj/zxfb/202504/t20250416_1959311.html,-0.1,https://www.stats.gov.cn/sj/zxfb/202505/t20250519_1959852.html,-0.40139686287454673,-0.39327329692614577,-0.25871792435646057,-0.38448822498321533,-0.3775975704193115,-0.30697038769721985,-0.5641623139381409,-0.4240693850954418,-0.699999988079071,-0.4152413872741435,-0.5028525327192427,0.7128539681434631,0.09313932061195374,0.19400669634342194
2025-04,2025-03,乌鲁木齐,https://www.stats.gov.cn/sj/zxfb/202504/t20250416_1959311.html,0.3,https://www.stats.gov.cn/sj/zxfb/202505/t20250519_1959852.html,-0.005086541566214839,-0.01297299051470753,0.08712068945169449,-0.034438133239746094,0.030458511784672737,0.05176359415054321,0.046102385967969894,-0.027759063787109906,0.10000000149011612,-0.02737976937610284,0.012600934821086707,0.32385456562042236,0.09177573025226593,0.5843696594238281
2025-04,2025-03,九江,https://www.stats.gov.cn/sj/zxfb/202504/t20250416_1959311.html,-0.4,https://www.stats.gov.cn/sj/zxfb/202505/t20250519_1959852.html,-0.2195547410115094,-0.21402249589783107,-0.10131756216287613,-0.2211456000804901,-0.25199994444847107,-0.11288239061832428,-0.184060201048851,-0.24222726323240446,-0.30000001192092896,-0.23547230780087194,-0.2544576250779412,0.5558590292930603,0.10149173438549042,0.3426492512226105
2025-04,2025-03,兰州,https://www.stats.gov.cn/sj/zxfb/202504/t20250416_1959311.html,-0.4,https://www.stats.gov.cn/sj/zxfb/202505/t20250519_1959852.html,-0.27979871666249345,-0.26428427996622983,-0.253165602684021,-0.3106374144554138,-0.42296090722084045,-0.23158960044384003,-0.3952212333679199,-0.3024712388833885,-0.5,-0.31014955219770446,-0.3710362177796008,0.5641659498214722,0.10204887390136719,0.33378520607948303
2025-04,2025-03,包头,https://www.stats.gov.cn/sj/zxfb/202504/t20250416_1959311.html,-0.4,https://www.stats.gov.cn/sj/zxfb/202505/t20250519_1959852.html,-0.39557653896486283,-0.3901049211939842,-0.3019653856754303,-0.4330523610115051,-0.5502673983573914,-0.33271485567092896,-0.511355459690094,-0.4182490611857579,-0.6000000238418579,-0.42810952154024284,-0.483767148679707,0.6605444550514221,0.1147916167974472,0.2246638983488083
2025-04,2025-03,北京,https://www.stats.gov.cn/sj/zxfb/202504/t20250416_1959311.html,0.1,https://www.stats.gov.cn/sj/zxfb/202505/t20250519_1959852.html,0.11708659042738,0.05346134481460266,0.1300114542245865,0.03774494305253029,-0.25231409072875977,0.10544024407863617,0.01467962097376585,0.09441406820648493,-0.20000000298023224,0.06590499903284505,-0.02261366390707234,0.506926417350769,0.0650036409497261,0.42806997895240784
2025-04,2025-03,北海,https://www.stats.gov.cn/sj/zxfb/202504/t20250416_1959311.html,-0.4,https://www.stats.gov.cn/sj/zxfb/202505/t20250519_1959852.html,-0.23253977466546777,-0.2604699286805302,-0.19346000254154205,-0.24997372925281525,-0.2997128367424011,-0.16824784874916077,-0.28305286169052124,-0.2552122968863628,-0.30000001192092896,-0.2542342264316508,-0.2683953460200357,0.5445767045021057,0.14548495411872864,0.30993834137916565
2025-04,2025-03,南京,https://www.stats.gov.cn/sj/zxfb/202504/t20250416_1959311.html,-0.4,https://www.stats.gov.cn/sj/zxfb/202505/t20250519_1959852.html,0.03819253495973644,0.03389409927035661,0.2873932421207428,0.10064084827899933,-0.04610535502433777,0.2344670593738556,0.040278706699609756,0.015520012738841377,0.10000000149011612,0.05010805144423948,0.07205362083598561,0.3328925669193268,0.08292976766824722,0.5841776728630066
2025-04,2025-03,南充,https://www.stats.gov.cn/sj/zxfb/202504/t20250416_1959311.html,-0.2,https://www.stats.gov.cn/sj/zxfb/202505/t20250519_1959852.html,-0.09136246472617608,-0.1102815672281128,0.015049577690660954,-0.08607135713100433,-0.11828317493200302,-0.009096363559365273,-0.1074141338467598,-0.11403498694707115,-0.10000000149011612,-0.10298798952845159,-0.10003544852273054,0.4372118413448334,0.10577817261219025,0.4570099711418152
2025-04,2025-03,南宁,https://www.stats.gov.cn/sj/zxfb/202504/t20250416_1959311.html,0.1,https://www.stats.gov.cn/sj/zxfb/202505/t20250519_1959852.html,-0.012233804494077336,-0.03590524716724053,0.11771415919065475,-0.03498495742678642,-0.0719040110707283,0.08862175792455673,-0.13906459510326385,-0.0349063267149724,0.20000000298023224,-0.029529528066502518,0.04336957294615781,0.3617073893547058,0.11617819964885712,0.5221144556999207
2025-04,2025-03,南昌,https://www.stats.gov.cn/sj/zxfb/202504/t20250416_1959311.html,-0.4,https://www.stats.gov.cn/sj/zxfb/202505/t20250519_1959852.html,0.1437190120829857,0.10390193974531464,0.09174444526433945,-0.026751240715384483,0.04630325362086296,0.11487056314945221,0.0620800144970417,0.12104648986209063,0.20000000298023224,0.0661839249801089,0.09809841737564613,0.2936163544654846,0.10300303995609283,0.603380560874939
2025-04,2025-03,厦门,https://www.stats.gov.cn/sj/zxfb/202504/t20250416_1959311.html,0.1,https://www.stats.gov.cn/sj/zxfb/202505/t20250519_1959852.html,0.005655877006718116,-0.06550005499363995,0.2102365493774414,0.06860703229904175,0.01491456013172865,0.1539498120546341,0.03265507146716118,-0.01701664521417695,0.0,0.01621139491766041,0.01719679569495493,0.4488676190376282,0.11368051916360855,0.4374518394470215
2025-04,2025-03,合肥,https://www.stats.gov.cn/sj/zxfb/202504/t20250416_1959311.html,0.3,https://www.stats.gov.cn/sj/zxfb/202505/t20250519_1959852.html,0.06039689945932984,0.0515200276637727,0.10342001914978027,-0.03063942864537239,0.011651471257209778,0.10123611986637115,0.015972672030329704,0.037724377238434775,0.20000000298023224,0.015242290647274913,0.06902831719109821,0.31507378816604614,0.10334987938404083,0.5815763473510742
2025-04,2025-03,吉林,https://www.stats.gov.cn/sj/zxfb/202504/t20250416_1959311.html,-0.3,https://www.stats.gov.cn/sj/zxfb/202505/t20250519_1959852.html,-0.26247510027006704,-0.24761238828250876,-0.26590225100517273,-0.3364359736442566,-0.31408703327178955,-0.2283138781785965,-0.379360556602478,-0.2851476224909621,-0.4000000059604645,-0.30746012629009456,-0.3405278673652277,0.5545030832290649,0.12380687892436981,0.32169008255004883
2025-04,2025-03,呼和浩特,https://www.stats.gov.cn/sj/zxfb/202504/t20250416_1959311.html,-0.2,https://www.stats.gov.cn/sj/zxfb/202505/t20250519_1959852.html,-0.3569348564147938,-0.33577610130715374,-0.21628594398498535,-0.36468034982681274,-0.38332855701446533,-0.2619516849517822,-0.4627528488636017,-0.37960737863568883,-0.5,-0.37665405449362205,-0.4147625761541672,0.6241652965545654,0.12228293716907501,0.25355175137519836
2025-04,2025-03,哈尔滨,https://www.stats.gov.cn/sj/zxfb/202504/t20250416_1959311.html,-0.3,https://www.stats.gov.cn/sj/zxfb/202505/t20250519_1959852.html,-0.1714489049972105,-0.16158436635679155,-0.07157298177480698,-0.2336231917142868,-0.261262983083725,-0.05702834576368332,-0.16890931129455566,-0.19412142721810555,-0.20000000298023224,-0.2094055160367146,-0.2092482073042082,0.4838483929634094,0.1234455555677414,0.3927060067653656
2025-04,2025-03,唐山,https://www.stats.gov.cn/sj/zxfb/202504/t20250416_1959311.html,-0.4,https://www.stats.gov.cn/sj/zxfb/202505/t20250519_1959852.html,-0.2635115923723126,-0.27049658079224903,-0.18548698723316193,-0.3128633201122284,-0.4020107686519623,-0.19880367815494537,-0.2993527352809906,-0.28618411459320764,-0.30000001192092896,-0.2967334972450454,-0.2996824822087883,0.5866884589195251,0.1514863669872284,0.2618251442909241
2025-04,2025-03,大理,https://www.stats.gov.cn/sj/zxfb/202504/t20250416_1959311.html,-0.6,https://www.stats.gov.cn/sj/zxfb/202505/t20250519_1959852.html,-0.2586365795182815,-0.25302225765200614,-0.22386841475963593,-0.3251720368862152,-0.33497366309165955,-0.18503804504871368,-0.3049394488334656,-0.28130910173917656,-0.30000001192092896,-0.2985605909055792,-0.3021603835154402,0.5474542379379272,0.11347152292728424,0.33907419443130493
2025-04,2025-03,大连,https://www.stats.gov.cn/sj/zxfb/202504/t20250416_1959311.html,0.5,https://www.stats.gov.cn/sj/zxfb/202505/t20250519_1959852.html,-0.25111294091030006,-0.2593373478033526,-0.10143742710351944,-0.2800281345844269,-0.4886645972728729,-0.14798350632190704,-0.29364439845085144,-0.2737854631311951,-0.5,-0.28138639426913187,-0.35127119923854067,0.5975473523139954,0.10125668346881866,0.3011959195137024
2025-04,2025-03,天津,https://www.stats.gov.cn/sj/zxfb/202504/t20250416_1959311.html,0.4,https://www.stats.gov.cn/sj/zxfb/202505/t20250519_1959852.html,0.1359499538712592,0.08661445916511051,0.19281093776226044,0.08565592765808105,0.10259735584259033,0.1491241604089737,0.09717544168233871,0.11327743165036411,0.30000001192092896,0.10698257272848255,0.1663111237431247,0.3149016499519348,0.08732752501964569,0.5977708697319031
2025-04,2025-03,太原,https://www.stats.gov.cn/sj/zxfb/202504/t20250416_1959311.html,0.3,https://www.stats.gov.cn/sj/zxfb/202505/t20250519_1959852.html,-0.03276395795984037,-0.005407624788846252,0.21535636484622955,0.13114258646965027,0.14939390122890472,0.20120224356651306,0.1634039729833603,-0.05543648018073544,0.20000000298023224,0.021995399047196926,0.09190203642304902,0.25923681259155273,0.08749781548976898,0.6532653570175171
2025-04,2025-03,宁波,https://www.stats.gov.cn/sj/zxfb/202504/t20250416_1959311.html,0.0,https://www.stats.gov.cn/sj/zxfb/202505/t20250519_1959852.html,0.1823412839154659,0.16633205778606308,0.36198392510414124,0.2771984338760376,0.08878474682569504,0.3370351195335388,0.17059338092803955,0.1596687616945708,0.4000000059604645,0.2102727720493726,0.27895573384369093,0.22366853058338165,0.05662181228399277,0.7197096347808838
2025-04,2025-03,安庆,https://www.stats.gov.cn/sj/zxfb/202504/t20250416_1959311.html,-0.4,https://www.stats.gov.cn/sj/zxfb/202505/t20250519_1959852.html,-0.2503374888096174,-0.2444524676292527,-0.219865620136261,-0.3138861358165741,-0.3049929440021515,-0.20173943042755127,-0.27881357073783875,-0.2730100110305125,-0.30000001192092896,-0.2893070938136448,-0.29563205292267186,0.534326434135437,0.13453754782676697,0.331136018037796
2025-04,2025-03,宜昌,https://www.stats.gov.cn/sj/zxfb/202504/t20250416_1959311.html,0.0,https://www.stats.gov.cn/sj/zxfb/202505/t20250519_1959852.html,-0.027476485364604994,-0.025254216626443213,0.10255076736211777,-0.025960007682442665,-0.015944799408316612,0.09120426326990128,-0.026436110958456993,-0.05014900758550006,0.30000001192092896,-0.032813066422242874,0.07463033221766208,0.305061399936676,0.10629644244909286,0.5886421799659729
2025-04,2025-03,岳阳,https://www.stats.gov.cn/sj/zxfb/202504/t20250416_1959311.html,-0.5,https://www.stats.gov.cn/sj/zxfb/202505/t20250519_1959852.html,-0.2619863396636395,-0.25213742987600163,-0.20120422542095184,-0.28287941217422485,-0.2256132811307907,-0.13018712401390076,-0.2104429453611374,-0.28465886188453454,-0.10000000149011612,-0.27972606678885426,-0.22251275851629182,0.49653133749961853,0.13098028302192688,0.372488409280777
2025-04,2025-03,常德,https://www.stats.gov.cn/sj/zxfb/202504/t20250416_1959311.html,-0.2,https://www.stats.gov.cn/sj/zxfb/202505/t20250519_1959852.html,-0.2401941864006502,-0.2611577652389875,-0.0937725082039833,-0.22712358832359314,-0.41929325461387634,-0.14436590671539307,-0.21776969730854034,-0.26286670862154526,-0.4000000059604645,-0.25231581961360006,-0.29666343430186765,0.619127094745636,0.10169301182031631,0.2791798710823059
2025-04,2025-03,平顶山,https://www.stats.gov.cn/sj/zxfb/202504/t20250416_1959311.html,0.1,https://www.stats.gov.cn/sj/zxfb/202505/t20250519_1959852.html,-0.057339251687241924,-0.07575033395739546,0.05236508324742317,-0.08209950476884842,-0.03418995067477226,0.027261774986982346,-0.13635200262069702,-0.08001177390813699,-0.10000000149011612,-0.08127248963139916,-0.08737042672236717,0.40794363617897034,0.11327745765447617,0.4787788987159729
2025-04,2025-03,广州,https://www.stats.gov.cn/sj/zxfb/202504/t20250416_1959311.html,-0.2,https://www.stats.gov.cn/sj/zxfb/202505/t20250519_1959852.html,-0.11470575145486352,-0.13597390121171107,-0.020469488576054573,-0.13843964040279388,-0.25387051701545715,-0.04339665547013283,-0.13212110102176666,-0.13737827367575858,-0.10000000149011612,-0.1369249499726119,-0.12527263852288953,0.4404377341270447,0.1425415426492691,0.417020708322525
2025-04,2025-03,徐州,https://www.stats.gov.cn/sj/zxfb/202504/t20250416_1959311.html,-0.4,https://www.stats.gov.cn/sj/zxfb/202505/t20250519_1959852.html,-0.25831951949268245,-0.272360962617505,-0.1386718899011612,-0.2338353842496872,-0.47366461157798767,-0.15107305347919464,-0.2038438320159912,-0.2809920417135775,-0.30000001192092896,-0.2633451558349752,-0.2716091459613979,0.624106228351593,0.11644694954156876,0.2594468593597412
2025-04,2025-03,惠州,https://www.stats.gov.cn/sj/zxfb/202504/t20250416_1959311.html,0.1,https://www.stats.gov.cn/sj/zxfb/202505/t20250519_1959852.html,-0.19702170710316197,-0.20190800016106333,-0.029794782400131226,-0.1886015683412552,-0.38317978382110596,-0.06488631665706635,-0.18620598316192627,-0.21969422932405702,-0.10000000149011612,-0.20501525000194143,-0.16943193305180945,0.5069965124130249,0.1128239780664444,0.3801794648170471
2025-04,2025-03,成都,https://www.stats.gov.cn/sj/zxfb/202504/t20250416_1959311.html,0.3,https://www.stats.gov.cn/sj/zxfb/202505/t20250519_1959852.html,0.4088877597701233,0.365023270698022,0.5137857794761658,0.40167492628097534,0.2931521236896515,0.460052490234375,0.41525712609291077,0.38621523754922826,0.5,0.39476300950753684,0.4292967212767345,0.1597767174243927,0.05166388675570488,0.7885594367980957
2025-04,2025-03,扬州,https://www.stats.gov.cn/sj/zxfb/202504/t20250416_1959311.html,-0.1,https://www.stats.gov.cn/sj/zxfb/202505/t20250519_1959852.html,-0.1912945902081178,-0.21042335203765547,-0.13333530724048615,-0.19263657927513123,-0.4195113480091095,-0.1690511405467987,-0.11408930271863937,-0.21396711242901284,-0.4000000059604645,-0.2100689424138535,-0.26886789922153614,0.5446397662162781,0.10435368120670319,0.35100656747817993
2025-04,2025-03,无锡,https://www.stats.gov.cn/sj/zxfb/202504/t20250416_1959311.html,-0.3,https://www.stats.gov.cn/sj/zxfb/202505/t20250519_1959852.html,-0.13185671178762925,-0.14972618477833274,-0.048457760363817215,-0.16597896814346313,-0.16596321761608124,-0.05420450121164322,-0.15665413439273834,-0.1545292340085243,-0.10000000149011612,-0.1576650383151123,-0.1401694012140345,0.508963942527771,0.10772520303726196,0.38331088423728943
2025-04,2025-03,昆明,https://www.stats.gov.cn/sj/zxfb/202504/t20250416_1959311.html,-0.4,https://www.stats.gov.cn/sj/zxfb/202505/t20250519_1959852.html,-0.26080666965339216,-0.26402138878992343,-0.18658137321472168,-0.29732054471969604,-0.46625232696533203,-0.18427473306655884,-0.3018326461315155,-0.2834791918742872,-0.4000000059604645,-0.2914693151106844,-0.32693324751814923,0.5271188020706177,0.12292158603668213,0.3499596118927002
2025-04,2025-03,杭州,https://www.stats.gov.cn/sj/zxfb/202504/t20250416_1959311.html,0.4,https://www.stats.gov.cn/sj/zxfb/202505/t20250519_1959852.html,0.4155073698015627,0.35304665223377785,0.42531225085258484,0.40199708938598633,0.33949777483940125,0.36605706810951233,0.38234034180641174,0.39283484758066767,0.5,0.39881520543826254,0.4316106456555513,0.13937325775623322,0.03844572976231575,0.8221811056137085
2025-04,2025-03,桂林,https://www.stats.gov.cn/sj/zxfb/202504/t20250416_1959311.html,-0.2,https://www.stats.gov.cn/sj/zxfb/202505/t20250519_1959852.html,-0.03815741307569233,-0.047270192336313965,0.03409561514854431,-0.030542025342583656,0.07397345453500748,0.05043800547719002,0.05145621672272682,-0.060829935296587395,0.20000000298023224,-0.04321098569539505,0.036209347447020396,0.3264893889427185,0.1174987331032753,0.5560118556022644
2025-04,2025-03,武汉,https://www.stats.gov.cn/sj/zxfb/202504/t20250416_1959311.html,-0.2,https://www.stats.gov.cn/sj/zxfb/202505/t20250519_1959852.html,0.038197170248087484,-0.01701294205835166,0.1742802858352661,0.07821808755397797,-0.17015992105007172,0.1264069676399231,0.09052727371454239,0.015524648027192417,0.10000000149011612,0.04151175764165964,0.0645809123570955,0.37967947125434875,0.10997903347015381,0.510341465473175
2025-04,2025-03,沈阳,https://www.stats.gov.cn/sj/zxfb/202504/t20250416_1959311.html,-0.4,https://www.stats.gov.cn/sj/zxfb/202505/t20250519_1959852.html,-0.0702215399301319,-0.08466381080746305,0.11836212128400803,-0.08771084994077682,-0.10166949033737183,0.04398326203227043,-0.06116729974746704,-0.09289406215102697,-0.10000000149011612,-0.09106988053701448,-0.0935349711939733,0.3722265064716339,0.09276918321847916,0.5350043177604675
2025-04,2025-03,泉州,https://www.stats.gov.cn/sj/zxfb/202504/t20250416_1959311.html,0.3,https://www.stats.gov.cn/sj/zxfb/202505/t20250519_1959852.html,-0.026293499737116935,-0.03260459719798883,0.17649702727794647,-0.033692143857479095,-0.08391028642654419,0.09507139772176743,-0.14561189711093903,-0.048966021958012,0.20000000298023224,-0.037377974819998556,0.03911394572158038,0.3657049238681793,0.10897213220596313,0.5253229737281799
2025-04,2025-03,泸州,https://www.stats.gov.cn/sj/zxfb/202504/t20250416_1959311.html,-0.4,https://www.stats.gov.cn/sj/zxfb/202505/t20250519_1959852.html,-0.17908171801725076,-0.22166443232747826,-0.13170099258422852,-0.26234713196754456,-0.26265260577201843,-0.1402723789215088,-0.17802076041698456,-0.20175424023814584,-0.20000000298023224,-0.22495100921175082,-0.2213671250619742,0.4772892892360687,0.15433362126350403,0.36837705969810486
2025-04,2025-03,洛阳,https://www.stats.gov.cn/sj/zxfb/202504/t20250416_1959311.html,-0.1,https://www.stats.gov.cn/sj/zxfb/202505/t20250519_1959852.html,-0.12378159462874937,-0.16251302589006592,-0.0720265582203865,-0.18725459277629852,-0.21632422506809235,-0.07109846919775009,-0.18415294587612152,-0.14645411684964443,-0.20000000298023224,-0.16333343830387376,-0.17790290420205843,0.5039541721343994,0.1307516098022461,0.3652942478656769
2025-04,2025-03,济南,https://www.stats.gov.cn/sj/zxfb/202504/t20250416_1959311.html,0.0,https://www.stats.gov.cn/sj/zxfb/202505/t20250519_1959852.html,0.18908699139876106,0.15087326977168614,0.23775188624858856,0.1059630885720253,0.05011071264743805,0.186583012342453,0.15214301645755768,0.16641446917786598,0.30000001192092896,0.14630639446186042,0.19079252322360674,0.33129775524139404,0.09329570829868317,0.5754064917564392
2025-04,2025-03,济宁,https://www.stats.gov.cn/sj/zxfb/202504/t20250416_1959311.html,-0.3,https://www.stats.gov.cn/sj/zxfb/202505/t20250519_1959852.html,-0.17815288558870473,-0.17501682511297473,-0.11013445258140564,-0.1902148425579071,-0.2241581529378891,-0.12381668388843536,-0.20042230188846588,-0.2008254078095998,-0.20000000298023224,-0.19673729701938697,-0.19701341778257972,0.49872803688049316,0.10354921966791153,0.3977228105068207
2025-04,2025-03,海口,https://www.stats.gov.cn/sj/zxfb/202504/t20250416_1959311.html,-0.2,https://www.stats.gov.cn/sj/zxfb/202505/t20250519_1959852.html,-0.011567663001493603,-0.004696412431408142,0.044561516493558884,-0.10547950118780136,-0.21596111357212067,0.0011496111983433366,-0.12022900581359863,-0.03424018522238867,-0.20000000298023224,-0.0653755704990718,-0.1132398964634741,0.49648913741111755,0.10407321155071259,0.39943763613700867
2025-04,2025-03,深圳,https://www.stats.gov.cn/sj/zxfb/202504/t20250416_1959311.html,-0.1,https://www.stats.gov.cn/sj/zxfb/202505/t20250519_1959852.html,0.14791055829854094,0.10139761807297012,0.20492702722549438,0.0915600061416626,0.1117333471775055,0.23346224427223206,0.10109982639551163,0.12523803607764586,0.10000000149011612,0.11174172157876211,0.10559934790314152,0.32459181547164917,0.06681293994188309,0.6085952520370483
2025-04,2025-03,温州,https://www.stats.gov.cn/sj/zxfb/202504/t20250416_1959311.html,-0.2,https://www.stats.gov.cn/sj/zxfb/202505/t20250519_1959852.html,-0.22503536163616034,-0.2401125176528989,-0.11854695528745651,-0.31976670026779175,-0.3723529279232025,-0.16415782272815704,-0.21280281245708466,-0.24770788385705542,-0.30000001192092896,-0.2765458034899759,-0.2891581986819254,0.5254033803939819,0.12520885467529297,0.3493877351284027
2025-04,2025-03,湛江,https://www.stats.gov.cn/sj/zxfb/202504/t20250416_1959311.html,-0.2,https://www.stats.gov.cn/sj/zxfb/202505/t20250519_1959852.html,-0.1441358831987935,-0.1447789705578095,-0.028249407187104225,-0.04425772279500961,0.08908039331436157,0.03158651664853096,-0.16758261620998383,-0.16680840541968855,0.20000000298023224,-0.1113676699634167,-0.003688708411488643,0.4064785838127136,0.09304673969745636,0.5004746913909912
2025-04,2025-03,烟台,https://www.stats.gov.cn/sj/zxfb/202504/t20250416_1959311.html,0.1,https://www.stats.gov.cn/sj/zxfb/202505/t20250519_1959852.html,-0.27521195823138944,-0.290591984797003,-0.26175761222839355,-0.3342023491859436,-0.32497838139533997,-0.24991336464881897,-0.35840654373168945,-0.2978844804522845,-0.4000000059604645,-0.3141626898421368,-0.3440289451995642,0.6296924352645874,0.10539241135120392,0.2649151682853699
2025-04,2025-03,牡丹江,https://www.stats.gov.cn/sj/zxfb/202504/t20250416_1959311.html,-0.2,https://www.stats.gov.cn/sj/zxfb/202505/t20250519_1959852.html,-0.21606379602870657,-0.2255560050623762,-0.17827753722667694,-0.27862221002578735,-0.400505393743515,-0.1679038107395172,-0.2842266261577606,-0.23873631824960162,-0.30000001192092896,-0.2554425446360701,-0.27245284673210596,0.5307691693305969,0.14400175213813782,0.32522907853126526
2025-04,2025-03,石家庄,https://www.stats.gov.cn/sj/zxfb/202504/t20250416_1959311.html,-0.2,https://www.stats.gov.cn/sj/zxfb/202505/t20250519_1959852.html,-0.1136355768828846,-0.1017639622417719,-0.09379008412361145,-0.1699858456850052,-0.11155702918767929,-0.06478927284479141,-0.11425229161977768,-0.13630809910377967,-0.10000000149011612,-0.14838766768071332,-0.13543131542630032,0.4030393660068512,0.0951874703168869,0.5017732381820679
2025-04,2025-03,福州,https://www.stats.gov.cn/sj/zxfb/202504/t20250416_1959311.html,0.2,https://www.stats.gov.cn/sj/zxfb/202505/t20250519_1959852.html,0.009481266617505743,-0.03973629914637418,0.03566231206059456,-0.047951530665159225,-0.13521327078342438,0.04246724396944046,0.0239627156406641,-0.013191255603389324,0.10000000149011612,-0.0239163127272429,0.012952405073855857,0.38464054465293884,0.1326570212841034,0.48270243406295776
2025-04,2025-03,秦皇岛,https://www.stats.gov.cn/sj/zxfb/202504/t20250416_1959311.html,-0.3,https://www.stats.gov.cn/sj/zxfb/202505/t20250519_1959852.html,-0.3965070297233447,-0.38168909808688245,-0.29685351252555847,-0.43495431542396545,-0.44152021408081055,-0.3071569800376892,-0.44543322920799255,-0.4191795519442397,-0.5,-0.4270893982328041,-0.45137795578940176,0.6223213076591492,0.11617648601531982,0.2615021765232086
2025-04,2025-03,蚌埠,https://www.stats.gov.cn/sj/zxfb/202504/t20250416_1959311.html,-0.5,https://www.stats.gov.cn/sj/zxfb/202505/t20250519_1959852.html,-0.20193941724245018,-0.21076970824482427,-0.11277177184820175,-0.29001176357269287,-0.33367881178855896,-0.18757668137550354,-0.25926533341407776,-0.22461193946334523,-0.4000000059604645,-0.2537295195612277,-0.30487456966550086,0.5778061747550964,0.10632069408893585,0.31587308645248413
2025-04,2025-03,襄阳,https://www.stats.gov.cn/sj/zxfb/202504/t20250416_1959311.html,-0.1,https://www.stats.gov.cn/sj/zxfb/202505/t20250519_1959852.html,-0.1452365028215249,-0.14428086207918991,-0.04527260363101959,-0.13952961564064026,-0.2093631774187088,-0.05026896670460701,-0.11030197143554688,-0.16790902504241997,0.0,-0.1531607841071051,-0.10247954689435342,0.4076268672943115,0.1265779286623001,0.46579521894454956
2025-04,2025-03,西宁,https://www.stats.gov.cn/sj/zxfb/202504/t20250416_1959311.html,-0.3,https://www.stats.gov.cn/sj/zxfb/202505/t20250519_1959852.html,-0.3261824327247666,-0.29358714720854084,-0.18557709455490112,-0.37573733925819397,-0.4556274116039276,-0.218840092420578,-0.38405153155326843,-0.34885495494566165,-0.5,-0.36264322768425383,-0.4081974314012852,0.5932000875473022,0.09429699927568436,0.312502920627594
2025-04,2025-03,西安,https://www.stats.gov.cn/sj/zxfb/202504/t20250416_1959311.html,-0.3,https://www.stats.gov.cn/sj/zxfb/202505/t20250519_1959852.html,-0.0773441484761793,-0.09387809306536511,-0.11217131465673447,-0.21797974407672882,-0.19454364478588104,-0.1328021138906479,-0.2107762098312378,-0.10001667069707437,-0.20000000298023224,-0.14755643264345744,-0.1726654725846785,0.511425256729126,0.15792664885520935,0.3306480944156647
2025-04,2025-03,贵阳,https://www.stats.gov.cn/sj/zxfb/202504/t20250416_1959311.html,-0.3,https://www.stats.gov.cn/sj/zxfb/202505/t20250519_1959852.html,-0.10540161060722562,-0.10538465206697974,-0.02546420693397522,-0.16604384779930115,-0.19493000209331512,-0.05061526224017143,-0.15894806385040283,-0.1280741328281207,-0.20000000298023224,-0.14429092908580782,-0.1647059945358847,0.4214088022708893,0.11850277334451675,0.46008843183517456
2025-04,2025-03,赣州,https://www.stats.gov.cn/sj/zxfb/202504/t20250416_1959311.html,-0.2,https://www.stats.gov.cn/sj/zxfb/202505/t20250519_1959852.html,-0.057968833807161294,-0.07715413390624883,0.03108837455511093,-0.07574661076068878,-0.0910339429974556,0.04588893800973892,-0.0762358009815216,-0.08064135602805636,-0.10000000149011612,-0.07920982690222081,-0.08546265609295374,0.4173511862754822,0.10471463203430176,0.47793418169021606
2025-04,2025-03,遵义,https://www.stats.gov.cn/sj/zxfb/202504/t20250416_1959311.html,0.2,https://www.stats.gov.cn/sj/zxfb/202505/t20250519_1959852.html,-0.03183172560178908,-0.04523140820245283,-0.02391437254846096,-0.12392847239971161,-0.11455395817756653,-0.01826910302042961,-0.034869033843278885,-0.05450424782268415,0.10000000149011612,-0.07757187856296513,-0.026144239577426547,0.3780509829521179,0.1230720654129982,0.4988768994808197
2025-04,2025-03,郑州,https://www.stats.gov.cn/sj/zxfb/202504/t20250416_1959311.html,0.1,https://www.stats.gov.cn/sj/zxfb/202505/t20250519_1959852.html,-0.12603863440525714,-0.1459438528087757,-0.030133375898003578,-0.11286032199859619,-0.2991391718387604,-0.026383519172668457,-0.17734195291996002,-0.1487111566261522,0.0,-0.13153953876512994,-0.08719049287491613,0.43333297967910767,0.13679403066635132,0.4298730492591858
2025-04,2025-03,重庆,https://www.stats.gov.cn/sj/zxfb/202504/t20250416_1959311.html,0.3,https://www.stats.gov.cn/sj/zxfb/202505/t20250519_1959852.html,0.08778448102912094,0.0709073931291268,0.07726734131574631,-0.006601282861083746,0.06032414361834526,0.114214226603508,0.09500815719366074,0.06511195880822587,0.20000000298023224,0.040714982849986876,0.08617022630912478,0.2508777678012848,0.09119757264852524,0.6579246520996094
2025-04,2025-03,金华,https://www.stats.gov.cn/sj/zxfb/202504/t20250416_1959311.html,-0.1,https://www.stats.gov.cn/sj/zxfb/202505/t20250519_1959852.html,-0.08661479964184028,-0.1250714635344632,0.01116687711328268,-0.15881823003292084,-0.13393977284431458,-0.009052791632711887,-0.09134798496961594,-0.10928732186273535,0.0,-0.12576672025511032,-0.08936851729855207,0.4416986405849457,0.1544066220521927,0.40389472246170044
2025-04,2025-03,银川,https://www.stats.gov.cn/sj/zxfb/202504/t20250416_1959311.html,-0.6,https://www.stats.gov.cn/sj/zxfb/202505/t20250519_1959852.html,-0.08240752997306473,-0.09721193692008201,0.008013232611119747,-0.08983296155929565,-0.025404363870620728,-0.047092635184526443,0.003052483079954982,-0.1050800521939598,0.10000000149011612,-0.09451242269212812,-0.03163767075437978,0.37185609340667725,0.11837758123874664,0.5097663402557373
2025-04,2025-03,锦州,https://www.stats.gov.cn/sj/zxfb/202504/t20250416_1959311.html,-0.5,https://www.stats.gov.cn/sj/zxfb/202505/t20250519_1959852.html,-0.18688709239705942,-0.17874285437740037,-0.12702979147434235,-0.1859792023897171,-0.20047996938228607,-0.11989866197109222,-0.12578904628753662,-0.2095596146179545,-0.10000000149011612,-0.1979948279212102,-0.16517960616592922,0.4564618170261383,0.11750199645757675,0.42603611946105957
2025-04,2025-03,长春,https://www.stats.gov.cn/sj/zxfb/202504/t20250416_1959311.html,-0.2,https://www.stats.gov.cn/sj/zxfb/202505/t20250519_1959852.html,-0.26395545675091747,-0.2646226368296415,-0.1933092623949051,-0.3077825605869293,-0.24859671294689178,-0.1755727380514145,-0.2601976692676544,-0.2866279789718125,-0.30000001192092896,-0.2950484723995901,-0.2981368504932236,0.49167221784591675,0.13201364874839783,0.37631410360336304
2025-04,2025-03,长沙,https://www.stats.gov.cn/sj/zxfb/202504/t20250416_1959311.html,0.2,https://www.stats.gov.cn/sj/zxfb/202505/t20250519_1959852.html,0.07345691562310828,0.046042823082038914,0.08982647210359573,0.0067809284664690495,0.011264790780842304,0.09438351541757584,-0.03885344788432121,0.05078439340221322,0.30000001192092896,0.03964554644946956,0.11918844459653706,0.32196760177612305,0.12280231714248657,0.5552301406860352
2025-04,2025-03,青岛,https://www.stats.gov.cn/sj/zxfb/202504/t20250416_1959311.html,0.1,https://www.stats.gov.cn/sj/zxfb/202505/t20250519_1959852.html,0.07356781352145435,0.05299184222199296,0.1999097615480423,0.04252992942929268,0.036645229905843735,0.17068907618522644,0.047239869832992554,0.05089529130055928,0.20000000298023224,0.051119222007078205,0.09780840790336139,0.28322237730026245,0.10198763757944107,0.6147899627685547
2025-04,2025-03,韶关,https://www.stats.gov.cn/sj/zxfb/202504/t20250416_1959311.html,-0.3,https://www.stats.gov.cn/sj/zxfb/202505/t20250519_1959852.html,-0.22153046196976617,-0.20036508709829198,-0.1100844219326973,-0.2104705572128296,-0.1430409550666809,-0.093049056828022,-0.1097869798541069,-0.24420298419066125,0.0,-0.22564578589617534,-0.15155784713449694,0.4552880823612213,0.10839495807886124,0.43631696701049805
2025-05,2025-04,三亚,https://www.stats.gov.cn/sj/zxfb/202505/t20250519_1959852.html,0.1,https://www.stats.gov.cn/xxgk/sjfb/zxfb2020/202506/t20250616_1960163.html,-0.15952131278065454,-0.09145592823512061,0.09117981046438217,-0.13346020877361298,-0.06709688156843185,0.07991737127304077,-0.06659527122974396,-0.1709099793114604,0.20000000298023224,-0.1388151492173917,-0.034790061701613716,0.3775913119316101,0.12747815251350403,0.4949305057525635
2025-05,2025-04,上海,https://www.stats.gov.cn/sj/zxfb/202505/t20250519_1959852.html,0.7,https://www.stats.gov.cn/xxgk/sjfb/zxfb2020/202506/t20250616_1960163.html,0.2807289844389724,0.36040554887794024,0.6092717051506042,0.45995622873306274,0.3901943266391754,0.5734370350837708,0.41001200675964355,0.2693403179081665,0.5,0.35814366637429584,0.40976551554707646,0.12671157717704773,0.022202875465154648,0.8510854840278625
2025-05,2025-04,丹东,https://www.stats.gov.cn/sj/zxfb/202505/t20250519_1959852.html,-0.2,https://www.stats.gov.cn/xxgk/sjfb/zxfb2020/202506/t20250616_1960163.html,-0.3800226620181552,-0.3118908638491131,-0.2189079076051712,-0.38433605432510376,-0.17302453517913818,-0.20531423389911652,-0.20158962905406952,-0.3914113285489611,-0.10000000149011612,-0.3753901890682565,-0.29191579478806035,0.6121613383293152,0.11408160626888275,0.2737570106983185
2025-05,2025-04,乌鲁木齐,https://www.stats.gov.cn/sj/zxfb/202505/t20250519_1959852.html,0.4,https://www.stats.gov.cn/xxgk/sjfb/zxfb2020/202506/t20250616_1960163.html,-0.15057465296110342,-0.048497612930739266,0.1565718948841095,-0.10200506448745728,0.09664679318666458,0.11786939203739166,0.08989415317773819,-0.16196331949190929,0.30000001192092896,-0.11651133695411725,0.012010542647187464,0.399396687746048,0.07991822063922882,0.520685076713562
2025-05,2025-04,九江,https://www.stats.gov.cn/sj/zxfb/202505/t20250519_1959852.html,0.2,https://www.stats.gov.cn/xxgk/sjfb/zxfb2020/202506/t20250616_1960163.html,-0.41869842395945395,-0.3214162849741229,-0.22086696326732635,-0.42987769842147827,-0.515205979347229,-0.23428897559642792,-0.4106200933456421,-0.43008709049025984,-0.4000000059604645,-0.4286473708233507,-0.4199882649574009,0.6733911633491516,0.0844637006521225,0.2421451061964035
2025-05,2025-04,兰州,https://www.stats.gov.cn/sj/zxfb/202505/t20250519_1959852.html,-0.1,https://www.stats.gov.cn/xxgk/sjfb/zxfb2020/202506/t20250616_1960163.html,-0.4263636601849043,-0.3684022035949813,-0.2455863505601883,-0.4692431390285492,-0.40411195158958435,-0.24709157645702362,-0.4177083671092987,-0.4377523267157102,-0.4000000059604645,-0.4490103832453123,-0.43566515723490795,0.6374848484992981,0.09835589677095413,0.26415929198265076
2025-05,2025-04,包头,https://www.stats.gov.cn/sj/zxfb/202505/t20250519_1959852.html,-0.3,https://www.stats.gov.cn/xxgk/sjfb/zxfb2020/202506/t20250616_1960163.html,-0.47175748302240844,-0.4216666742822472,-0.2948075234889984,-0.5127607583999634,-0.452791690826416,-0.31400394439697266,-0.4213506877422333,-0.48314614955321433,-0.4000000059604645,-0.49159007448456316,-0.46530230463788075,0.6470535397529602,0.120325967669487,0.232620507478714
2025-05,2025-04,北京,https://www.stats.gov.cn/sj/zxfb/202505/t20250519_1959852.html,-0.4,https://www.stats.gov.cn/xxgk/sjfb/zxfb2020/202506/t20250616_1960163.html,-0.1072102148357649,-0.016889440653435568,0.0679348036646843,-0.13745178282260895,-0.19415147602558136,0.0787765383720398,-0.08760515600442886,-0.11859888136657078,0.10000000149011612,-0.11652125214730885,-0.05201688756635453,0.5323251485824585,0.07049721479415894,0.39717763662338257
2025-05,2025-04,北海,https://www.stats.gov.cn/sj/zxfb/202505/t20250519_1959852.html,-0.6,https://www.stats.gov.cn/xxgk/sjfb/zxfb2020/202506/t20250616_1960163.html,-0.46181873202387824,-0.3706775432474902,-0.32605308294296265,-0.49432477355003357,-0.3858604431152344,-0.28929567337036133,-0.41289934515953064,-0.47320739855468413,-0.4000000059604645,-0.4786023789224845,-0.4558440593550607,0.6739606857299805,0.10422559827566147,0.22181367874145508
2025-05,2025-04,南京,https://www.stats.gov.cn/sj/zxfb/202505/t20250519_1959852.html,-0.2,https://www.stats.gov.cn/xxgk/sjfb/zxfb2020/202506/t20250616_1960163.html,-0.2830244937854395,-0.2276011407531821,-0.023395797237753868,-0.2526889443397522,-0.4215586185455322,-0.05515751242637634,-0.24665068089962006,-0.29441316031624537,-0.4000000059604645,-0.2819964705284984,-0.3157007035388207,0.6183104515075684,0.08058229833841324,0.3011072278022766
2025-05,2025-04,南充,https://www.stats.gov.cn/sj/zxfb/202505/t20250519_1959852.html,-0.3,https://www.stats.gov.cn/xxgk/sjfb/zxfb2020/202506/t20250616_1960163.html,-0.31523215203352406,-0.22117472582035563,-0.11726567149162292,-0.30931204557418823,-0.17698323726654053,-0.1078246608376503,-0.2613776624202728,-0.32662081856432995,-0.20000000298023224,-0.3138028960042854,-0.2786442890395835,0.5802310705184937,0.09380630403757095,0.3259626626968384
2025-05,2025-04,南宁,https://www.stats.gov.cn/sj/zxfb/202505/t20250519_1959852.html,0.4,https://www.stats.gov.cn/xxgk/sjfb/zxfb2020/202506/t20250616_1960163.html,-0.18860048134676646,-0.12964829108091863,0.12106364220380783,-0.1607179492712021,-0.08253689855337143,0.08036162704229355,-0.1554703563451767,-0.19998914787757233,0.10000000149011612,-0.17033552656720885,-0.08690236521955276,0.4686926305294037,0.11070068180561066,0.42060667276382446
2025-05,2025-04,南昌,https://www.stats.gov.cn/sj/zxfb/202505/t20250519_1959852.html,-0.9,https://www.stats.gov.cn/xxgk/sjfb/zxfb2020/202506/t20250616_1960163.html,-0.3059020707622114,-0.18794196824347065,-0.16505016386508942,-0.3782052993774414,-0.38818278908729553,-0.13690389692783356,-0.37474170327186584,-0.31729073729301727,-0.4000000059604645,-0.34607416715321915,-0.365165347543641,0.5581161379814148,0.07375572621822357,0.3681281507015228
2025-05,2025-04,厦门,https://www.stats.gov.cn/sj/zxfb/202505/t20250519_1959852.html,0.1,https://www.stats.gov.cn/xxgk/sjfb/zxfb2020/202506/t20250616_1960163.html,-0.2642752335545833,-0.1737316932900797,0.19320464134216309,-0.01225114893168211,-0.04736824706196785,0.15067358314990997,0.02149997651576996,-0.2756639000853892,0.10000000149011612,-0.15038577158662905,-0.06263834917565174,0.4653535485267639,0.07810184359550476,0.4565446376800537
2025-05,2025-04,合肥,https://www.stats.gov.cn/sj/zxfb/202505/t20250519_1959852.html,0.2,https://www.stats.gov.cn/xxgk/sjfb/zxfb2020/202506/t20250616_1960163.html,-0.07887024345077959,0.010296465622286415,0.13057179749011993,-0.06818009912967682,-0.004685193300247192,0.15649820864200592,-0.012147585861384869,-0.09025890998158545,0.30000001192092896,-0.06361777763627624,0.04718700093655556,0.3596433699131012,0.0859089344739914,0.5544477105140686
2025-05,2025-04,吉林,https://www.stats.gov.cn/sj/zxfb/202505/t20250519_1959852.html,0.0,https://www.stats.gov.cn/xxgk/sjfb/zxfb2020/202506/t20250616_1960163.html,-0.3925708273973526,-0.3157611818512297,-0.2716977894306183,-0.48360538482666016,-0.357034832239151,-0.2398155927658081,-0.3288029432296753,-0.4039594939281585,-0.30000001192092896,-0.43205175892213366,-0.3958549635585826,0.6211255788803101,0.11820302903652191,0.26067137718200684
2025-05,2025-04,呼和浩特,https://www.stats.gov.cn/sj/zxfb/202505/t20250519_1959852.html,-0.3,https://www.stats.gov.cn/xxgk/sjfb/zxfb2020/202506/t20250616_1960163.html,-0.4085165187886019,-0.32480041992582903,-0.15133722126483917,-0.4122227132320404,-0.33868408203125,-0.2001514434814453,-0.28551536798477173,-0.4199051853194078,-0.20000000298023224,-0.4068511655081868,-0.3440426338438935,0.6633838415145874,0.11047843843698502,0.22613775730133057
2025-05,2025-04,哈尔滨,https://www.stats.gov.cn/sj/zxfb/202505/t20250519_1959852.html,-0.1,https://www.stats.gov.cn/xxgk/sjfb/zxfb2020/202506/t20250616_1960163.html,-0.3943236305769325,-0.3033953575705951,-0.17725618183612823,-0.3826328217983246,-0.36578884720802307,-0.163142129778862,-0.3416384756565094,-0.4057122971077384,-0.30000001192092896,-0.3914607369029771,-0.3627817102756639,0.6102472543716431,0.10588651895523071,0.2838662564754486
2025-05,2025-04,唐山,https://www.stats.gov.cn/sj/zxfb/202505/t20250519_1959852.html,-0.5,https://www.stats.gov.cn/xxgk/sjfb/zxfb2020/202506/t20250616_1960163.html,-0.44507405276883,-0.37478128399290667,-0.2501627206802368,-0.46483340859413147,-0.46786415576934814,-0.2742130160331726,-0.4394449293613434,-0.4564627192996359,-0.4000000059604645,-0.4573665627717588,-0.44043204461807733,0.7263839244842529,0.09431036561727524,0.17930567264556885
2025-05,2025-04,大理,https://www.stats.gov.cn/sj/zxfb/202505/t20250519_1959852.html,-0.4,https://www.stats.gov.cn/xxgk/sjfb/zxfb2020/202506/t20250616_1960163.html,-0.49508420295403927,-0.42034117551597744,-0.31001004576683044,-0.5281966924667358,-0.4780808985233307,-0.30177783966064453,-0.5310719609260559,-0.5064728694848452,-0.6000000238418579,-0.5196184759220793,-0.5448898619311463,0.7425036430358887,0.07210217416286469,0.18539415299892426
2025-05,2025-04,大连,https://www.stats.gov.cn/sj/zxfb/202505/t20250519_1959852.html,-0.4,https://www.stats.gov.cn/xxgk/sjfb/zxfb2020/202506/t20250616_1960163.html,-0.13180875856514906,-0.07454118587117509,0.11428023129701614,-0.04402267187833786,0.1277439445257187,0.1354101598262787,-0.10051252692937851,-0.14319742509595493,0.5,-0.07345692032221708,0.10425996767523575,0.3978743553161621,0.09116381406784058,0.5109618306159973
2025-05,2025-04,天津,https://www.stats.gov.cn/sj/zxfb/202505/t20250519_1959852.html,-0.5,https://www.stats.gov.cn/xxgk/sjfb/zxfb2020/202506/t20250616_1960163.html,0.011709638285710651,0.07190373442708523,0.28508904576301575,0.07235924899578094,0.2016245573759079,0.26640480756759644,0.13829590380191803,0.0003209717549047808,0.4000000059604645,0.04794104946543632,0.1575600755703834,0.2899533808231354,0.062051404267549515,0.6479951739311218
2025-05,2025-04,太原,https://www.stats.gov.cn/sj/zxfb/202505/t20250519_1959852.html,0.0,https://www.stats.gov.cn/xxgk/sjfb/zxfb2020/202506/t20250616_1960163.html,-0.1259212753101267,-0.0357612444898052,0.2828082740306854,0.09884318709373474,0.11619355529546738,0.26939865946769714,0.20937590301036835,-0.13730994184093256,0.30000001192092896,-0.020474064233002152,0.0871777523912437,0.3301457464694977,0.08150199800729752,0.5883523225784302
2025-05,2025-04,宁波,https://www.stats.gov.cn/sj/zxfb/202505/t20250519_1959852.html,-0.1,https://www.stats.gov.cn/xxgk/sjfb/zxfb2020/202506/t20250616_1960163.html,-0.07731324060457104,-0.025150323856581343,0.17299365997314453,0.03559737652540207,-0.08748874068260193,0.18892227113246918,-0.018374131992459297,-0.0887019071353769,0.0,-0.033570087708293506,-0.017701510203324944,0.44879746437072754,0.08059629052877426,0.4706062376499176
2025-05,2025-04,安庆,https://www.stats.gov.cn/sj/zxfb/202505/t20250519_1959852.html,-0.5,https://www.stats.gov.cn/xxgk/sjfb/zxfb2020/202506/t20250616_1960163.html,-0.4822528375689679,-0.38258176390981125,-0.28018537163734436,-0.4689752161502838,-0.461124986410141,-0.29885348677635193,-0.3875795900821686,-0.4936415040997738,-0.4000000059604645,-0.479280115912792,-0.4542055754035073,0.7197803854942322,0.0827023908495903,0.19751718640327454
2025-05,2025-04,宜昌,https://www.stats.gov.cn/sj/zxfb/202505/t20250519_1959852.html,-0.1,https://www.stats.gov.cn/xxgk/sjfb/zxfb2020/202506/t20250616_1960163.html,-0.2031534873272493,-0.13247398400277383,0.14613886177539825,-0.18760956823825836,-0.11388611793518066,0.08153730630874634,-0.133959099650383,-0.21454215385805517,0.0,-0.1938092076667703,-0.13405057403210452,0.4744957387447357,0.10829190164804459,0.4172123968601227
2025-05,2025-04,岳阳,https://www.stats.gov.cn/sj/zxfb/202505/t20250519_1959852.html,-0.3,https://www.stats.gov.cn/xxgk/sjfb/zxfb2020/202506/t20250616_1960163.html,-0.51221721983681,-0.4363538783107363,-0.3068768382072449,-0.4958898425102234,-0.46727442741394043,-0.2839835584163666,-0.46772196888923645,-0.5236058863676158,-0.5,-0.5111405033712227,-0.5064985762926131,0.705247700214386,0.08960168063640594,0.20515064895153046
2025-05,2025-04,常德,https://www.stats.gov.cn/sj/zxfb/202505/t20250519_1959852.html,-0.2,https://www.stats.gov.cn/xxgk/sjfb/zxfb2020/202506/t20250616_1960163.html,-0.42294300208189534,-0.34403118332960997,-0.20445136725902557,-0.4068138599395752,-0.4230611026287079,-0.20807644724845886,-0.34533002972602844,-0.4343316686127012,-0.20000000298023224,-0.41246764290239457,-0.34704851051083624,0.6518913507461548,0.10861413180828094,0.23949453234672546
2025-05,2025-04,平顶山,https://www.stats.gov.cn/sj/zxfb/202505/t20250519_1959852.html,-0.2,https://www.stats.gov.cn/xxgk/sjfb/zxfb2020/202506/t20250616_1960163.html,-0.2449563172600869,-0.1529477721927021,0.13789917528629303,-0.08824566006660461,-0.05770347639918327,0.07694123685359955,0.026403827592730522,-0.25634498379089277,0.10000000149011612,-0.17115140837263604,-0.08153021412246042,0.4809860289096832,0.08355671167373657,0.4354572892189026
2025-05,2025-04,广州,https://www.stats.gov.cn/sj/zxfb/202505/t20250519_1959852.html,-0.8,https://www.stats.gov.cn/xxgk/sjfb/zxfb2020/202506/t20250616_1960163.html,-0.2865596729298439,-0.2171961190889647,-0.08269064873456955,-0.26110127568244934,-0.2779826819896698,-0.08961696922779083,-0.22735624015331268,-0.2979483394606498,-0.20000000298023224,-0.27838157745719744,-0.2530165393744438,0.5562342405319214,0.1183832436800003,0.3253825008869171
2025-05,2025-04,徐州,https://www.stats.gov.cn/sj/zxfb/202505/t20250519_1959852.html,-0.2,https://www.stats.gov.cn/xxgk/sjfb/zxfb2020/202506/t20250616_1960163.html,-0.4304787809360609,-0.36972132034936434,-0.2270323783159256,-0.4398536682128906,-0.5486701130867004,-0.25299257040023804,-0.41398897767066956,-0.4418674474668668,-0.4000000059604645,-0.4391553582196268,-0.427240373880074,0.7693954110145569,0.07654593139886856,0.15405869483947754
2025-05,2025-04,惠州,https://www.stats.gov.cn/sj/zxfb/202505/t20250519_1959852.html,-0.3,https://www.stats.gov.cn/xxgk/sjfb/zxfb2020/202506/t20250616_1960163.html,-0.3215212841638602,-0.2582588314186573,0.05107825994491577,-0.2110396921634674,-0.29551783204078674,-0.033602070063352585,-0.16585606336593628,-0.3329099506946661,0.10000000149011612,-0.26329217092302726,-0.14798321378933912,0.5802227854728699,0.09538561850786209,0.32439154386520386
2025-05,2025-04,成都,https://www.stats.gov.cn/sj/zxfb/202505/t20250519_1959852.html,0.1,https://www.stats.gov.cn/xxgk/sjfb/zxfb2020/202506/t20250616_1960163.html,0.1555353456930702,0.21714778714971064,0.43475475907325745,0.3069656491279602,0.19212645292282104,0.44275912642478943,0.35900649428367615,0.14414667916226434,0.30000001192092896,0.21814793659252862,0.2503707800703845,0.21029198169708252,0.05106241628527641,0.7386456727981567
2025-05,2025-04,扬州,https://www.stats.gov.cn/sj/zxfb/202505/t20250519_1959852.html,-0.9,https://www.stats.gov.cn/xxgk/sjfb/zxfb2020/202506/t20250616_1960163.html,-0.3307699541266939,-0.2281664153903555,-0.05312377214431763,-0.2903375029563904,-0.21621783077716827,-0.08378756046295166,-0.27158764004707336,-0.3421586206574998,-0.10000000149011612,-0.3099432038321541,-0.24416537503466876,0.6209794878959656,0.09838927537202835,0.28063124418258667
2025-05,2025-04,无锡,https://www.stats.gov.cn/sj/zxfb/202505/t20250519_1959852.html,-0.4,https://www.stats.gov.cn/xxgk/sjfb/zxfb2020/202506/t20250616_1960163.html,-0.3185025207803514,-0.26963663195185955,-0.07169491797685623,-0.30582666397094727,-0.36968085169792175,-0.0935530886054039,-0.25506484508514404,-0.3298911873111573,-0.30000001192092896,-0.31864540854408796,-0.31190595440101115,0.6898621320724487,0.07550261914730072,0.23463526368141174
2025-05,2025-04,昆明,https://www.stats.gov.cn/sj/zxfb/202505/t20250519_1959852.html,-0.5,https://www.stats.gov.cn/xxgk/sjfb/zxfb2020/202506/t20250616_1960163.html,-0.4849017927674852,-0.40416721299027164,-0.2667516767978668,-0.47370973229408264,-0.521494448184967,-0.269056499004364,-0.4316904544830322,-0.4962904592982911,-0.4000000059604645,-0.4826679749869934,-0.45666673251761275,0.6817569732666016,0.09574012458324432,0.2225029021501541
2025-05,2025-04,杭州,https://www.stats.gov.cn/sj/zxfb/202505/t20250519_1959852.html,0.8,https://www.stats.gov.cn/xxgk/sjfb/zxfb2020/202506/t20250616_1960163.html,0.11689371176582736,0.22521433528325382,0.40168797969818115,0.25698500871658325,0.2923024594783783,0.3913866877555847,0.25604867935180664,0.1055050452350215,0.4000000059604645,0.18107827833835935,0.25416335330402307,0.18355441093444824,0.030688395723700523,0.7857571840286255
2025-05,2025-04,桂林,https://www.stats.gov.cn/sj/zxfb/202505/t20250519_1959852.html,-0.4,https://www.stats.gov.cn/xxgk/sjfb/zxfb2020/202506/t20250616_1960163.html,-0.35914455005666107,-0.23729686416993379,-0.10232488065958023,-0.3028217852115631,-0.30185940861701965,-0.11031267791986465,-0.25015369057655334,-0.37053321658746696,-0.20000000298023224,-0.3350022524533972,-0.29111833492642075,0.5466217398643494,0.08425112813711166,0.3691271245479584
2025-05,2025-04,武汉,https://www.stats.gov.cn/sj/zxfb/202505/t20250519_1959852.html,-0.7,https://www.stats.gov.cn/xxgk/sjfb/zxfb2020/202506/t20250616_1960163.html,-0.25265751933880276,-0.19057215541329595,-0.0415673591196537,-0.22544243931770325,-0.20742495357990265,-0.04524557664990425,-0.1533861607313156,-0.26404618586960865,-0.20000000298023224,-0.24528186213833786,-0.22982954272251468,0.5168209671974182,0.08620568364858627,0.39697331190109253
2025-05,2025-04,沈阳,https://www.stats.gov.cn/sj/zxfb/202505/t20250519_1959852.html,0.3,https://www.stats.gov.cn/xxgk/sjfb/zxfb2020/202506/t20250616_1960163.html,-0.4155541175515825,-0.30108408098471345,-0.06448212265968323,-0.34705856442451477,-0.38476261496543884,-0.13462133705615997,-0.3230077028274536,-0.4269427840823884,-0.4000000059604645,-0.39286338597797466,-0.39133378482245584,0.6329182982444763,0.06841269880533218,0.2986690104007721
2025-05,2025-04,泉州,https://www.stats.gov.cn/sj/zxfb/202505/t20250519_1959852.html,-0.3,https://www.stats.gov.cn/xxgk/sjfb/zxfb2020/202506/t20250616_1960163.html,-0.14529777206273314,-0.07613582412146236,0.18831884860992432,-0.07831966876983643,-0.12048319727182388,0.15550196170806885,-0.3243466317653656,-0.156686438593539,0.30000001192092896,-0.10389791850317814,0.02166463485251784,0.40051016211509705,0.11274751275777817,0.4867423176765442
2025-05,2025-04,泸州,https://www.stats.gov.cn/sj/zxfb/202505/t20250519_1959852.html,-0.5,https://www.stats.gov.cn/xxgk/sjfb/zxfb2020/202506/t20250616_1960163.html,-0.4096331028676056,-0.3295021535523022,-0.24020464718341827,-0.4578220844268799,-0.29835161566734314,-0.2132492959499359,-0.3874794542789459,-0.4210217693984115,-0.4000000059604645,-0.435217029440111,-0.42628128659525194,0.6089022159576416,0.10553990304470062,0.2855578362941742
2025-05,2025-04,洛阳,https://www.stats.gov.cn/sj/zxfb/202505/t20250519_1959852.html,-0.4,https://www.stats.gov.cn/xxgk/sjfb/zxfb2020/202506/t20250616_1960163.html,-0.32916696288840724,-0.24064687703689605,-0.17439840734004974,-0.30831223726272583,-0.21992053091526031,-0.1154189333319664,-0.17496375739574432,-0.34055562941921314,-0.10000000149011612,-0.3164673202210768,-0.24962262272401836,0.5350803136825562,0.11213715374469757,0.35278254747390747
2025-05,2025-04,济南,https://www.stats.gov.cn/sj/zxfb/202505/t20250519_1959852.html,-0.3,https://www.stats.gov.cn/xxgk/sjfb/zxfb2020/202506/t20250616_1960163.html,-0.0901191973791553,-0.012271771134375033,0.15298090875148773,-0.11786973476409912,-0.1310531198978424,0.13148045539855957,-0.07041559368371964,-0.10150786390996117,0.0,-0.10367306474899096,-0.07312586622468677,0.45009535551071167,0.09346155822277069,0.45644301176071167
2025-05,2025-04,济宁,https://www.stats.gov.cn/sj/zxfb/202505/t20250519_1959852.html,-0.4,https://www.stats.gov.cn/xxgk/sjfb/zxfb2020/202506/t20250616_1960163.html,-0.4233261402887695,-0.3284694893190783,-0.21171724796295166,-0.3425893187522888,-0.36083999276161194,-0.1715420037508011,-0.30664753913879395,-0.4347148068195754,-0.30000001192092896,-0.39075041896882096,-0.3591013791642644,0.7154359817504883,0.07547013461589813,0.20909389853477478
2025-05,2025-04,海口,https://www.stats.gov.cn/sj/zxfb/202505/t20250519_1959852.html,-0.7,https://www.stats.gov.cn/xxgk/sjfb/zxfb2020/202506/t20250616_1960163.html,-0.18814850389506807,-0.13771232261303468,0.031212730333209038,-0.1728503257036209,-0.2857309877872467,-0.021757230162620544,-0.16749413311481476,-0.19953717042587393,-0.20000000298023224,-0.18857804937702657,-0.19079583303657568,0.5946934819221497,0.11564841121435165,0.2896581292152405
2025-05,2025-04,深圳,https://www.stats.gov.cn/sj/zxfb/202505/t20250519_1959852.html,-0.4,https://www.stats.gov.cn/xxgk/sjfb/zxfb2020/202506/t20250616_1960163.html,-0.22108564359186092,-0.12195510819349628,-0.0005938410758972168,-0.11982619762420654,-0.1251915544271469,0.06098238378763199,-0.089852474629879,-0.23247431012266678,-0.10000000149011612,-0.18016696040325295,-0.15076683641232982,0.43741917610168457,0.06636592745780945,0.4962148666381836
2025-05,2025-04,温州,https://www.stats.gov.cn/sj/zxfb/202505/t20250519_1959852.html,-0.2,https://www.stats.gov.cn/xxgk/sjfb/zxfb2020/202506/t20250616_1960163.html,-0.42871951472629605,-0.33924587269597045,-0.17778533697128296,-0.41246557235717773,-0.2910921275615692,-0.1937159299850464,-0.2682637870311737,-0.44010818125710194,-0.20000000298023224,-0.4179329324332338,-0.3508579188648373,0.588843047618866,0.12027056515216827,0.29088640213012695
2025-05,2025-04,湛江,https://www.stats.gov.cn/sj/zxfb/202505/t20250519_1959852.html,-0.1,https://www.stats.gov.cn/xxgk/sjfb/zxfb2020/202506/t20250616_1960163.html,-0.3618955551700113,-0.27699595406089844,-0.09044168144464493,-0.26925164461135864,-0.1429028958082199,-0.09133850783109665,-0.26949357986450195,-0.3732842217008172,-0.20000000298023224,-0.3226856477943797,-0.28084528976413603,0.582654595375061,0.08188515156507492,0.33546027541160583
2025-05,2025-04,烟台,https://www.stats.gov.cn/sj/zxfb/202505/t20250519_1959852.html,-0.1,https://www.stats.gov.cn/xxgk/sjfb/zxfb2020/202506/t20250616_1960163.html,-0.316603826908428,-0.21880245582742514,-0.14267899096012115,-0.28351134061813354,-0.17034733295440674,-0.13029856979846954,-0.10668354481458664,-0.32799249343923387,0.10000000149011612,-0.290436647997834,-0.1705012775224171,0.6134031414985657,0.07600028812885284,0.3105965554714203
2025-05,2025-04,牡丹江,https://www.stats.gov.cn/sj/zxfb/202505/t20250519_1959852.html,0.1,https://www.stats.gov.cn/xxgk/sjfb/zxfb2020/202506/t20250616_1960163.html,-0.3972825532640493,-0.3106350810329851,-0.24702024459838867,-0.43486863374710083,-0.4000098705291748,-0.21482901275157928,-0.30995187163352966,-0.4086712197948552,-0.20000000298023224,-0.41006202066049274,-0.3478466188407294,0.6404222846031189,0.11366908252239227,0.24590854346752167
2025-05,2025-04,石家庄,https://www.stats.gov.cn/sj/zxfb/202505/t20250519_1959852.html,-0.3,https://www.stats.gov.cn/xxgk/sjfb/zxfb2020/202506/t20250616_1960163.html,-0.2752718504092905,-0.19615235089052327,-0.14243115484714508,-0.30101293325424194,-0.237726092338562,-0.10447655618190765,-0.2319180965423584,-0.28666051694009637,-0.20000000298023224,-0.28866691244280773,-0.26255781772485687,0.5450223088264465,0.08866065740585327,0.3663170337677002
2025-05,2025-04,福州,https://www.stats.gov.cn/sj/zxfb/202505/t20250519_1959852.html,-0.2,https://www.stats.gov.cn/xxgk/sjfb/zxfb2020/202506/t20250616_1960163.html,-0.17705076386561405,-0.09419875086862925,0.12399524450302124,-0.07328049093484879,-0.04724046587944031,0.12204056978225708,0.02323262393474579,-0.18843943039641992,0.20000000298023224,-0.123583587549313,-0.020573306117012153,0.3833138048648834,0.09247620403766632,0.5242099761962891
2025-05,2025-04,秦皇岛,https://www.stats.gov.cn/sj/zxfb/202505/t20250519_1959852.html,-0.5,https://www.stats.gov.cn/xxgk/sjfb/zxfb2020/202506/t20250616_1960163.html,-0.5305398695329551,-0.4518799166763238,-0.30394649505615234,-0.5210851430892944,-0.5581057667732239,-0.3090916574001312,-0.35636600852012634,-0.5419285360637609,-0.30000001192092896,-0.5224688387844751,-0.45433789702466143,0.7118281126022339,0.09509400278329849,0.19307787716388702
2025-05,2025-04,蚌埠,https://www.stats.gov.cn/sj/zxfb/202505/t20250519_1959852.html,-0.4,https://www.stats.gov.cn/xxgk/sjfb/zxfb2020/202506/t20250616_1960163.html,-0.45728618072431587,-0.37019188102739403,-0.21425171196460724,-0.46811264753341675,-0.49685147404670715,-0.25287479162216187,-0.43262484669685364,-0.46867484725512176,-0.5,-0.4698528045027759,-0.4789291649295128,0.7584291696548462,0.07366564869880676,0.16790510714054108
2025-05,2025-04,襄阳,https://www.stats.gov.cn/sj/zxfb/202505/t20250519_1959852.html,-0.4,https://www.stats.gov.cn/xxgk/sjfb/zxfb2020/202506/t20250616_1960163.html,-0.2988730452283616,-0.2216233341147349,-0.06386946886777878,-0.30695948004722595,-0.28090211749076843,-0.08634182065725327,-0.23602592945098877,-0.3102617117591675,-0.10000000149011612,-0.29944372674458136,-0.23907373109883653,0.5433037281036377,0.11298853158950806,0.34370774030685425
2025-05,2025-04,西宁,https://www.stats.gov.cn/sj/zxfb/202505/t20250519_1959852.html,0.0,https://www.stats.gov.cn/xxgk/sjfb/zxfb2020/202506/t20250616_1960163.html,-0.38452688814274366,-0.2929673376771379,-0.20956148207187653,-0.40429314970970154,-0.4102136194705963,-0.17627017199993134,-0.3129155933856964,-0.39591555467354955,-0.30000001192092896,-0.3950473219464594,-0.36673623876806,0.62403404712677,0.10763374716043472,0.26833218336105347
2025-05,2025-04,西安,https://www.stats.gov.cn/sj/zxfb/202505/t20250519_1959852.html,-0.4,https://www.stats.gov.cn/xxgk/sjfb/zxfb2020/202506/t20250616_1960163.html,-0.24030152752935632,-0.17507384187415612,-0.1685924082994461,-0.3820197880268097,-0.25517305731773376,-0.1810036301612854,-0.31972554326057434,-0.2516901940601622,-0.30000001192092896,-0.3074859302891676,-0.3112366646693003,0.6300070881843567,0.12219180911779404,0.24780115485191345
2025-05,2025-04,贵阳,https://www.stats.gov.cn/sj/zxfb/202505/t20250519_1959852.html,-0.4,https://www.stats.gov.cn/xxgk/sjfb/zxfb2020/202506/t20250616_1960163.html,-0.3307903200207872,-0.2500530963093518,-0.11800085753202438,-0.35640135407447815,-0.2576083838939667,-0.1466103047132492,-0.29587802290916443,-0.34217898655159307,-0.30000001192092896,-0.34613302603610047,-0.33286011751566674,0.5934081673622131,0.11710576713085175,0.2894860804080963
2025-05,2025-04,赣州,https://www.stats.gov.cn/sj/zxfb/202505/t20250519_1959852.html,0.1,https://www.stats.gov.cn/xxgk/sjfb/zxfb2020/202506/t20250616_1960163.html,-0.26844459908571505,-0.19339665810337042,-0.03308622166514397,-0.20176807045936584,-0.20612752437591553,-0.036357223987579346,-0.18240685760974884,-0.27983326561652094,-0.20000000298023224,-0.2441228253350696,-0.2272004463520397,0.48228034377098083,0.09383710473775864,0.42388254404067993
2025-05,2025-04,遵义,https://www.stats.gov.cn/sj/zxfb/202505/t20250519_1959852.html,-0.2,https://www.stats.gov.cn/xxgk/sjfb/zxfb2020/202506/t20250616_1960163.html,-0.1509397296678679,-0.07578795435962069,0.037103161215782166,-0.14948786795139313,-0.11566313356161118,0.03915861248970032,-0.04598952457308769,-0.16232839619867376,0.20000000298023224,-0.14074477887867226,-0.03727208705661156,0.44866102933883667,0.09518959373235703,0.4561493396759033
2025-05,2025-04,郑州,https://www.stats.gov.cn/sj/zxfb/202505/t20250519_1959852.html,-0.5,https://www.stats.gov.cn/xxgk/sjfb/zxfb2020/202506/t20250616_1960163.html,-0.2580895792896438,-0.20219511930972875,0.06656467169523239,-0.14539340138435364,-0.14246873557567596,0.04489707946777344,-0.18126745522022247,-0.2694782458204497,0.10000000149011612,-0.20180299186042377,-0.10495721523822908,0.5168792009353638,0.11061805486679077,0.37250274419784546
2025-05,2025-04,重庆,https://www.stats.gov.cn/sj/zxfb/202505/t20250519_1959852.html,-0.5,https://www.stats.gov.cn/xxgk/sjfb/zxfb2020/202506/t20250616_1960163.html,-0.06374482150628369,0.022269978957404672,0.2640853226184845,0.10967209190130234,0.12857533991336823,0.2601603865623474,0.17523856461048126,-0.07513348803708955,0.30000001192092896,0.017778915841140858,0.1115128719283806,0.26746150851249695,0.05987356975674629,0.6726649403572083
2025-05,2025-04,金华,https://www.stats.gov.cn/sj/zxfb/202505/t20250519_1959852.html,-0.2,https://www.stats.gov.cn/xxgk/sjfb/zxfb2020/202506/t20250616_1960163.html,-0.31507900286879637,-0.23497715557236565,-0.07883657515048981,-0.280624657869339,-0.3231847286224365,-0.038048893213272095,-0.2189265489578247,-0.32646766939960226,-0.10000000149011612,-0.297417773824834,-0.23569744291968578,0.5577878952026367,0.12780693173408508,0.3144052028656006
2025-05,2025-04,银川,https://www.stats.gov.cn/sj/zxfb/202505/t20250519_1959852.html,-0.3,https://www.stats.gov.cn/xxgk/sjfb/zxfb2020/202506/t20250616_1960163.html,-0.37876159701880535,-0.290202247705073,-0.16076664626598358,-0.3697231709957123,-0.3875499665737152,-0.18782839179039001,-0.41802167892456055,-0.39015026354961124,-0.6000000238418579,-0.39118660448820186,-0.4532911527957271,0.69195556640625,0.060353197157382965,0.24769124388694763
2025-05,2025-04,锦州,https://www.stats.gov.cn/sj/zxfb/202505/t20250519_1959852.html,-0.1,https://www.stats.gov.cn/xxgk/sjfb/zxfb2020/202506/t20250616_1960163.html,-0.4615871133568259,-0.36518396115741075,-0.2212505340576172,-0.45803236961364746,-0.34590449929237366,-0.23801998794078827,-0.42059314250946045,-0.4729757798876318,-0.5,-0.46804328975250165,-0.4770027165004264,0.6737803816795349,0.079892098903656,0.2463274747133255
2025-05,2025-04,长春,https://www.stats.gov.cn/sj/zxfb/202505/t20250519_1959852.html,-0.7,https://www.stats.gov.cn/xxgk/sjfb/zxfb2020/202506/t20250616_1960163.html,-0.3727107709963458,-0.2832786139556806,-0.0964222177863121,-0.3183183968067169,-0.26419636607170105,-0.10957326740026474,-0.2325221747159958,-0.3840994375271517,-0.20000000298023224,-0.34875238483115295,-0.30080594577136693,0.5856364965438843,0.09620730578899384,0.3181562125682831
2025-05,2025-04,长沙,https://www.stats.gov.cn/sj/zxfb/202505/t20250519_1959852.html,0.3,https://www.stats.gov.cn/xxgk/sjfb/zxfb2020/202506/t20250616_1960163.html,-0.07174699168327045,-0.012612193161084952,0.07249107956886292,-0.11669771373271942,-0.03369017317891121,0.10474556684494019,-0.1264820545911789,-0.08313565821407631,0.20000000298023224,-0.0842065096788949,5.554367781216799e-05,0.42185965180397034,0.11301261186599731,0.46512776613235474
2025-05,2025-04,青岛,https://www.stats.gov.cn/sj/zxfb/202505/t20250519_1959852.html,0.0,https://www.stats.gov.cn/xxgk/sjfb/zxfb2020/202506/t20250616_1960163.html,-0.12271947304908518,-0.05293094400629162,0.16770131886005402,-0.08964280784130096,-0.020287705585360527,0.13416370749473572,-0.06779586523771286,-0.13410813957989104,0.10000000149011612,-0.10528133957785321,-0.04125031531035863,0.3748302459716797,0.10686324536800385,0.5183065533638
2025-05,2025-04,韶关,https://www.stats.gov.cn/sj/zxfb/202505/t20250519_1959852.html,-0.1,https://www.stats.gov.cn/xxgk/sjfb/zxfb2020/202506/t20250616_1960163.html,-0.42974683842819056,-0.3323019767507966,-0.23554615676403046,-0.41713589429855347,-0.401439905166626,-0.21152380108833313,-0.3649681806564331,-0.44113550495899645,-0.30000001192092896,-0.42491173597549864,-0.3860904703928263,0.6861287951469421,0.08388331532478333,0.22998790442943573
2025-06,2025-05,三亚,https://www.stats.gov.cn/xxgk/sjfb/zxfb2020/202506/t20250616_1960163.html,0.1,https://www.stats.gov.cn/sj/zxfb/202507/t20250715_1960403.html,-0.27977719838341364,-0.17776753216222319,-0.10365793108940125,-0.21197056770324707,0.02333427220582962,-0.15595528483390808,-0.16387750208377838,-0.3036141248374989,0.10000000149011612,-0.2408667866087118,-0.13852823035020992,0.5285019278526306,0.12146089971065521,0.350037157535553
2025-06,2025-05,上海,https://www.stats.gov.cn/xxgk/sjfb/zxfb2020/202506/t20250616_1960163.html,0.4,https://www.stats.gov.cn/sj/zxfb/202507/t20250715_1960403.html,0.08167908069797451,0.22417438358614203,0.4852919280529022,0.41492071747779846,0.46722912788391113,0.4426353871822357,0.4201296269893646,0.05784215424388925,0.699999988079071,0.2497617426469197,0.39092095326691956,0.20959791541099548,0.03278178349137306,0.7576203346252441
2025-06,2025-05,丹东,https://www.stats.gov.cn/xxgk/sjfb/zxfb2020/202506/t20250616_1960163.html,0.1,https://www.stats.gov.cn/sj/zxfb/202507/t20250715_1960403.html,-0.434133742306784,-0.34064320121444225,-0.38937512040138245,-0.4240390658378601,-0.3167182207107544,-0.371563583612442,-0.3173520267009735,-0.4579706687608692,-0.20000000298023224,-0.4286065738728849,-0.3606699125263206,0.7586594820022583,0.07239174842834473,0.16894875466823578
2025-06,2025-05,乌鲁木齐,https://www.stats.gov.cn/xxgk/sjfb/zxfb2020/202506/t20250616_1960163.html,0.2,https://www.stats.gov.cn/sj/zxfb/202507/t20250715_1960403.html,-0.1556161441892328,-0.039262204992096456,0.0057893842458724976,-0.05512239411473274,0.15933789312839508,0.021315377205610275,0.05776943638920784,-0.17945307064331806,0.4000000059604645,-0.09252417637151794,0.05514151373413789,0.4233787953853607,0.08957020193338394,0.48705101013183594
2025-06,2025-05,九江,https://www.stats.gov.cn/xxgk/sjfb/zxfb2020/202506/t20250616_1960163.html,0.1,https://www.stats.gov.cn/sj/zxfb/202507/t20250715_1960403.html,-0.35775403231738406,-0.2708025554050593,-0.27223870158195496,-0.2792643904685974,-0.12076228857040405,-0.23416797816753387,-0.23082447052001953,-0.3815909587714693,0.20000000298023224,-0.3041322429166968,-0.15361844875327815,0.6640663146972656,0.08244865387678146,0.2534850239753723
2025-06,2025-05,兰州,https://www.stats.gov.cn/xxgk/sjfb/zxfb2020/202506/t20250616_1960163.html,-0.2,https://www.stats.gov.cn/sj/zxfb/202507/t20250715_1960403.html,-0.5084859691320883,-0.396459014576228,-0.4842752516269684,-0.4467920660972595,-0.33398333191871643,-0.41441184282302856,-0.24538226425647736,-0.5323228955861736,-0.10000000149011612,-0.4706179928385238,-0.3597049877245164,0.7380890846252441,0.0750749483704567,0.18683597445487976
2025-06,2025-05,包头,https://www.stats.gov.cn/xxgk/sjfb/zxfb2020/202506/t20250616_1960163.html,-0.5,https://www.stats.gov.cn/sj/zxfb/202507/t20250715_1960403.html,-0.5441682882263322,-0.438424210878885,-0.501794695854187,-0.5454190969467163,-0.4050500690937042,-0.4708685278892517,-0.3929557800292969,-0.5680052146804175,-0.30000001192092896,-0.5430193815534359,-0.4711414411826876,0.7762477397918701,0.07158985733985901,0.15216240286827087
2025-06,2025-05,北京,https://www.stats.gov.cn/xxgk/sjfb/zxfb2020/202506/t20250616_1960163.html,-0.3,https://www.stats.gov.cn/sj/zxfb/202507/t20250715_1960403.html,-0.4153644749603636,-0.31978773506948643,-0.29118043184280396,-0.39137110114097595,-0.42774614691734314,-0.27064186334609985,-0.40701761841773987,-0.43920140141444886,-0.4000000059604645,-0.41613882672793845,-0.4101908361719631,0.8130173683166504,0.04638542979955673,0.1405971497297287
2025-06,2025-05,北海,https://www.stats.gov.cn/xxgk/sjfb/zxfb2020/202506/t20250616_1960163.html,-0.4,https://www.stats.gov.cn/sj/zxfb/202507/t20250715_1960403.html,-0.6663907277329655,-0.5547503480862492,-0.559223473072052,-0.6141370534896851,-0.5468385219573975,-0.5566571950912476,-0.5717095732688904,-0.6902276541870508,-0.6000000238418579,-0.6519644520740338,-0.6347882438395313,0.8216835856437683,0.06231243535876274,0.11600401252508163
2025-06,2025-05,南京,https://www.stats.gov.cn/xxgk/sjfb/zxfb2020/202506/t20250616_1960163.html,-1.0,https://www.stats.gov.cn/sj/zxfb/202507/t20250715_1960403.html,-0.4729599198049938,-0.37025776067553834,-0.19921629130840302,-0.2708251178264618,-0.3504808843135834,-0.25309136509895325,-0.3948793113231659,-0.49679684625907905,-0.20000000298023224,-0.38153444520526236,-0.322540655688591,0.7376923561096191,0.0729483962059021,0.18935924768447876
2025-06,2025-05,南充,https://www.stats.gov.cn/xxgk/sjfb/zxfb2020/202506/t20250616_1960163.html,-0.6,https://www.stats.gov.cn/sj/zxfb/202507/t20250715_1960403.html,-0.4532712968768141,-0.32447654321929176,-0.34860658645629883,-0.36617574095726013,-0.227023646235466,-0.34452933073043823,-0.3648960590362549,-0.47710822333089936,-0.30000001192092896,-0.4187500480521356,-0.38109465873636283,0.6894508004188538,0.07572619616985321,0.23482298851013184
2025-06,2025-05,南宁,https://www.stats.gov.cn/xxgk/sjfb/zxfb2020/202506/t20250616_1960163.html,0.1,https://www.stats.gov.cn/sj/zxfb/202507/t20250715_1960403.html,-0.24223537953238022,-0.12180779705747519,0.043324172496795654,-0.04231257364153862,0.10615550726652145,0.04674474149942398,0.20302586257457733,-0.2660723059864655,0.4000000059604645,-0.1309115053753529,0.03053837544415346,0.48881474137306213,0.08020619302988052,0.43097907304763794
2025-06,2025-05,南昌,https://www.stats.gov.cn/xxgk/sjfb/zxfb2020/202506/t20250616_1960163.html,-0.8,https://www.stats.gov.cn/sj/zxfb/202507/t20250715_1960403.html,-0.6437073454291197,-0.5335294722454295,-0.5949323773384094,-0.6342864036560059,-0.7601473331451416,-0.5740498304367065,-0.7052228450775146,-0.667544271883205,-0.8999999761581421,-0.6661809115652277,-0.7339435505657844,0.8606009483337402,0.0367925763130188,0.10260643064975739
2025-06,2025-05,厦门,https://www.stats.gov.cn/xxgk/sjfb/zxfb2020/202506/t20250616_1960163.html,-0.5,https://www.stats.gov.cn/sj/zxfb/202507/t20250715_1960403.html,-0.3832039627080898,-0.2538425147869316,0.043068766593933105,-0.07538758218288422,-0.0970301702618599,-0.04763627424836159,-0.02067125029861927,-0.40704088916217507,0.10000000149011612,-0.2338369928625108,-0.12747615661831438,0.5946081876754761,0.06775373965501785,0.33763808012008667
2025-06,2025-05,合肥,https://www.stats.gov.cn/xxgk/sjfb/zxfb2020/202506/t20250616_1960163.html,0.1,https://www.stats.gov.cn/sj/zxfb/202507/t20250715_1960403.html,-0.21355631118503632,-0.1091172250778166,-0.08780896663665771,-0.1317790299654007,-0.04745866358280182,-0.04617219418287277,-0.12479748576879501,-0.23739323763912157,0.20000000298023224,-0.1666481122068985,-0.05639075487476334,0.5256090760231018,0.09979509562253952,0.3745958209037781
2025-06,2025-05,吉林,https://www.stats.gov.cn/xxgk/sjfb/zxfb2020/202506/t20250616_1960163.html,-0.4,https://www.stats.gov.cn/sj/zxfb/202507/t20250715_1960403.html,-0.3863167703188753,-0.2781175476325235,-0.4035675525665283,-0.44767647981643677,-0.2928905189037323,-0.3596690595149994,-0.1894599348306656,-0.41015369677296054,0.0,-0.4033368054710549,-0.28594339219646575,0.6365402936935425,0.11162757873535156,0.25183209776878357
2025-06,2025-05,呼和浩特,https://www.stats.gov.cn/xxgk/sjfb/zxfb2020/202506/t20250616_1960163.html,-0.1,https://www.stats.gov.cn/sj/zxfb/202507/t20250715_1960403.html,-0.5104781473754557,-0.40531002449577813,-0.4103347063064575,-0.5243391990661621,-0.4483741223812103,-0.4590660035610199,-0.4194701910018921,-0.534315073829541,-0.30000001192092896,-0.5167290386025513,-0.45288476160554403,0.7605794072151184,0.08404944092035294,0.15537115931510925
2025-06,2025-05,哈尔滨,https://www.stats.gov.cn/xxgk/sjfb/zxfb2020/202506/t20250616_1960163.html,-0.1,https://www.stats.gov.cn/sj/zxfb/202507/t20250715_1960403.html,-0.4640737317708457,-0.3686751902996572,-0.30175644159317017,-0.3456261456012726,-0.32455432415008545,-0.3096456527709961,-0.2743237316608429,-0.48791065822493096,-0.10000000149011612,-0.40397756032191345,-0.31117893510543987,0.7186509966850281,0.08192680776119232,0.1994221955537796
2025-06,2025-05,唐山,https://www.stats.gov.cn/xxgk/sjfb/zxfb2020/202506/t20250616_1960163.html,-0.7,https://www.stats.gov.cn/sj/zxfb/202507/t20250715_1960403.html,-0.5987302737436789,-0.49695119595913906,-0.5067790150642395,-0.6015849113464355,-0.5236400365829468,-0.5476051568984985,-0.523510754108429,-0.6225672001977642,-0.5,-0.6064970791147211,-0.5747173705147333,0.8240114450454712,0.06302763521671295,0.11296091973781586
2025-06,2025-05,大理,https://www.stats.gov.cn/xxgk/sjfb/zxfb2020/202506/t20250616_1960163.html,-0.3,https://www.stats.gov.cn/sj/zxfb/202507/t20250715_1960403.html,-0.557645501945514,-0.4533946179493281,-0.4705069959163666,-0.557197093963623,-0.3348630964756012,-0.4902555048465729,-0.4078120291233063,-0.5814824283995993,-0.4000000059604645,-0.5606441366566062,-0.5128931761078955,0.7949143648147583,0.06651081144809723,0.13857479393482208
2025-06,2025-05,大连,https://www.stats.gov.cn/xxgk/sjfb/zxfb2020/202506/t20250616_1960163.html,-0.2,https://www.stats.gov.cn/sj/zxfb/202507/t20250715_1960403.html,-0.4632483224620056,-0.3649145047504724,-0.2646962106227875,-0.37900280952453613,-0.38010644912719727,-0.3001719117164612,-0.3999702036380768,-0.48708524891609084,-0.4000000059604645,-0.4350552531697375,-0.4220293548003638,0.7529580593109131,0.05785050988197327,0.18919138610363007
2025-06,2025-05,天津,https://www.stats.gov.cn/xxgk/sjfb/zxfb2020/202506/t20250616_1960163.html,-0.2,https://www.stats.gov.cn/sj/zxfb/202507/t20250715_1960403.html,-0.4558418371215615,-0.30571740522305574,-0.2674137353897095,-0.35474836826324463,-0.39206674695014954,-0.2995205223560333,-0.34793463349342346,-0.47967876357564676,-0.5,-0.426373251060688,-0.4448090439462971,0.6815065145492554,0.050314463675022125,0.2681789994239807
2025-06,2025-05,太原,https://www.stats.gov.cn/xxgk/sjfb/zxfb2020/202506/t20250616_1960163.html,0.1,https://www.stats.gov.cn/sj/zxfb/202507/t20250715_1960403.html,-0.2986718161086979,-0.17052176969933913,-0.013625944964587688,-0.09355476498603821,-0.1191457137465477,-0.0603494867682457,-0.034928370267152786,-0.32250874256278317,0.0,-0.20449384801474674,-0.13868783584960712,0.5011938214302063,0.09753179550170898,0.4012743830680847
2025-06,2025-05,宁波,https://www.stats.gov.cn/xxgk/sjfb/zxfb2020/202506/t20250616_1960163.html,0.3,https://www.stats.gov.cn/sj/zxfb/202507/t20250715_1960403.html,-0.41257442224896473,-0.28758606230689954,-0.09423080086708069,-0.15390010178089142,-0.17084050178527832,-0.18376395106315613,-0.2356199026107788,-0.43641134870305,-0.10000000149011612,-0.2942669354193806,-0.23010381732468585,0.6541395783424377,0.06755481660366058,0.27830561995506287
2025-06,2025-05,安庆,https://www.stats.gov.cn/xxgk/sjfb/zxfb2020/202506/t20250616_1960163.html,-0.3,https://www.stats.gov.cn/sj/zxfb/202507/t20250715_1960403.html,-0.6478577476295099,-0.5272161550129061,-0.5632097721099854,-0.6121270656585693,-0.5910266041755676,-0.5733665227890015,-0.5064899921417236,-0.6716946740835952,-0.5,-0.6360308178305982,-0.5946072465807215,0.8393743634223938,0.05429920554161072,0.10632643848657608
2025-06,2025-05,宜昌,https://www.stats.gov.cn/xxgk/sjfb/zxfb2020/202506/t20250616_1960163.html,0.1,https://www.stats.gov.cn/sj/zxfb/202507/t20250715_1960403.html,-0.40684948065507676,-0.27116637366904356,-0.10838639736175537,-0.23949381709098816,-0.3525714874267578,-0.16801227629184723,-0.18798421323299408,-0.430686407109162,-0.10000000149011612,-0.3286686148220017,-0.25672674189675543,0.6297609210014343,0.0850011557340622,0.2852379083633423
2025-06,2025-05,岳阳,https://www.stats.gov.cn/xxgk/sjfb/zxfb2020/202506/t20250616_1960163.html,-0.4,https://www.stats.gov.cn/sj/zxfb/202507/t20250715_1960403.html,-0.6085762845656658,-0.4911169115305941,-0.5338962078094482,-0.5529686808586121,-0.5274755954742432,-0.4954501986503601,-0.38187339901924133,-0.6324132110197511,-0.30000001192092896,-0.5790056385825364,-0.49512730126643073,0.7874448895454407,0.07183146476745605,0.14072373509407043
2025-06,2025-05,常德,https://www.stats.gov.cn/xxgk/sjfb/zxfb2020/202506/t20250616_1960163.html,-0.4,https://www.stats.gov.cn/sj/zxfb/202507/t20250715_1960403.html,-0.5265525785780633,-0.43212722405584225,-0.395317405462265,-0.4530545175075531,-0.36662817001342773,-0.41638660430908203,-0.3344465494155884,-0.5503895050321486,-0.20000000298023224,-0.48816840778723697,-0.4011480085066446,0.7805364727973938,0.07143654674291611,0.14802703261375427
2025-06,2025-05,平顶山,https://www.stats.gov.cn/xxgk/sjfb/zxfb2020/202506/t20250616_1960163.html,-0.3,https://www.stats.gov.cn/sj/zxfb/202507/t20250715_1960403.html,-0.3938903745401607,-0.27677284808350655,-0.16576997935771942,-0.29006361961364746,-0.24094460904598236,-0.21772019565105438,-0.2210117131471634,-0.41772730099424593,-0.20000000298023224,-0.34978166424789137,-0.30259697452937523,0.6698701977729797,0.07728412002325058,0.2528456747531891
2025-06,2025-05,广州,https://www.stats.gov.cn/xxgk/sjfb/zxfb2020/202506/t20250616_1960163.html,-0.5,https://www.stats.gov.cn/sj/zxfb/202507/t20250715_1960403.html,-0.6581376610046983,-0.5368723089001752,-0.5232486128807068,-0.6093662977218628,-0.6203996539115906,-0.5789840817451477,-0.6362187266349792,-0.6819745874587836,-0.800000011920929,-0.6569946660016482,-0.6971136323671918,0.8774401545524597,0.03535741567611694,0.08720242977142334
2025-06,2025-05,徐州,https://www.stats.gov.cn/xxgk/sjfb/zxfb2020/202506/t20250616_1960163.html,-0.8,https://www.stats.gov.cn/sj/zxfb/202507/t20250715_1960403.html,-0.5165890076214898,-0.4066923989540706,-0.4200751483440399,-0.4807068407535553,-0.4506230056285858,-0.4098431169986725,-0.28771480917930603,-0.5404259340755752,-0.20000000298023224,-0.4951634278195602,-0.40704425926978755,0.7748305201530457,0.07707060873508453,0.14809885621070862
2025-06,2025-05,惠州,https://www.stats.gov.cn/xxgk/sjfb/zxfb2020/202506/t20250616_1960163.html,-0.1,https://www.stats.gov.cn/sj/zxfb/202507/t20250715_1960403.html,-0.5055621436552243,-0.4018248227641385,-0.2913784980773926,-0.394746333360672,-0.39093828201293945,-0.32700031995773315,-0.34443190693855286,-0.5293990701093096,-0.30000001192092896,-0.4577476979878815,-0.4080484717969702,0.7043710947036743,0.08126715570688248,0.2143617570400238
2025-06,2025-05,成都,https://www.stats.gov.cn/xxgk/sjfb/zxfb2020/202506/t20250616_1960163.html,-0.3,https://www.stats.gov.cn/sj/zxfb/202507/t20250715_1960403.html,-0.11875039700434852,0.015134326999191624,0.10130973905324936,0.06983046233654022,0.023496590554714203,0.09465456753969193,0.10271209478378296,-0.14258732345843378,0.10000000149011612,-0.03629531238034031,0.00908104678940752,0.34817203879356384,0.06511260569095612,0.5867153406143188
2025-06,2025-05,扬州,https://www.stats.gov.cn/xxgk/sjfb/zxfb2020/202506/t20250616_1960163.html,-0.3,https://www.stats.gov.cn/sj/zxfb/202507/t20250715_1960403.html,-0.7365999348214285,-0.6177747312300006,-0.6083313822746277,-0.6934793591499329,-0.6374462842941284,-0.6352365612983704,-0.7363994121551514,-0.7604368612755138,-0.8999999761581421,-0.7391367471163806,-0.7846387321945296,0.8797432780265808,0.03337758779525757,0.08687905222177505
2025-06,2025-05,无锡,https://www.stats.gov.cn/xxgk/sjfb/zxfb2020/202506/t20250616_1960163.html,-0.3,https://www.stats.gov.cn/sj/zxfb/202507/t20250715_1960403.html,-0.4213806877593124,-0.32584283604834957,-0.3672020435333252,-0.4527665078639984,-0.1922331005334854,-0.3683764934539795,-0.4020209312438965,-0.44521761421339767,-0.4000000059604645,-0.4459533517042932,-0.43266137601262017,0.7224990725517273,0.07758747041225433,0.1999134123325348
2025-06,2025-05,昆明,https://www.stats.gov.cn/xxgk/sjfb/zxfb2020/202506/t20250616_1960163.html,-0.8,https://www.stats.gov.cn/sj/zxfb/202507/t20250715_1960403.html,-0.6576654905921434,-0.5458111116086115,-0.5921192765235901,-0.5786406993865967,-0.557546854019165,-0.5482281446456909,-0.5005459189414978,-0.6815024170462287,-0.5,-0.6264138022509349,-0.5867143721442751,0.8126815557479858,0.060831744223833084,0.12648670375347137
2025-06,2025-05,杭州,https://www.stats.gov.cn/xxgk/sjfb/zxfb2020/202506/t20250616_1960163.html,0.2,https://www.stats.gov.cn/sj/zxfb/202507/t20250715_1960403.html,-0.04152453453517575,0.12336720744582894,0.3406919240951538,0.22767269611358643,0.512453019618988,0.22742561995983124,0.16575022041797638,-0.06536146098926102,0.800000011920929,0.1112530939364185,0.32077041568175146,0.24483554065227509,0.04560960829257965,0.7095548510551453
2025-06,2025-05,桂林,https://www.stats.gov.cn/xxgk/sjfb/zxfb2020/202506/t20250616_1960163.html,-0.3,https://www.stats.gov.cn/sj/zxfb/202507/t20250715_1960403.html,-0.5712918060764831,-0.4432262770308747,-0.4734090268611908,-0.5261516571044922,-0.5116574764251709,-0.4570266306400299,-0.4453285038471222,-0.5951287325305684,-0.4000000059604645,-0.5540396317002295,-0.5070934651985084,0.7411739230155945,0.08327847719192505,0.1755475252866745
2025-06,2025-05,武汉,https://www.stats.gov.cn/xxgk/sjfb/zxfb2020/202506/t20250616_1960163.html,-0.1,https://www.stats.gov.cn/sj/zxfb/202507/t20250715_1960403.html,-0.7009106048493783,-0.5535772392450722,-0.6164820194244385,-0.6632288098335266,-0.49177441000938416,-0.5861889719963074,-0.7121178507804871,-0.7247475313034636,-0.699999988079071,-0.6965351493355332,-0.6959921097386871,0.8439916372299194,0.037256546318531036,0.11875180900096893
2025-06,2025-05,沈阳,https://www.stats.gov.cn/xxgk/sjfb/zxfb2020/202506/t20250616_1960163.html,0.1,https://www.stats.gov.cn/sj/zxfb/202507/t20250715_1960403.html,-0.30766799784869137,-0.20326509933861342,-0.12878499925136566,-0.1657380312681198,0.026399603113532066,-0.1286301165819168,-0.007943649776279926,-0.3315049243027766,0.30000001192092896,-0.22357445482840882,-0.06574764788332249,0.5198198556900024,0.08811168372631073,0.39206844568252563
2025-06,2025-05,泉州,https://www.stats.gov.cn/xxgk/sjfb/zxfb2020/202506/t20250616_1960163.html,-0.5,https://www.stats.gov.cn/sj/zxfb/202507/t20250715_1960403.html,-0.33273838778680115,-0.2607555956567044,-0.21567225456237793,-0.29559388756752014,-0.2962447702884674,-0.19760923087596893,-0.36289915442466736,-0.3565753142408864,-0.30000001192092896,-0.3267989861853793,-0.3173897379097785,0.6444367170333862,0.09186574071645737,0.26369747519493103
2025-06,2025-05,泸州,https://www.stats.gov.cn/xxgk/sjfb/zxfb2020/202506/t20250616_1960163.html,-0.3,https://www.stats.gov.cn/sj/zxfb/202507/t20250715_1960403.html,-0.6510531923945595,-0.5211591153869906,-0.4620078504085541,-0.5587962865829468,-0.46541547775268555,-0.48128804564476013,-0.5018595457077026,-0.6748901188486448,-0.5,-0.6144075721841373,-0.5778954684771972,0.8009806871414185,0.06362620741128922,0.1353931725025177
2025-06,2025-05,洛阳,https://www.stats.gov.cn/xxgk/sjfb/zxfb2020/202506/t20250616_1960163.html,-0.1,https://www.stats.gov.cn/sj/zxfb/202507/t20250715_1960403.html,-0.47982977950558564,-0.3668193931405873,-0.43139514327049255,-0.43202418088912964,-0.34159502387046814,-0.39658206701278687,-0.3694474995136261,-0.5036667059596709,-0.4000000059604645,-0.46658304036561976,-0.44523029760308835,0.6910042762756348,0.08320498466491699,0.22579078376293182
2025-06,2025-05,济南,https://www.stats.gov.cn/xxgk/sjfb/zxfb2020/202506/t20250616_1960163.html,-0.1,https://www.stats.gov.cn/sj/zxfb/202507/t20250715_1960403.html,-0.3281453537289836,-0.22562930298578052,-0.1776856631040573,-0.2485043704509735,-0.3830030858516693,-0.22163383662700653,-0.2632402181625366,-0.3519822801830689,-0.30000001192092896,-0.3039424406506719,-0.3001622208516571,0.6581804752349854,0.08384308218955994,0.2579764723777771
2025-06,2025-05,济宁,https://www.stats.gov.cn/xxgk/sjfb/zxfb2020/202506/t20250616_1960163.html,-0.2,https://www.stats.gov.cn/sj/zxfb/202507/t20250715_1960403.html,-0.5869259881004695,-0.4727625003156047,-0.472238689661026,-0.4916722774505615,-0.5364291071891785,-0.4515772759914398,-0.41148170828819275,-0.6107629145545548,-0.4000000059604645,-0.5469474814636549,-0.5008117326551936,0.8155342936515808,0.05662529915571213,0.12784042954444885
2025-06,2025-05,海口,https://www.stats.gov.cn/xxgk/sjfb/zxfb2020/202506/t20250616_1960163.html,-0.9,https://www.stats.gov.cn/sj/zxfb/202507/t20250715_1960403.html,-0.4674543847102231,-0.37028557775864945,-0.4298624098300934,-0.5135914087295532,-0.5857678055763245,-0.4704105257987976,-0.5016102194786072,-0.49129131116430835,-0.699999988079071,-0.5128024664565736,-0.5682942359909776,0.832945704460144,0.0455862358212471,0.1214679628610611
2025-06,2025-05,深圳,https://www.stats.gov.cn/xxgk/sjfb/zxfb2020/202506/t20250616_1960163.html,-0.6,https://www.stats.gov.cn/sj/zxfb/202507/t20250715_1960403.html,-0.4767220961590432,-0.36624208457431134,-0.368820458650589,-0.3487989902496338,-0.3532470166683197,-0.2795804440975189,-0.40003499388694763,-0.5005590226131285,-0.4000000059604645,-0.42873000309489834,-0.4164526729410756,0.7228666543960571,0.06016495078802109,0.21696837246418
2025-06,2025-05,温州,https://www.stats.gov.cn/xxgk/sjfb/zxfb2020/202506/t20250616_1960163.html,-0.6,https://www.stats.gov.cn/sj/zxfb/202507/t20250715_1960403.html,-0.5616630201150831,-0.459439580187708,-0.4042265713214874,-0.4915546476840973,-0.3703591525554657,-0.4203821122646332,-0.29302895069122314,-0.5854999465691684,-0.20000000298023224,-0.5227727219056832,-0.4256848657444993,0.7462753057479858,0.07430966198444366,0.17941506206989288
2025-06,2025-05,湛江,https://www.stats.gov.cn/xxgk/sjfb/zxfb2020/202506/t20250616_1960163.html,0.3,https://www.stats.gov.cn/sj/zxfb/202507/t20250715_1960403.html,-0.5768669225480335,-0.40250516451135615,-0.45067182183265686,-0.4392976760864258,-0.40289199352264404,-0.3815978467464447,-0.6519439220428467,-0.6007038490021188,-0.10000000149011612,-0.5020638160138016,-0.38000050885955355,0.7397302389144897,0.050667982548475266,0.20960178971290588
2025-06,2025-05,烟台,https://www.stats.gov.cn/xxgk/sjfb/zxfb2020/202506/t20250616_1960163.html,-0.8,https://www.stats.gov.cn/sj/zxfb/202507/t20250715_1960403.html,-0.46896313279679197,-0.33407325858639336,-0.37632837891578674,-0.4493129253387451,-0.26098668575286865,-0.3807238042354584,-0.3269366919994354,-0.4928000592508772,-0.10000000149011612,-0.45165367613499025,-0.34737099535991284,0.7436980605125427,0.06960618495941162,0.18669568002223969
2025-06,2025-05,牡丹江,https://www.stats.gov.cn/xxgk/sjfb/zxfb2020/202506/t20250616_1960163.html,-0.2,https://www.stats.gov.cn/sj/zxfb/202507/t20250715_1960403.html,-0.36043691768144415,-0.2637535352932489,-0.2863534390926361,-0.2978043556213379,-0.1641247570514679,-0.26799362897872925,-0.11263538151979446,-0.3842738441355294,0.10000000149011612,-0.3192247917187467,-0.19402606608891704,0.5857881307601929,0.12827934324741364,0.2859325706958771
2025-06,2025-05,石家庄,https://www.stats.gov.cn/xxgk/sjfb/zxfb2020/202506/t20250616_1960163.html,-0.2,https://www.stats.gov.cn/sj/zxfb/202507/t20250715_1960403.html,-0.4558746946801598,-0.33234054007356084,-0.3663191497325897,-0.41621217131614685,-0.36674341559410095,-0.37124380469322205,-0.3156859874725342,-0.47971162113424504,-0.30000001192092896,-0.44188106404154454,-0.3986412681237736,0.7038758993148804,0.07032627612352371,0.2257978469133377
2025-06,2025-05,福州,https://www.stats.gov.cn/xxgk/sjfb/zxfb2020/202506/t20250616_1960163.html,-0.4,https://www.stats.gov.cn/sj/zxfb/202507/t20250715_1960403.html,-0.4460028662848549,-0.321601385833915,-0.19821609556674957,-0.3195221424102783,-0.3096762001514435,-0.25155526399612427,-0.26922646164894104,-0.46983979273894017,-0.20000000298023224,-0.3890757987335442,-0.3297873127098169,0.6406447887420654,0.08957616239786148,0.2697790265083313
2025-06,2025-05,秦皇岛,https://www.stats.gov.cn/xxgk/sjfb/zxfb2020/202506/t20250616_1960163.html,-0.6,https://www.stats.gov.cn/sj/zxfb/202507/t20250715_1960403.html,-0.6529436945345275,-0.5573052021348415,-0.5097543597221375,-0.6034730672836304,-0.5422908067703247,-0.5260048508644104,-0.5101778507232666,-0.6767806209886128,-0.5,-0.6348405812933609,-0.5934178960907478,0.8459756970405579,0.05219636484980583,0.10182793438434601
2025-06,2025-05,蚌埠,https://www.stats.gov.cn/xxgk/sjfb/zxfb2020/202506/t20250616_1960163.html,-0.2,https://www.stats.gov.cn/sj/zxfb/202507/t20250715_1960403.html,-0.5541051675535801,-0.45282835116525966,-0.437709778547287,-0.5293639898300171,-0.43081745505332947,-0.4727444648742676,-0.4046005308628082,-0.5779420940076654,-0.4000000059604645,-0.5467152945005502,-0.502435363266049,0.8146507143974304,0.06758053600788116,0.11776874959468842
2025-06,2025-05,襄阳,https://www.stats.gov.cn/xxgk/sjfb/zxfb2020/202506/t20250616_1960163.html,-0.5,https://www.stats.gov.cn/sj/zxfb/202507/t20250715_1960403.html,-0.5219916933532465,-0.4058755912195243,-0.3969370126724243,-0.46165069937705994,-0.42809823155403137,-0.4237116277217865,-0.4189901053905487,-0.5458286198073318,-0.4000000059604645,-0.5008991599092542,-0.46915977504828543,0.734854519367218,0.07662405073642731,0.18852147459983826
2025-06,2025-05,西宁,https://www.stats.gov.cn/xxgk/sjfb/zxfb2020/202506/t20250616_1960163.html,-0.2,https://www.stats.gov.cn/sj/zxfb/202507/t20250715_1960403.html,-0.4136954524251983,-0.30363380358810343,-0.34172162413597107,-0.3883240818977356,-0.2771870195865631,-0.31227219104766846,-0.19891144335269928,-0.43753237887928353,0.0,-0.3913651125785991,-0.27528548692567306,0.6321049928665161,0.09694459289312363,0.2709503471851349
2025-06,2025-05,西安,https://www.stats.gov.cn/xxgk/sjfb/zxfb2020/202506/t20250616_1960163.html,-0.5,https://www.stats.gov.cn/sj/zxfb/202507/t20250715_1960403.html,-0.43343855448375385,-0.31573772390434207,-0.45049405097961426,-0.5125603675842285,-0.4042493999004364,-0.4583488404750824,-0.4111628234386444,-0.4572754809378391,-0.4000000059604645,-0.47813674977729337,-0.4566119514941773,0.7776246070861816,0.07574021071195602,0.14663513004779816
2025-06,2025-05,贵阳,https://www.stats.gov.cn/xxgk/sjfb/zxfb2020/202506/t20250616_1960163.html,-0.3,https://www.stats.gov.cn/sj/zxfb/202507/t20250715_1960403.html,-0.5110273042070416,-0.39656565195705673,-0.3485828638076782,-0.4534149765968323,-0.4014829099178314,-0.3909332752227783,-0.38050100207328796,-0.5348642306611269,-0.4000000059604645,-0.49174356112147344,-0.46275973773947454,0.7725496292114258,0.07505787163972855,0.15239252150058746
2025-06,2025-05,赣州,https://www.stats.gov.cn/xxgk/sjfb/zxfb2020/202506/t20250616_1960163.html,-0.3,https://www.stats.gov.cn/sj/zxfb/202507/t20250715_1960403.html,-0.3409405988930176,-0.2211296584656467,-0.1492418646812439,-0.20482401549816132,-0.08450717478990555,-0.13538429141044617,-0.032924436032772064,-0.36477752534710284,0.10000000149011612,-0.26880035591958873,-0.156533846451716,0.5888079404830933,0.08232949674129486,0.3288625478744507
2025-06,2025-05,遵义,https://www.stats.gov.cn/xxgk/sjfb/zxfb2020/202506/t20250616_1960163.html,-0.4,https://www.stats.gov.cn/sj/zxfb/202507/t20250715_1960403.html,-0.3664179200113388,-0.24993477855663201,-0.29263007640838623,-0.3801006078720093,-0.24808377027511597,-0.28035926818847656,-0.3077894151210785,-0.3902548464654241,-0.20000000298023224,-0.3750802886907557,-0.32345181910588855,0.6123027205467224,0.09271294623613358,0.2949843108654022
2025-06,2025-05,郑州,https://www.stats.gov.cn/xxgk/sjfb/zxfb2020/202506/t20250616_1960163.html,-0.6,https://www.stats.gov.cn/sj/zxfb/202507/t20250715_1960403.html,-0.5674916283038203,-0.4438116950136245,-0.44646838307380676,-0.511951208114624,-0.30163049697875977,-0.49579697847366333,-0.47774267196655273,-0.5913285547579056,-0.5,-0.5515705565840389,-0.5344265876241766,0.7291352152824402,0.0703134536743164,0.20055130124092102
2025-06,2025-05,重庆,https://www.stats.gov.cn/xxgk/sjfb/zxfb2020/202506/t20250616_1960163.html,-0.6,https://www.stats.gov.cn/sj/zxfb/202507/t20250715_1960403.html,-0.4209335364282865,-0.27432527129964207,-0.2802109718322754,-0.34965115785598755,-0.38629350066185,-0.2851236164569855,-0.3124912679195404,-0.44477046288237176,-0.5,-0.4064309256552568,-0.43147387357945305,0.6384596228599548,0.05388583615422249,0.3076545298099518
2025-06,2025-05,金华,https://www.stats.gov.cn/xxgk/sjfb/zxfb2020/202506/t20250616_1960163.html,-0.2,https://www.stats.gov.cn/sj/zxfb/202507/t20250715_1960403.html,-0.49210946609477774,-0.38783171364246094,-0.32528766989707947,-0.38611680269241333,-0.3451998233795166,-0.30997535586357117,-0.3221987187862396,-0.515946392548863,-0.20000000298023224,-0.441507723647127,-0.3673543994071695,0.7140404582023621,0.10159188508987427,0.1843676120042801
2025-06,2025-05,银川,https://www.stats.gov.cn/xxgk/sjfb/zxfb2020/202506/t20250616_1960163.html,-0.1,https://www.stats.gov.cn/sj/zxfb/202507/t20250715_1960403.html,-0.4771168122904646,-0.34903332996340486,-0.38425949215888977,-0.4531422257423401,-0.3008061945438385,-0.35754722356796265,-0.38432538509368896,-0.5009537387445498,-0.30000001192092896,-0.4687610114096088,-0.41803199213593967,0.7296315431594849,0.08018206059932709,0.19018645584583282
2025-06,2025-05,锦州,https://www.stats.gov.cn/xxgk/sjfb/zxfb2020/202506/t20250616_1960163.html,-0.2,https://www.stats.gov.cn/sj/zxfb/202507/t20250715_1960403.html,-0.4934677555342895,-0.3637096771763991,-0.43297722935676575,-0.42873820662498474,-0.38374224305152893,-0.38104039430618286,-0.3459058701992035,-0.5173046819883748,-0.10000000149011612,-0.4551250955086712,-0.3486809633678252,0.7091827988624573,0.07194177061319351,0.218875452876091
2025-06,2025-05,长春,https://www.stats.gov.cn/xxgk/sjfb/zxfb2020/202506/t20250616_1960163.html,-0.3,https://www.stats.gov.cn/sj/zxfb/202507/t20250715_1960403.html,-0.6674034877818361,-0.5145580200811876,-0.4688793122768402,-0.5825064778327942,-0.49870505928993225,-0.48148757219314575,-0.5825279951095581,-0.6912404142359214,-0.699999988079071,-0.6443412875811436,-0.6579156267159288,0.8311257362365723,0.04437216743826866,0.12450210750102997
2025-06,2025-05,长沙,https://www.stats.gov.cn/xxgk/sjfb/zxfb2020/202506/t20250616_1960163.html,0.4,https://www.stats.gov.cn/sj/zxfb/202507/t20250715_1960403.html,-0.18394726167680525,-0.07617400468530741,-0.06865929067134857,-0.15487104654312134,0.05183793231844902,-0.044250015169382095,-0.09853560477495193,-0.2077841881308905,0.30000001192092896,-0.15603314727692,-0.02088507425102763,0.5228209495544434,0.09912969917058945,0.3780493140220642
2025-06,2025-05,青岛,https://www.stats.gov.cn/xxgk/sjfb/zxfb2020/202506/t20250616_1960163.html,-0.2,https://www.stats.gov.cn/sj/zxfb/202507/t20250715_1960403.html,-0.27078853296889116,-0.16450822499641618,-0.04027998447418213,-0.16012462973594666,-0.04156223312020302,-0.07041390240192413,-0.07813409715890884,-0.2946254594229764,0.0,-0.219355275823719,-0.15158336305297435,0.503849446773529,0.11257714033126831,0.38357341289520264
2025-06,2025-05,韶关,https://www.stats.gov.cn/xxgk/sjfb/zxfb2020/202506/t20250616_1960163.html,-0.2,https://www.stats.gov.cn/sj/zxfb/202507/t20250715_1960403.html,-0.4598681580414591,-0.34754989970373845,-0.42201289534568787,-0.4644385278224945,-0.37441015243530273,-0.4047163128852844,-0.32880112528800964,-0.48370508449554434,-0.10000000149011612,-0.45362958550237087,-0.3493812046027183,0.6718429923057556,0.0985482707619667,0.22960880398750305
2025-07,2025-06,三亚,https://www.stats.gov.cn/sj/zxfb/202507/t20250715_1960403.html,0.2,https://www.stats.gov.cn/sj/zxfb/202508/t20250815_1960781.html,-0.2486852963034571,-0.1914126750871239,-0.0716378316283226,-0.2103991061449051,-0.15866407752037048,-0.12761041522026062,-0.1493368148803711,-0.31219405195828476,0.10000000149011612,-0.16936326351760378,-0.14086438553769123,0.5740932822227478,0.08768834918737411,0.3382183015346527
2025-07,2025-06,上海,https://www.stats.gov.cn/sj/zxfb/202507/t20250715_1960403.html,0.3,https://www.stats.gov.cn/sj/zxfb/202508/t20250815_1960781.html,0.06887125508762437,0.1056433421444086,0.36705267429351807,0.27745747566223145,0.26364007592201233,0.3304695188999176,0.22813095152378082,0.005362499432796708,0.4000000059604645,0.24753989477543764,0.2276066603518309,0.3601958453655243,0.04787062853574753,0.59193354845047
2025-07,2025-06,丹东,https://www.stats.gov.cn/sj/zxfb/202507/t20250715_1960403.html,-0.2,https://www.stats.gov.cn/sj/zxfb/202508/t20250815_1960781.html,-0.37769572694996784,-0.33433571120524913,-0.382317453622818,-0.4436073303222656,-0.2648402452468872,-0.3176933228969574,-0.31168437004089355,-0.4412044826047955,0.10000000149011612,-0.335810092504223,-0.26160393714564834,0.7793625593185425,0.05871311575174332,0.1619243621826172
2025-07,2025-06,乌鲁木齐,https://www.stats.gov.cn/sj/zxfb/202507/t20250715_1960403.html,0.3,https://www.stats.gov.cn/sj/zxfb/202508/t20250815_1960781.html,-0.1137044109869303,-0.05966321264345446,0.09366211295127869,-0.04121663421392441,-0.04468162730336189,0.07029770314693451,-0.060698818415403366,-0.17721316664175796,0.20000000298023224,-0.02064033127291134,-0.006143265958483375,0.48216623067855835,0.07525818049907684,0.442575603723526
2025-07,2025-06,九江,https://www.stats.gov.cn/sj/zxfb/202507/t20250715_1960403.html,-0.3,https://www.stats.gov.cn/sj/zxfb/202508/t20250815_1960781.html,-0.348414090309177,-0.3168929965530499,-0.27319520711898804,-0.34789085388183594,-0.16429094970226288,-0.2902120351791382,-0.21490775048732758,-0.4119228459640047,0.10000000149011612,-0.27220156967459397,-0.2199378994519082,0.7234746813774109,0.06035406515002251,0.2161712646484375
2025-07,2025-06,兰州,https://www.stats.gov.cn/sj/zxfb/202507/t20250715_1960403.html,-0.7,https://www.stats.gov.cn/sj/zxfb/202508/t20250815_1960781.html,-0.478415856294834,-0.4340099639092777,-0.47023841738700867,-0.5135355591773987,-0.37550029158592224,-0.4480833411216736,-0.3316675126552582,-0.5419246119496617,-0.20000000298023224,-0.45728269164626667,-0.41848672470243087,0.7894212603569031,0.06028146669268608,0.15029723942279816
2025-07,2025-06,包头,https://www.stats.gov.cn/sj/zxfb/202507/t20250715_1960403.html,-0.6,https://www.stats.gov.cn/sj/zxfb/202508/t20250815_1960781.html,-0.5905453607224109,-0.5427163010521506,-0.5146421790122986,-0.5823359489440918,-0.5005836486816406,-0.5127207040786743,-0.5387633442878723,-0.6540541163772385,-0.5,-0.5803433156985611,-0.5787966884404434,0.8564179539680481,0.046705447137355804,0.0968765988945961
2025-07,2025-06,北京,https://www.stats.gov.cn/sj/zxfb/202507/t20250715_1960403.html,0.0,https://www.stats.gov.cn/sj/zxfb/202508/t20250815_1960781.html,-0.39352631538894556,-0.36782076982930895,-0.2814449965953827,-0.45997530221939087,-0.5382819771766663,-0.3461347818374634,-0.391691654920578,-0.4570350710437732,-0.30000001192092896,-0.4278081441726026,-0.4056701283946977,0.8611086010932922,0.03761734440922737,0.1012740358710289
2025-07,2025-06,北海,https://www.stats.gov.cn/sj/zxfb/202507/t20250715_1960403.html,-0.6,https://www.stats.gov.cn/sj/zxfb/202508/t20250815_1960781.html,-0.590823480510992,-0.5565611257433263,-0.5634111762046814,-0.6020883321762085,-0.5677130222320557,-0.5378812551498413,-0.47458112239837646,-0.6543322361658196,-0.4000000059604645,-0.572581349011856,-0.5521401914341642,0.8542253375053406,0.0505782850086689,0.09519634395837784
2025-07,2025-06,南京,https://www.stats.gov.cn/sj/zxfb/202507/t20250715_1960403.html,-0.5,https://www.stats.gov.cn/sj/zxfb/202508/t20250815_1960781.html,-0.6933946668665096,-0.6439802954734986,-0.6616605520248413,-0.7527163624763489,-0.6276434063911438,-0.6493270397186279,-0.8103554844856262,-0.7569034225213372,-1.0,-0.8023679546425678,-0.8365399283325621,0.9251462817192078,0.01911000907421112,0.05574377626180649
2025-07,2025-06,南充,https://www.stats.gov.cn/sj/zxfb/202507/t20250715_1960403.html,-0.5,https://www.stats.gov.cn/sj/zxfb/202508/t20250815_1960781.html,-0.531435056274016,-0.46902162919484114,-0.5193906426429749,-0.6282287836074829,-0.5680643916130066,-0.4974403977394104,-0.596439778804779,-0.5949438119288436,-0.6000000238418579,-0.6160366405804198,-0.6077242064593947,0.8794498443603516,0.030935952439904213,0.08961424976587296
2025-07,2025-06,南宁,https://www.stats.gov.cn/sj/zxfb/202507/t20250715_1960403.html,0.0,https://www.stats.gov.cn/sj/zxfb/202508/t20250815_1960781.html,-0.2646586677897732,-0.20530736765017402,-0.06499967724084854,-0.1521805375814438,-0.09497815370559692,-0.059748727828264236,0.0006067181820981205,-0.32816742344460087,0.10000000149011612,-0.13739239312925278,-0.12678265317864285,0.5670498013496399,0.07185573875904083,0.36109447479248047
2025-07,2025-06,南昌,https://www.stats.gov.cn/sj/zxfb/202507/t20250715_1960403.html,-0.6,https://www.stats.gov.cn/sj/zxfb/202508/t20250815_1960781.html,-0.6182680542249575,-0.6085226936972843,-0.6566247344017029,-0.6568373441696167,-0.8378495573997498,-0.5808491706848145,-0.7213712334632874,-0.6817768098797852,-0.800000011920929,-0.6900602070712576,-0.7128713886567769,0.9192713499069214,0.02359171211719513,0.05713693052530289
2025-07,2025-06,厦门,https://www.stats.gov.cn/sj/zxfb/202507/t20250715_1960403.html,-0.6,https://www.stats.gov.cn/sj/zxfb/202508/t20250815_1960781.html,-0.5077681053812697,-0.44291278417282876,-0.30789506435394287,-0.4193325936794281,-0.49433693289756775,-0.3659821152687073,-0.44092369079589844,-0.5712768610360974,-0.5,-0.46547433555688406,-0.4968698182385085,0.8056365251541138,0.041761305183172226,0.15260212123394012
2025-07,2025-06,合肥,https://www.stats.gov.cn/sj/zxfb/202507/t20250715_1960403.html,-0.1,https://www.stats.gov.cn/sj/zxfb/202508/t20250815_1960781.html,-0.2268866747750583,-0.19536632931945297,-0.06501608341932297,-0.17366209626197815,-0.15353450179100037,-0.050837062299251556,-0.09211095422506332,-0.29039543042988597,0.10000000149011612,-0.1428496185026832,-0.12135250840058266,0.6094568967819214,0.0785415917634964,0.3120015263557434
2025-07,2025-06,吉林,https://www.stats.gov.cn/sj/zxfb/202507/t20250715_1960403.html,-0.5,https://www.stats.gov.cn/sj/zxfb/202508/t20250815_1960781.html,-0.4187017228904386,-0.3768382383727968,-0.4293276071548462,-0.5115325450897217,-0.4065667688846588,-0.38856083154678345,-0.4552772343158722,-0.4822104785452663,-0.4000000059604645,-0.4836825839924793,-0.46458100986515083,0.7679932713508606,0.07403025776147842,0.15797646343708038
2025-07,2025-06,呼和浩特,https://www.stats.gov.cn/sj/zxfb/202507/t20250715_1960403.html,-0.3,https://www.stats.gov.cn/sj/zxfb/202508/t20250815_1960781.html,-0.3504751565583089,-0.33116538504298487,-0.3534944951534271,-0.46098676323890686,-0.37281227111816406,-0.3599710762500763,-0.3216135799884796,-0.4139839122131366,-0.10000000149011612,-0.38037326883427836,-0.3249902256473865,0.725818932056427,0.08395221829414368,0.1902289092540741
2025-07,2025-06,哈尔滨,https://www.stats.gov.cn/sj/zxfb/202507/t20250715_1960403.html,-0.3,https://www.stats.gov.cn/sj/zxfb/202508/t20250815_1960781.html,-0.39191121210926844,-0.3645130323748232,-0.2979623079299927,-0.3609693646430969,-0.279784232378006,-0.30085715651512146,-0.2974758744239807,-0.4554199677640961,-0.10000000149011612,-0.32823145304961077,-0.30546311129910303,0.7281822562217712,0.07794712483882904,0.19387060403823853
2025-07,2025-06,唐山,https://www.stats.gov.cn/sj/zxfb/202507/t20250715_1960403.html,-0.4,https://www.stats.gov.cn/sj/zxfb/202508/t20250815_1960781.html,-0.6357145801818354,-0.5995903177768497,-0.5792781710624695,-0.6524795293807983,-0.6002747416496277,-0.6048054099082947,-0.6358868479728699,-0.6992233358366631,-0.699999988079071,-0.6711567393020663,-0.6839009510988442,0.9058984518051147,0.03147076070308685,0.06263080984354019
2025-07,2025-06,大理,https://www.stats.gov.cn/sj/zxfb/202507/t20250715_1960403.html,-0.2,https://www.stats.gov.cn/sj/zxfb/202508/t20250815_1960781.html,-0.4788524734130511,-0.43539789966043213,-0.4416738748550415,-0.5142203569412231,-0.3522872030735016,-0.43468308448791504,-0.3709704875946045,-0.5423612290678788,-0.30000001192092896,-0.47752502398100855,-0.45219386597667693,0.8069383502006531,0.05693706125020981,0.13612458109855652
2025-07,2025-06,大连,https://www.stats.gov.cn/sj/zxfb/202507/t20250715_1960403.html,0.0,https://www.stats.gov.cn/sj/zxfb/202508/t20250815_1960781.html,-0.4645879019145021,-0.4110402405660152,-0.3197680413722992,-0.42833787202835083,-0.3020518124103546,-0.3484777808189392,-0.4808082580566406,-0.5280966575693298,-0.20000000298023224,-0.40309770518541255,-0.38547817752597097,0.7643543481826782,0.06312184780836105,0.17252381145954132
2025-07,2025-06,天津,https://www.stats.gov.cn/sj/zxfb/202507/t20250715_1960403.html,-0.3,https://www.stats.gov.cn/sj/zxfb/202508/t20250815_1960781.html,-0.35200545268875244,-0.3164454640847293,-0.19980569183826447,-0.2827587127685547,-0.32248619198799133,-0.22127476334571838,-0.29780063033103943,-0.4155142083435801,-0.20000000298023224,-0.29282077422281594,-0.299424308030789,0.747144341468811,0.06391043961048126,0.18894518911838531
2025-07,2025-06,太原,https://www.stats.gov.cn/sj/zxfb/202507/t20250715_1960403.html,-0.2,https://www.stats.gov.cn/sj/zxfb/202508/t20250815_1960781.html,-0.22904945342780614,-0.17735490153447986,0.0028472442645579576,-0.09346355497837067,-0.13004250824451447,-0.019126545637845993,0.021038582548499107,-0.2925582090826338,0.10000000149011612,-0.09486267876891953,-0.09534058752362945,0.5463466644287109,0.09323661029338837,0.3604166507720947
2025-07,2025-06,宁波,https://www.stats.gov.cn/sj/zxfb/202507/t20250715_1960403.html,-0.6,https://www.stats.gov.cn/sj/zxfb/202508/t20250815_1960781.html,-0.1967622352359512,-0.17535725819537482,0.020016679540276527,-0.06743119657039642,-0.03429144620895386,-0.017731238156557083,-0.05442504212260246,-0.2602709908907789,0.30000001192092896,-0.03324161711358076,-0.009234058513415447,0.5956020951271057,0.06574894487857819,0.3386490046977997
2025-07,2025-06,安庆,https://www.stats.gov.cn/sj/zxfb/202507/t20250715_1960403.html,-0.2,https://www.stats.gov.cn/sj/zxfb/202508/t20250815_1960781.html,-0.511782240344119,-0.4844630455200326,-0.49264761805534363,-0.5339387655258179,-0.4614067077636719,-0.492858350276947,-0.40116772055625916,-0.5752909959989467,-0.30000001192092896,-0.49597787838005397,-0.4697432578152312,0.8246299028396606,0.05733274295926094,0.11803732812404633
2025-07,2025-06,宜昌,https://www.stats.gov.cn/sj/zxfb/202507/t20250715_1960403.html,0.2,https://www.stats.gov.cn/sj/zxfb/202508/t20250815_1960781.html,-0.3060260266161076,-0.271291071694836,-0.10630021244287491,-0.22637224197387695,-0.2897810935974121,-0.13985392451286316,-0.08054851740598679,-0.3695347822709353,0.10000000149011612,-0.19040951516305166,-0.16530234091823204,0.6728507876396179,0.08309046924114227,0.2440587729215622
2025-07,2025-06,岳阳,https://www.stats.gov.cn/sj/zxfb/202507/t20250715_1960403.html,-0.2,https://www.stats.gov.cn/sj/zxfb/202508/t20250815_1960781.html,-0.5479505872238639,-0.5238145856056833,-0.5114679932594299,-0.5259307026863098,-0.5532577633857727,-0.4797050356864929,-0.4253281056880951,-0.6114593428786916,-0.4000000059604645,-0.5180779717391333,-0.5124633505084887,0.8360555768013,0.054785579442977905,0.10915879905223846
2025-07,2025-06,常德,https://www.stats.gov.cn/sj/zxfb/202507/t20250715_1960403.html,0.1,https://www.stats.gov.cn/sj/zxfb/202508/t20250815_1960781.html,-0.590137457564915,-0.5358603774488024,-0.5195820927619934,-0.6085397005081177,-0.513305127620697,-0.541587769985199,-0.48867690563201904,-0.6536462132197427,-0.4000000059604645,-0.5763397094169314,-0.5540619732294416,0.8629353642463684,0.03980313986539841,0.09726154804229736
2025-07,2025-06,平顶山,https://www.stats.gov.cn/sj/zxfb/202507/t20250715_1960403.html,-0.1,https://www.stats.gov.cn/sj/zxfb/202508/t20250815_1960781.html,-0.4017323432161643,-0.34345089192174205,-0.26046186685562134,-0.36676451563835144,-0.35705533623695374,-0.3059159219264984,-0.32784250378608704,-0.46524109887099196,-0.30000001192092896,-0.3731673080640079,-0.3773352088100908,0.7770432233810425,0.05088051036000252,0.1720762550830841
2025-07,2025-06,广州,https://www.stats.gov.cn/sj/zxfb/202507/t20250715_1960403.html,-0.3,https://www.stats.gov.cn/sj/zxfb/202508/t20250815_1960781.html,-0.5957799194683986,-0.5722851304859949,-0.4531172215938568,-0.5424422025680542,-0.5877228379249573,-0.5189415216445923,-0.5735388398170471,-0.6592886751232263,-0.5,-0.5572998417299926,-0.5672436258970935,0.879379153251648,0.04044580087065697,0.0801750123500824
2025-07,2025-06,徐州,https://www.stats.gov.cn/sj/zxfb/202507/t20250715_1960403.html,0.0,https://www.stats.gov.cn/sj/zxfb/202508/t20250815_1960781.html,-0.6798901045650263,-0.6153931827765378,-0.6312437653541565,-0.7050544619560242,-0.674014151096344,-0.6127983927726746,-0.7118298411369324,-0.7433988602198539,-0.800000011920929,-0.7314240276093185,-0.7494844446989357,0.9301015734672546,0.019601469859480858,0.05029698461294174
2025-07,2025-06,惠州,https://www.stats.gov.cn/sj/zxfb/202507/t20250715_1960403.html,-0.2,https://www.stats.gov.cn/sj/zxfb/202508/t20250815_1960781.html,-0.4447700427625953,-0.3814916360483106,-0.24006438255310059,-0.3463138937950134,-0.4070233404636383,-0.266817182302475,-0.22402136027812958,-0.508278798417423,-0.10000000149011612,-0.3298954734671949,-0.3181975645675175,0.7236710786819458,0.0619475319981575,0.2143813818693161
2025-07,2025-06,成都,https://www.stats.gov.cn/sj/zxfb/202507/t20250715_1960403.html,-0.2,https://www.stats.gov.cn/sj/zxfb/202508/t20250815_1960781.html,-0.22117164454243082,-0.17447706561041595,-0.19716525077819824,-0.1946256458759308,-0.25766637921333313,-0.15867602825164795,-0.23234950006008148,-0.2846804001972585,-0.30000001192092896,-0.2333374298270244,-0.25976868599803943,0.6171727180480957,0.060166530311107635,0.32266077399253845
2025-07,2025-06,扬州,https://www.stats.gov.cn/sj/zxfb/202507/t20250715_1960403.html,-0.8,https://www.stats.gov.cn/sj/zxfb/202508/t20250815_1960781.html,-0.5385521725550062,-0.5034538725407391,-0.48837077617645264,-0.5758163928985596,-0.43676337599754333,-0.5048542022705078,-0.5187016129493713,-0.6020609282098339,-0.30000001192092896,-0.5265836069344207,-0.49262577767644083,0.8487946391105652,0.04332667961716652,0.10787864029407501
2025-07,2025-06,无锡,https://www.stats.gov.cn/sj/zxfb/202507/t20250715_1960403.html,-0.2,https://www.stats.gov.cn/sj/zxfb/202508/t20250815_1960781.html,-0.43173618631284044,-0.37517489841624674,-0.3031793236732483,-0.38933640718460083,-0.3098506033420563,-0.3375552296638489,-0.4766210615634918,-0.4952449419676681,-0.30000001192092896,-0.39276098979908336,-0.394860453691066,0.82855224609375,0.04131373018026352,0.13013404607772827
2025-07,2025-06,昆明,https://www.stats.gov.cn/sj/zxfb/202507/t20250715_1960403.html,-0.2,https://www.stats.gov.cn/sj/zxfb/202508/t20250815_1960781.html,-0.6910796051139279,-0.6475784938811656,-0.6019938588142395,-0.677536129951477,-0.6654331088066101,-0.6167457103729248,-0.6904767155647278,-0.7545883607687556,-0.800000011920929,-0.717035999816534,-0.7440415008803871,0.8985810279846191,0.029117900878190994,0.07230113446712494
2025-07,2025-06,杭州,https://www.stats.gov.cn/sj/zxfb/202507/t20250715_1960403.html,-0.3,https://www.stats.gov.cn/sj/zxfb/202508/t20250815_1960781.html,-0.02403322726742696,0.008630796009918416,0.24691294133663177,0.0732673853635788,0.13093025982379913,0.19082419574260712,-0.013185116462409496,-0.08754198292225462,0.20000000298023224,0.06630776937592382,0.06190846847385214,0.48889151215553284,0.07402586936950684,0.43708258867263794
2025-07,2025-06,桂林,https://www.stats.gov.cn/sj/zxfb/202507/t20250715_1960403.html,-0.5,https://www.stats.gov.cn/sj/zxfb/202508/t20250815_1960781.html,-0.4320653560273376,-0.4163142001864093,-0.38585925102233887,-0.45861878991127014,-0.46157658100128174,-0.38697484135627747,-0.3688071072101593,-0.49557411168216525,-0.30000001192092896,-0.43465324398325406,-0.4180643045047881,0.7738029360771179,0.07175026088953018,0.1544467806816101
2025-07,2025-06,武汉,https://www.stats.gov.cn/sj/zxfb/202507/t20250715_1960403.html,-0.7,https://www.stats.gov.cn/sj/zxfb/202508/t20250815_1960781.html,-0.5123382583320877,-0.4732319130930574,-0.3946724236011505,-0.4442337155342102,-0.3442476689815521,-0.36551374197006226,-0.5371395945549011,-0.5758470139869154,-0.10000000149011612,-0.4024480288655916,-0.3733602436704139,0.8339250683784485,0.04100627452135086,0.12506870925426483
2025-07,2025-06,沈阳,https://www.stats.gov.cn/sj/zxfb/202507/t20250715_1960403.html,-0.2,https://www.stats.gov.cn/sj/zxfb/202508/t20250815_1960781.html,-0.27115148796632865,-0.21953856872931324,-0.07673495262861252,-0.2355453073978424,-0.13519620895385742,-0.144792377948761,-0.1741660088300705,-0.3346602436211563,0.10000000149011612,-0.18901212277808127,-0.1567351831762942,0.5898119211196899,0.0632622018456459,0.34692588448524475
2025-07,2025-06,泉州,https://www.stats.gov.cn/sj/zxfb/202507/t20250715_1960403.html,-0.6,https://www.stats.gov.cn/sj/zxfb/202508/t20250815_1960781.html,-0.5091221625690725,-0.45340396319497994,-0.45023199915885925,-0.5042278170585632,-0.5146018862724304,-0.43549060821533203,-0.5367286205291748,-0.5726309182239002,-0.5,-0.5169961051172915,-0.5256195784274879,0.7918364405632019,0.05422137305140495,0.15394213795661926
2025-07,2025-06,泸州,https://www.stats.gov.cn/sj/zxfb/202507/t20250715_1960403.html,-0.4,https://www.stats.gov.cn/sj/zxfb/202508/t20250815_1960781.html,-0.5254815909068022,-0.5007984334855489,-0.501270055770874,-0.5705136060714722,-0.48558130860328674,-0.4538496136665344,-0.38613593578338623,-0.58899034656163,-0.30000001192092896,-0.5207829620753291,-0.48650132151801034,0.8078840374946594,0.06255440413951874,0.12956157326698303
2025-07,2025-06,洛阳,https://www.stats.gov.cn/sj/zxfb/202507/t20250715_1960403.html,-0.3,https://www.stats.gov.cn/sj/zxfb/202508/t20250815_1960781.html,-0.38978702896006784,-0.3409559471498499,-0.3326742649078369,-0.37119048833847046,-0.3379095494747162,-0.2933667302131653,-0.18644411861896515,-0.4532957846148955,-0.10000000149011612,-0.3339796712636906,-0.3081620914811607,0.733920693397522,0.06920323520898819,0.19687607884407043
2025-07,2025-06,济南,https://www.stats.gov.cn/sj/zxfb/202507/t20250715_1960403.html,-0.3,https://www.stats.gov.cn/sj/zxfb/202508/t20250815_1960781.html,-0.2744048932138498,-0.252554084958506,-0.1678263396024704,-0.24417801201343536,-0.34300050139427185,-0.178052619099617,-0.20530156791210175,-0.3379136488686775,-0.10000000149011612,-0.23435496181601112,-0.22736388745740965,0.7213839888572693,0.07080304622650146,0.20781293511390686
2025-07,2025-06,济宁,https://www.stats.gov.cn/sj/zxfb/202507/t20250715_1960403.html,-0.2,https://www.stats.gov.cn/sj/zxfb/202508/t20250815_1960781.html,-0.4839808644147486,-0.4534684585916112,-0.40977105498313904,-0.46916651725769043,-0.48301729559898376,-0.4107275903224945,-0.28076884150505066,-0.5474896200695762,-0.20000000298023224,-0.43160313054169647,-0.4055520467691663,0.8478984832763672,0.043350670486688614,0.10875086486339569
2025-07,2025-06,海口,https://www.stats.gov.cn/sj/zxfb/202507/t20250715_1960403.html,-0.8,https://www.stats.gov.cn/sj/zxfb/202508/t20250815_1960781.html,-0.5488125358408802,-0.5189220078124466,-0.5328124165534973,-0.649422287940979,-0.5927314162254333,-0.5925073623657227,-0.6515510082244873,-0.6123212914957079,-0.8999999761581421,-0.6915134663850979,-0.7205811851982764,0.9272499084472656,0.02056342363357544,0.05218665674328804
2025-07,2025-06,深圳,https://www.stats.gov.cn/sj/zxfb/202507/t20250715_1960403.html,-0.6,https://www.stats.gov.cn/sj/zxfb/202508/t20250815_1960781.html,-0.5073213804266452,-0.4812971766389697,-0.5296580791473389,-0.5550369620323181,-0.5140901207923889,-0.44894856214523315,-0.5957160592079163,-0.5708301360814729,-0.6000000238418579,-0.5670543072013912,-0.575289040651883,0.8500497937202454,0.04101196676492691,0.10893827676773071
2025-07,2025-06,温州,https://www.stats.gov.cn/sj/zxfb/202507/t20250715_1960403.html,-0.1,https://www.stats.gov.cn/sj/zxfb/202508/t20250815_1960781.html,-0.6058836259424965,-0.5822155526159101,-0.49380478262901306,-0.6083096265792847,-0.4712277352809906,-0.522771418094635,-0.5651260018348694,-0.6693923815973242,-0.6000000238418579,-0.6188163283999397,-0.625900677339489,0.8636120557785034,0.04112914204597473,0.09525875002145767
2025-07,2025-06,湛江,https://www.stats.gov.cn/sj/zxfb/202507/t20250715_1960403.html,-0.2,https://www.stats.gov.cn/sj/zxfb/202508/t20250815_1960781.html,-0.26165582337158755,-0.24737907393677647,-0.20213989913463593,-0.21333634853363037,-0.11845764517784119,-0.12461872398853302,-0.17175304889678955,-0.3251645790264152,0.30000001192092896,-0.13423173413406114,-0.0795003052130389,0.6108452677726746,0.08088252693414688,0.30827218294143677
2025-07,2025-06,烟台,https://www.stats.gov.cn/sj/zxfb/202507/t20250715_1960403.html,-0.3,https://www.stats.gov.cn/sj/zxfb/202508/t20250815_1960781.html,-0.5787686976918567,-0.5335611806135112,-0.4219132661819458,-0.5744544863700867,-0.6521646976470947,-0.47765055298805237,-0.63138347864151,-0.6422774533466844,-0.800000011920929,-0.6324694444871493,-0.6722439838792335,0.8879480361938477,0.030928652733564377,0.08112335950136185
2025-07,2025-06,牡丹江,https://www.stats.gov.cn/sj/zxfb/202507/t20250715_1960403.html,-0.1,https://www.stats.gov.cn/sj/zxfb/202508/t20250815_1960781.html,-0.3502803886378378,-0.2971432953739166,-0.28809842467308044,-0.34981900453567505,-0.3750406503677368,-0.2835565507411957,-0.27301108837127686,-0.41378914429266545,-0.20000000298023224,-0.33296300526578654,-0.32120271726952426,0.6720970869064331,0.09163723886013031,0.2362656593322754
2025-07,2025-06,石家庄,https://www.stats.gov.cn/sj/zxfb/202507/t20250715_1960403.html,-0.4,https://www.stats.gov.cn/sj/zxfb/202508/t20250815_1960781.html,-0.3614443556556603,-0.33702097612139204,-0.3444384038448334,-0.39052075147628784,-0.39737680554389954,-0.326119601726532,-0.2509191930294037,-0.42495311131048796,-0.20000000298023224,-0.35975536535500285,-0.3384912885890026,0.7484607696533203,0.05969224497675896,0.19184699654579163
2025-07,2025-06,福州,https://www.stats.gov.cn/sj/zxfb/202507/t20250715_1960403.html,-0.5,https://www.stats.gov.cn/sj/zxfb/202508/t20250815_1960781.html,-0.4742072181762323,-0.4282549001149112,-0.3043619692325592,-0.4069140553474426,-0.4658130705356598,-0.36104729771614075,-0.3892320692539215,-0.53771597383106,-0.4000000059604645,-0.43156093358097236,-0.448210011712989,0.769318163394928,0.06126675009727478,0.16941508650779724
2025-07,2025-06,秦皇岛,https://www.stats.gov.cn/sj/zxfb/202507/t20250715_1960403.html,-0.5,https://www.stats.gov.cn/sj/zxfb/202508/t20250815_1960781.html,-0.6586647779406567,-0.6151969148941606,-0.5239312648773193,-0.6637762784957886,-0.6166626811027527,-0.583750307559967,-0.5649996399879456,-0.7221735335954843,-0.6000000238418579,-0.662798658731071,-0.661983278644377,0.8862206339836121,0.036700643599033356,0.07707873731851578
2025-07,2025-06,蚌埠,https://www.stats.gov.cn/sj/zxfb/202507/t20250715_1960403.html,-0.3,https://www.stats.gov.cn/sj/zxfb/202508/t20250815_1960781.html,-0.44522946635106847,-0.41302049702585003,-0.384904146194458,-0.4961428642272949,-0.40094685554504395,-0.42006200551986694,-0.2957015037536621,-0.5087382220058961,-0.20000000298023224,-0.44018287159202907,-0.40162702973780773,0.8193241953849792,0.057690806686878204,0.12298504263162613
2025-07,2025-06,襄阳,https://www.stats.gov.cn/sj/zxfb/202507/t20250715_1960403.html,-0.7,https://www.stats.gov.cn/sj/zxfb/202508/t20250815_1960781.html,-0.5591940960018071,-0.5172777028136272,-0.47001051902770996,-0.5222988128662109,-0.5496692061424255,-0.4908295273780823,-0.5021968483924866,-0.6227028516566349,-0.5,-0.5378633601967442,-0.548333888174282,0.8437772989273071,0.04525246471166611,0.11097027361392975
2025-07,2025-06,西宁,https://www.stats.gov.cn/sj/zxfb/202507/t20250715_1960403.html,-0.3,https://www.stats.gov.cn/sj/zxfb/202508/t20250815_1960781.html,-0.35223019851304255,-0.32841673865566423,-0.2927626669406891,-0.39656293392181396,-0.31148192286491394,-0.27415329217910767,-0.2954731285572052,-0.4157389541678702,-0.20000000298023224,-0.3615707512514707,-0.33743396368997214,0.6917160749435425,0.08794154226779938,0.22034236788749695
2025-07,2025-06,西安,https://www.stats.gov.cn/sj/zxfb/202507/t20250715_1960403.html,-0.3,https://www.stats.gov.cn/sj/zxfb/202508/t20250815_1960781.html,-0.41842140906813063,-0.39227004477299493,-0.5174775123596191,-0.5462874174118042,-0.5447521805763245,-0.48785385489463806,-0.486464262008667,-0.4819301647229583,-0.5,-0.5243509466774372,-0.5094058607115876,0.8505979776382446,0.05056443810462952,0.09883757680654526
2025-07,2025-06,贵阳,https://www.stats.gov.cn/sj/zxfb/202507/t20250715_1960403.html,-0.5,https://www.stats.gov.cn/sj/zxfb/202508/t20250815_1960781.html,-0.4417617488385806,-0.4078186523102943,-0.38701704144477844,-0.4666496813297272,-0.4614546298980713,-0.402566134929657,-0.3433274030685425,-0.5052705044934083,-0.30000001192092896,-0.44142987942477563,-0.42397339924802147,0.810067355632782,0.06318210810422897,0.12675045430660248
2025-07,2025-06,赣州,https://www.stats.gov.cn/sj/zxfb/202507/t20250715_1960403.html,-0.4,https://www.stats.gov.cn/sj/zxfb/202508/t20250815_1960781.html,-0.4631922903471308,-0.4044681276531345,-0.3494172990322113,-0.40327340364456177,-0.34894704818725586,-0.34610286355018616,-0.3692546784877777,-0.5267010460019584,-0.30000001192092896,-0.40743046141370753,-0.4099914871891497,0.7917877435684204,0.04843447729945183,0.15977773070335388
2025-07,2025-06,遵义,https://www.stats.gov.cn/sj/zxfb/202507/t20250715_1960403.html,-0.1,https://www.stats.gov.cn/sj/zxfb/202508/t20250815_1960781.html,-0.4013999040867578,-0.35707768672738227,-0.31513139605522156,-0.4193468987941742,-0.4627636671066284,-0.33640459179878235,-0.406809538602829,-0.46490865974158546,-0.4000000059604645,-0.42458803551910274,-0.428085188165408,0.7694257497787476,0.05350238084793091,0.17707183957099915
2025-07,2025-06,郑州,https://www.stats.gov.cn/sj/zxfb/202507/t20250715_1960403.html,-0.6,https://www.stats.gov.cn/sj/zxfb/202508/t20250815_1960781.html,-0.6192547283672216,-0.5549928269388545,-0.547840416431427,-0.6329561471939087,-0.514141857624054,-0.5894250273704529,-0.6502615809440613,-0.6827634840220493,-0.6000000238418579,-0.6363548329191374,-0.6385732183526053,0.8591869473457336,0.036949388682842255,0.10386364161968231
2025-07,2025-06,重庆,https://www.stats.gov.cn/sj/zxfb/202507/t20250715_1960403.html,-0.5,https://www.stats.gov.cn/sj/zxfb/202508/t20250815_1960781.html,-0.45032038181349704,-0.41670612979198796,-0.44206345081329346,-0.5035638213157654,-0.4293206036090851,-0.4269353747367859,-0.48177194595336914,-0.5138291374683247,-0.6000000238418579,-0.5246437407503819,-0.5391309942086493,0.7976457476615906,0.048454660922288895,0.15389958024024963
2025-07,2025-06,金华,https://www.stats.gov.cn/sj/zxfb/202507/t20250715_1960403.html,-0.3,https://www.stats.gov.cn/sj/zxfb/202508/t20250815_1960781.html,-0.45109692769950566,-0.4261309808323856,-0.3351157605648041,-0.39414215087890625,-0.4282000958919525,-0.33911362290382385,-0.24937105178833008,-0.5146056833543333,-0.20000000298023224,-0.37977036953495125,-0.3695826124044906,0.7698119878768921,0.07829981297254562,0.1518881618976593
2025-07,2025-06,银川,https://www.stats.gov.cn/sj/zxfb/202507/t20250715_1960403.html,-0.5,https://www.stats.gov.cn/sj/zxfb/202508/t20250815_1960781.html,-0.38179636264559186,-0.34695925453841825,-0.3355453908443451,-0.3954772353172302,-0.30903056263923645,-0.3568459451198578,-0.30797120928764343,-0.4453051183004195,-0.10000000149011612,-0.34705287812476043,-0.31359411836925527,0.7702423334121704,0.056339047849178314,0.17341861128807068
2025-07,2025-06,锦州,https://www.stats.gov.cn/sj/zxfb/202507/t20250715_1960403.html,-0.3,https://www.stats.gov.cn/sj/zxfb/202508/t20250815_1960781.html,-0.3666450363279174,-0.33733832155087573,-0.3640475273132324,-0.41017231345176697,-0.4050666391849518,-0.333129346370697,-0.3305346965789795,-0.43015379198274506,-0.20000000298023224,-0.37265353316891847,-0.3467753694715814,0.7238837480545044,0.06378055363893509,0.2123357355594635
2025-07,2025-06,长春,https://www.stats.gov.cn/sj/zxfb/202507/t20250715_1960403.html,0.1,https://www.stats.gov.cn/sj/zxfb/202508/t20250815_1960781.html,-0.4883329068397327,-0.46120398088180364,-0.4261587858200073,-0.5067850351333618,-0.44190478324890137,-0.42518550157546997,-0.38853779435157776,-0.5518416624945603,-0.30000001192092896,-0.47492153224449735,-0.452875569849617,0.797124445438385,0.0600852444767952,0.14279033243656158
2025-07,2025-06,长沙,https://www.stats.gov.cn/sj/zxfb/202507/t20250715_1960403.html,-0.4,https://www.stats.gov.cn/sj/zxfb/202508/t20250815_1960781.html,-0.16470090835103418,-0.11718490414294233,0.025688638910651207,-0.07139860838651657,0.05814148113131523,0.0214587040245533,0.06795411556959152,-0.22820966400586185,0.4000000059604645,-0.009518863662173041,0.03346391118936202,0.6060223579406738,0.06537239253520966,0.3286052346229553
2025-07,2025-06,青岛,https://www.stats.gov.cn/sj/zxfb/202507/t20250715_1960403.html,-0.4,https://www.stats.gov.cn/sj/zxfb/202508/t20250815_1960781.html,-0.3107364769404006,-0.26449801765650305,-0.12743045389652252,-0.2480863779783249,-0.28002840280532837,-0.15561535954475403,-0.20895862579345703,-0.37424523259522824,-0.20000000298023224,-0.26368164208941564,-0.27411053785126177,0.6789363026618958,0.06972947716712952,0.2513342499732971
2025-07,2025-06,韶关,https://www.stats.gov.cn/sj/zxfb/202507/t20250715_1960403.html,-0.1,https://www.stats.gov.cn/sj/zxfb/202508/t20250815_1960781.html,-0.367604741880196,-0.3453164314933682,-0.3589727580547333,-0.4035422205924988,-0.4208642542362213,-0.3239709734916687,-0.34489765763282776,-0.43111349753502365,-0.20000000298023224,-0.3688416998855511,-0.34488524036925156,0.740975558757782,0.0684787780046463,0.19054564833641052
2025-08,2025-07,三亚,https://www.stats.gov.cn/sj/zxfb/202508/t20250815_1960781.html,-0.3,https://www.stats.gov.cn/sj/zxfb/202509/t20250915_1961175.html,-0.14122853075626052,-0.13706001048266528,-0.021247833967208862,-0.12520058453083038,-0.15061531960964203,-0.004368978552520275,0.016482150182127953,-0.21902202708241403,0.20000000298023224,-0.0954605535880636,-0.048074202877670724,0.5441360473632812,0.10839571803808212,0.34746822714805603
2025-08,2025-07,上海,https://www.stats.gov.cn/sj/zxfb/202508/t20250815_1960781.html,0.4,https://www.stats.gov.cn/sj/zxfb/202509/t20250915_1961175.html,0.05255685627984008,0.05719428074776777,0.3534879684448242,0.20103111863136292,0.07960965484380722,0.2940905690193176,0.11909272521734238,-0.02523664004631343,0.30000001192092896,0.17309574785607806,0.15859816350199282,0.42084169387817383,0.06734158098697662,0.5118166208267212
2025-08,2025-07,丹东,https://www.stats.gov.cn/sj/zxfb/202508/t20250815_1960781.html,-0.4,https://www.stats.gov.cn/sj/zxfb/202509/t20250915_1961175.html,-0.32923215198440864,-0.35835580990806054,-0.2903917729854584,-0.3810569643974304,-0.3914649486541748,-0.2798512578010559,-0.38326939940452576,-0.40702564831056215,-0.20000000298023224,-0.3595853651099121,-0.32936087189607494,0.7796294689178467,0.08320552110671997,0.13716503977775574
2025-08,2025-07,乌鲁木齐,https://www.stats.gov.cn/sj/zxfb/202508/t20250815_1960781.html,0.1,https://www.stats.gov.cn/sj/zxfb/202509/t20250915_1961175.html,-0.04623414361513359,-0.04770666671477248,0.12314733117818832,0.0450533926486969,0.052392955869436264,0.14430555701255798,-0.01375406514853239,-0.1240276399412871,0.30000001192092896,0.05049831747646999,0.07367525487611291,0.4122357964515686,0.10037700831890106,0.48738718032836914
2025-08,2025-07,九江,https://www.stats.gov.cn/sj/zxfb/202508/t20250815_1960781.html,-0.2,https://www.stats.gov.cn/sj/zxfb/202509/t20250915_1961175.html,-0.3287388309448127,-0.33873671156574503,-0.19080515205860138,-0.2965545952320099,-0.295241117477417,-0.23716862499713898,-0.3235393166542053,-0.4065323272709662,-0.30000001192092896,-0.3176289890502318,-0.334362311474635,0.7258955240249634,0.08689898252487183,0.1872054636478424
2025-08,2025-07,兰州,https://www.stats.gov.cn/sj/zxfb/202508/t20250815_1960781.html,-0.4,https://www.stats.gov.cn/sj/zxfb/202509/t20250915_1961175.html,-0.5329550007943482,-0.5332015132560071,-0.5348456501960754,-0.6113452911376953,-0.6026086211204529,-0.48231029510498047,-0.5502482056617737,-0.6107484971205017,-0.699999988079071,-0.6241259215554839,-0.640697925445756,0.8591357469558716,0.04322340711951256,0.09764091670513153
2025-08,2025-07,包头,https://www.stats.gov.cn/sj/zxfb/202508/t20250815_1960781.html,-0.9,https://www.stats.gov.cn/sj/zxfb/202509/t20250915_1961175.html,-0.5819670634452686,-0.5846464948118324,-0.5181589722633362,-0.622071385383606,-0.6052020192146301,-0.5100365877151489,-0.5934824347496033,-0.6597605597714221,-0.6000000238418579,-0.6259121948324223,-0.627277322998962,0.8886951208114624,0.04206421226263046,0.06924065202474594
2025-08,2025-07,北京,https://www.stats.gov.cn/sj/zxfb/202508/t20250815_1960781.html,-0.4,https://www.stats.gov.cn/sj/zxfb/202509/t20250915_1961175.html,-0.27579309836415494,-0.30072494310329384,-0.24336151778697968,-0.36905306577682495,-0.3211059272289276,-0.26199597120285034,-0.24915464222431183,-0.35358659469030845,0.0,-0.3124916411698494,-0.24087988682237782,0.8059375882148743,0.05572245642542839,0.13833996653556824
2025-08,2025-07,北海,https://www.stats.gov.cn/sj/zxfb/202508/t20250815_1960781.html,-0.5,https://www.stats.gov.cn/sj/zxfb/202509/t20250915_1961175.html,-0.5713094583814959,-0.5849438817519417,-0.5025346875190735,-0.5882478952407837,-0.5086644291877747,-0.512090802192688,-0.574390709400177,-0.6491029547076494,-0.6000000238418579,-0.6013409617604101,-0.6124502912634303,0.8663228750228882,0.051207076758146286,0.08247010409832001
2025-08,2025-07,南京,https://www.stats.gov.cn/sj/zxfb/202508/t20250815_1960781.html,-0.6,https://www.stats.gov.cn/sj/zxfb/202509/t20250915_1961175.html,-0.5914844229692735,-0.5731935378483276,-0.47532448172569275,-0.6189031600952148,-0.46705174446105957,-0.5162976980209351,-0.8651144504547119,-0.669277919295427,-0.5,-0.6110356458873396,-0.5960603597968807,0.8992769122123718,0.03603596240282059,0.06468711793422699
2025-08,2025-07,南充,https://www.stats.gov.cn/sj/zxfb/202508/t20250815_1960781.html,-0.3,https://www.stats.gov.cn/sj/zxfb/202509/t20250915_1961175.html,-0.4629427282581289,-0.4802770210637836,-0.4047524034976959,-0.4960358142852783,-0.49190616607666016,-0.43162503838539124,-0.51300448179245,-0.5407362245842824,-0.5,-0.5049743246632897,-0.5122573462898535,0.8421367406845093,0.055229734629392624,0.1026335135102272
2025-08,2025-07,南宁,https://www.stats.gov.cn/sj/zxfb/202508/t20250815_1960781.html,0.3,https://www.stats.gov.cn/sj/zxfb/202509/t20250915_1961175.html,-0.27822468828324726,-0.26473733001681493,-0.08417610079050064,-0.19817553460597992,-0.2134336233139038,-0.0955657884478569,-0.08870881795883179,-0.35601818460940077,0.0,-0.19888398245520458,-0.18473123973846026,0.617558479309082,0.09757508337497711,0.28486642241477966
2025-08,2025-07,南昌,https://www.stats.gov.cn/sj/zxfb/202508/t20250815_1960781.html,-0.3,https://www.stats.gov.cn/sj/zxfb/202509/t20250915_1961175.html,-0.5129483940115795,-0.5413697534547304,-0.4924924373626709,-0.5878890752792358,-0.512134850025177,-0.5067178010940552,-0.670516312122345,-0.590741890337733,-0.6000000238418579,-0.5901839353751395,-0.5928769964862756,0.8919357061386108,0.03697067126631737,0.07109364122152328
2025-08,2025-07,厦门,https://www.stats.gov.cn/sj/zxfb/202508/t20250815_1960781.html,-0.5,https://www.stats.gov.cn/sj/zxfb/202509/t20250915_1961175.html,-0.5610009983150454,-0.5507946455394722,-0.3841724097728729,-0.5164368152618408,-0.5915935635566711,-0.4451611638069153,-0.5673803687095642,-0.6387944946411989,-0.6000000238418579,-0.5514779306957337,-0.5850771112482992,0.8603768348693848,0.046526480466127396,0.09309669584035873
2025-08,2025-07,合肥,https://www.stats.gov.cn/sj/zxfb/202508/t20250815_1960781.html,0.2,https://www.stats.gov.cn/sj/zxfb/202509/t20250915_1961175.html,-0.22788299514660115,-0.23986964498629432,-0.1056625247001648,-0.20396991074085236,-0.22449539601802826,-0.08735470473766327,-0.15960578620433807,-0.30567649147275466,-0.10000000149011612,-0.2078765688578274,-0.20321546790124104,0.6525887250900269,0.08775199949741364,0.2596592903137207
2025-08,2025-07,吉林,https://www.stats.gov.cn/sj/zxfb/202508/t20250815_1960781.html,0.2,https://www.stats.gov.cn/sj/zxfb/202509/t20250915_1961175.html,-0.4232106041598682,-0.4255373823172836,-0.3448892831802368,-0.47030192613601685,-0.5146565437316895,-0.3677697777748108,-0.4783352315425873,-0.5010041004860217,-0.5,-0.4803640617506046,-0.4904353422073462,0.7921265959739685,0.07598787546157837,0.13188549876213074
2025-08,2025-07,呼和浩特,https://www.stats.gov.cn/sj/zxfb/202508/t20250815_1960781.html,-0.2,https://www.stats.gov.cn/sj/zxfb/202509/t20250915_1961175.html,-0.35795691477678004,-0.3662782733385729,-0.3143933117389679,-0.402045339345932,-0.4608510434627533,-0.30475032329559326,-0.3724415600299835,-0.43575041110293355,-0.30000001192092896,-0.393510939677111,-0.37926525412326484,0.7916160821914673,0.07338297367095947,0.13500091433525085
2025-08,2025-07,哈尔滨,https://www.stats.gov.cn/sj/zxfb/202508/t20250815_1960781.html,-0.4,https://www.stats.gov.cn/sj/zxfb/202509/t20250915_1961175.html,-0.4254402440898468,-0.4139842195030683,-0.27069127559661865,-0.37426048517227173,-0.30701154470443726,-0.28411173820495605,-0.369227796792984,-0.5032337404160003,-0.30000001192092896,-0.387588257777171,-0.39249807916973367,0.7829833626747131,0.07179655134677887,0.1452200561761856
2025-08,2025-07,唐山,https://www.stats.gov.cn/sj/zxfb/202508/t20250815_1960781.html,-0.6,https://www.stats.gov.cn/sj/zxfb/202509/t20250915_1961175.html,-0.5212363059804981,-0.5282954491360914,-0.5349270701408386,-0.5736299753189087,-0.602611780166626,-0.5177785158157349,-0.48245859146118164,-0.5990298023066516,-0.4000000059604645,-0.5531320029213043,-0.5242199278620082,0.8690260052680969,0.0453668013215065,0.085607148706913
2025-08,2025-07,大理,https://www.stats.gov.cn/sj/zxfb/202508/t20250815_1960781.html,-0.6,https://www.stats.gov.cn/sj/zxfb/202509/t20250915_1961175.html,-0.4122677537616146,-0.40329652860096715,-0.3908543586730957,-0.48371291160583496,-0.31348320841789246,-0.3511642515659332,-0.3118463456630707,-0.49006125008776813,-0.20000000298023224,-0.4436426156785652,-0.39125805489127846,0.7800022959709167,0.07057331502437592,0.14942435920238495
2025-08,2025-07,大连,https://www.stats.gov.cn/sj/zxfb/202508/t20250815_1960781.html,-0.3,https://www.stats.gov.cn/sj/zxfb/202509/t20250915_1961175.html,-0.33270325436611037,-0.33743353709967466,-0.23435215651988983,-0.32640713453292847,-0.18500210344791412,-0.24673661589622498,-0.3731221854686737,-0.4104967506922639,0.0,-0.2946711289936018,-0.24563462840839745,0.7381789088249207,0.06394381821155548,0.19787727296352386
2025-08,2025-07,天津,https://www.stats.gov.cn/sj/zxfb/202508/t20250815_1960781.html,-0.5,https://www.stats.gov.cn/sj/zxfb/202509/t20250915_1961175.html,-0.3482499409798673,-0.3538234752084807,-0.24324464797973633,-0.3535676598548889,-0.4101276099681854,-0.2534365952014923,-0.3354170322418213,-0.4260434373060208,-0.30000001192092896,-0.3593357156022682,-0.3598703696939462,0.7989029884338379,0.054977960884571075,0.14611901342868805
2025-08,2025-07,太原,https://www.stats.gov.cn/sj/zxfb/202508/t20250815_1960781.html,-0.3,https://www.stats.gov.cn/sj/zxfb/202509/t20250915_1961175.html,-0.23174508939395144,-0.22308978159212697,-0.021734436973929405,-0.13935509324073792,-0.2682711184024811,-0.08946336805820465,-0.17892198264598846,-0.30953858572010495,-0.20000000298023224,-0.180010100170916,-0.21629789398035837,0.5913220643997192,0.09181267023086548,0.3168652653694153
2025-08,2025-07,宁波,https://www.stats.gov.cn/sj/zxfb/202508/t20250815_1960781.html,-0.4,https://www.stats.gov.cn/sj/zxfb/202509/t20250915_1961175.html,-0.42927768843626823,-0.39731987055699336,-0.27285751700401306,-0.42623990774154663,-0.4475666284561157,-0.3493816554546356,-0.49591705203056335,-0.5070711847624217,-0.6000000238418579,-0.466629287777795,-0.5111037054486087,0.8079367876052856,0.0398123674094677,0.15225085616111755
2025-08,2025-07,安庆,https://www.stats.gov.cn/sj/zxfb/202508/t20250815_1960781.html,-0.2,https://www.stats.gov.cn/sj/zxfb/202509/t20250915_1961175.html,-0.4267591921306009,-0.42249279678187923,-0.4155198037624359,-0.4780624806880951,-0.4240029752254486,-0.39753109216690063,-0.33607158064842224,-0.5045526884567544,-0.20000000298023224,-0.4425817842101766,-0.39420505737502726,0.7951480150222778,0.06664998829364777,0.13820205628871918
2025-08,2025-07,宜昌,https://www.stats.gov.cn/sj/zxfb/202508/t20250815_1960781.html,0.4,https://www.stats.gov.cn/sj/zxfb/202509/t20250915_1961175.html,-0.22529654835528345,-0.23076267654003552,-0.08019455522298813,-0.20116154849529266,-0.10390019416809082,-0.09285704791545868,-0.009152869693934917,-0.30309004468143697,0.20000000298023224,-0.16189175708782497,-0.1014171967321658,0.6270239949226379,0.09954573959112167,0.2734302878379822
2025-08,2025-07,岳阳,https://www.stats.gov.cn/sj/zxfb/202508/t20250815_1960781.html,-0.4,https://www.stats.gov.cn/sj/zxfb/202509/t20250915_1961175.html,-0.46635757566366687,-0.4625036034874967,-0.3981599509716034,-0.454714834690094,-0.5024136900901794,-0.3679926097393036,-0.2987042963504791,-0.5441510719898204,-0.20000000298023224,-0.4344045930970003,-0.39962196988671556,0.7972331047058105,0.07079391181468964,0.131972998380661
2025-08,2025-07,常德,https://www.stats.gov.cn/sj/zxfb/202508/t20250815_1960781.html,-0.4,https://www.stats.gov.cn/sj/zxfb/202509/t20250915_1961175.html,-0.37947649159094166,-0.38863223150567544,-0.34352967143058777,-0.41786542534828186,-0.25342607498168945,-0.3375416398048401,-0.20872966945171356,-0.45726998791709517,0.10000000149011612,-0.34992816569566637,-0.2583784705917536,0.7632274627685547,0.07138217985630035,0.16539035737514496
2025-08,2025-07,平顶山,https://www.stats.gov.cn/sj/zxfb/202508/t20250815_1960781.html,0.0,https://www.stats.gov.cn/sj/zxfb/202509/t20250915_1961175.html,-0.30908176847220986,-0.3072311631475726,-0.14967013895511627,-0.2969016432762146,-0.24176888167858124,-0.20711636543273926,-0.18705910444259644,-0.38687526479836337,-0.10000000149011612,-0.28509919228131986,-0.261258969854898,0.7599138021469116,0.06245250627398491,0.17763367295265198
2025-08,2025-07,广州,https://www.stats.gov.cn/sj/zxfb/202508/t20250815_1960781.html,-0.2,https://www.stats.gov.cn/sj/zxfb/202509/t20250915_1961175.html,-0.4997474220688751,-0.5151690500482541,-0.46243396401405334,-0.5836855173110962,-0.49191030859947205,-0.46531981229782104,-0.5154102444648743,-0.5775409183950286,-0.30000001192092896,-0.541282172715517,-0.4870754825423513,0.8901330828666687,0.03651837259531021,0.07334855943918228
2025-08,2025-07,徐州,https://www.stats.gov.cn/sj/zxfb/202508/t20250815_1960781.html,-0.2,https://www.stats.gov.cn/sj/zxfb/202509/t20250915_1961175.html,-0.4580712376768319,-0.46771816080299444,-0.39942774176597595,-0.5138591527938843,-0.36549243330955505,-0.411257803440094,-0.34012874960899353,-0.5358647340029854,0.0,-0.44324969086632837,-0.3499079622656232,0.7952991127967834,0.06229398399591446,0.1424069106578827
2025-08,2025-07,惠州,https://www.stats.gov.cn/sj/zxfb/202508/t20250815_1960781.html,-0.9,https://www.stats.gov.cn/sj/zxfb/202509/t20250915_1961175.html,-0.42920894222168415,-0.41268502195304807,-0.32085174322128296,-0.4015781879425049,-0.47616851329803467,-0.3221336901187897,-0.29648885130882263,-0.5070024385478377,-0.20000000298023224,-0.391985992763808,-0.36952687649019156,0.7324265837669373,0.06740304827690125,0.20017032325267792
2025-08,2025-07,成都,https://www.stats.gov.cn/sj/zxfb/202508/t20250815_1960781.html,-0.2,https://www.stats.gov.cn/sj/zxfb/202509/t20250915_1961175.html,-0.2035456174221028,-0.20327154019443286,-0.17194528877735138,-0.23373918235301971,-0.29472577571868896,-0.16005976498126984,-0.28580328822135925,-0.2813391137482563,-0.20000000298023224,-0.2377372331761206,-0.23835943302716944,0.6685248017311096,0.07714568078517914,0.25432950258255005
2025-08,2025-07,扬州,https://www.stats.gov.cn/sj/zxfb/202508/t20250815_1960781.html,-0.7,https://www.stats.gov.cn/sj/zxfb/202509/t20250915_1961175.html,-0.5539713873532073,-0.57355365764106,-0.42702630162239075,-0.5817756056785583,-0.40317919850349426,-0.4721095561981201,-0.6153982281684875,-0.6317648836793608,-0.800000011920929,-0.6228614727062363,-0.6711801670929494,0.9111220240592957,0.026478637009859085,0.06239934638142586
2025-08,2025-07,无锡,https://www.stats.gov.cn/sj/zxfb/202508/t20250815_1960781.html,-0.5,https://www.stats.gov.cn/sj/zxfb/202509/t20250915_1961175.html,-0.42636841960309835,-0.4165227364655904,-0.432473748922348,-0.5117276906967163,-0.47248467803001404,-0.4011196494102478,-0.5488203763961792,-0.5041619159292519,-0.20000000298023224,-0.4649805614407282,-0.40529653653540015,0.8280771374702454,0.047156836837530136,0.1247660294175148
2025-08,2025-07,昆明,https://www.stats.gov.cn/sj/zxfb/202508/t20250815_1960781.html,-0.3,https://www.stats.gov.cn/sj/zxfb/202509/t20250915_1961175.html,-0.48184619677201157,-0.4891885691368701,-0.44335827231407166,-0.49014654755592346,-0.3651033937931061,-0.40367111563682556,-0.37044787406921387,-0.5596396930981651,-0.20000000298023224,-0.46095306198293134,-0.4165954145447736,0.8159942626953125,0.05863157659769058,0.12537413835525513
2025-08,2025-07,杭州,https://www.stats.gov.cn/sj/zxfb/202508/t20250815_1960781.html,0.4,https://www.stats.gov.cn/sj/zxfb/202509/t20250915_1961175.html,-0.16714145539659142,-0.17020142666900465,-0.06481772661209106,-0.16992565989494324,-0.3201585114002228,-0.08346595615148544,-0.2914492189884186,-0.24493495172274493,-0.30000001192092896,-0.20287309464830125,-0.23828687451287237,0.6286112070083618,0.07924465835094452,0.29214417934417725
2025-08,2025-07,桂林,https://www.stats.gov.cn/sj/zxfb/202508/t20250815_1960781.html,-0.2,https://www.stats.gov.cn/sj/zxfb/202509/t20250915_1961175.html,-0.4717231619610852,-0.4687868322196359,-0.39376649260520935,-0.48952969908714294,-0.4541969299316406,-0.41224461793899536,-0.49230918288230896,-0.5495166582872387,-0.5,-0.5022739665774463,-0.5130154524581272,0.833107590675354,0.05893620103597641,0.10795630514621735
2025-08,2025-07,武汉,https://www.stats.gov.cn/sj/zxfb/202508/t20250815_1960781.html,-0.5,https://www.stats.gov.cn/sj/zxfb/202509/t20250915_1961175.html,-0.610664295863145,-0.602643854428792,-0.5476253032684326,-0.7046545743942261,-0.5324322581291199,-0.5651993751525879,-0.6656180024147034,-0.6884577921892985,-0.699999988079071,-0.7009477929410434,-0.6977041182208653,0.9053003191947937,0.027287229895591736,0.0674123466014862
2025-08,2025-07,沈阳,https://www.stats.gov.cn/sj/zxfb/202508/t20250815_1960781.html,0.2,https://www.stats.gov.cn/sj/zxfb/202509/t20250915_1961175.html,-0.30644566802632905,-0.293886415601234,-0.11027660965919495,-0.2723858952522278,-0.29015401005744934,-0.16954843699932098,-0.3017359673976898,-0.38423916435248257,-0.20000000298023224,-0.28278366342126987,-0.28554168752831416,0.6401683688163757,0.09090124815702438,0.2689303755760193
2025-08,2025-07,泉州,https://www.stats.gov.cn/sj/zxfb/202508/t20250815_1960781.html,-0.3,https://www.stats.gov.cn/sj/zxfb/202509/t20250915_1961175.html,-0.49819107492306136,-0.5093031932512498,-0.46397241950035095,-0.535825788974762,-0.4697303771972656,-0.4416145384311676,-0.60919588804245,-0.5759845712492149,-0.6000000238418579,-0.5526705214358492,-0.5706034613552783,0.844754695892334,0.05337781831622124,0.10186753422021866
2025-08,2025-07,泸州,https://www.stats.gov.cn/sj/zxfb/202508/t20250815_1960781.html,-0.5,https://www.stats.gov.cn/sj/zxfb/202509/t20250915_1961175.html,-0.48021891914503123,-0.4919992084435432,-0.4367891252040863,-0.5558757781982422,-0.44998684525489807,-0.4124186038970947,-0.43507543206214905,-0.5580124154711847,-0.4000000059604645,-0.5336078348753508,-0.5046293998766305,0.8314040899276733,0.061908889561891556,0.10668697208166122
2025-08,2025-07,洛阳,https://www.stats.gov.cn/sj/zxfb/202508/t20250815_1960781.html,-0.4,https://www.stats.gov.cn/sj/zxfb/202509/t20250915_1961175.html,-0.3994383906781369,-0.4085178325984755,-0.33087411522865295,-0.3913838565349579,-0.40691235661506653,-0.3204478621482849,-0.32814642786979675,-0.4772318870042904,-0.30000001192092896,-0.39415416171729506,-0.3895385851533924,0.775759220123291,0.07216925173997879,0.15207144618034363
2025-08,2025-07,济南,https://www.stats.gov.cn/sj/zxfb/202508/t20250815_1960781.html,-0.6,https://www.stats.gov.cn/sj/zxfb/202509/t20250915_1961175.html,-0.28529059714142974,-0.30095116869200583,-0.2091922014951706,-0.3277602791786194,-0.3252491354942322,-0.2403421700000763,-0.3048074543476105,-0.36308409346758325,-0.30000001192092896,-0.3303313170722064,-0.3302814615223772,0.7666981816291809,0.07056423276662827,0.162737637758255
2025-08,2025-07,济宁,https://www.stats.gov.cn/sj/zxfb/202508/t20250815_1960781.html,-0.5,https://www.stats.gov.cn/sj/zxfb/202509/t20250915_1961175.html,-0.4295089158228058,-0.43834497889170837,-0.4197453260421753,-0.4629531502723694,-0.5099952816963196,-0.38121500611305237,-0.28002145886421204,-0.5073024121489593,-0.20000000298023224,-0.43301053512556564,-0.390085188467187,0.8154988288879395,0.052829913794994354,0.13167127966880798
2025-08,2025-07,海口,https://www.stats.gov.cn/sj/zxfb/202508/t20250815_1960781.html,0.0,https://www.stats.gov.cn/sj/zxfb/202509/t20250915_1961175.html,-0.5784669045854773,-0.582683040373843,-0.5610004663467407,-0.7332623600959778,-0.5853025913238525,-0.580541729927063,-0.7708911895751953,-0.6562604009116308,-0.800000011920929,-0.7285627964867097,-0.7298409243095124,0.9438850283622742,0.018230540677905083,0.03788437321782112
2025-08,2025-07,深圳,https://www.stats.gov.cn/sj/zxfb/202508/t20250815_1960781.html,-0.4,https://www.stats.gov.cn/sj/zxfb/202509/t20250915_1961175.html,-0.5520099390835118,-0.5516177555819389,-0.5018122792243958,-0.5892951488494873,-0.5309637188911438,-0.4761137068271637,-0.6937766075134277,-0.6298034354096653,-0.6000000238418579,-0.5984296844612436,-0.6063662027003368,0.9015827178955078,0.03320135921239853,0.06521590054035187
2025-08,2025-07,温州,https://www.stats.gov.cn/sj/zxfb/202508/t20250815_1960781.html,-0.4,https://www.stats.gov.cn/sj/zxfb/202509/t20250915_1961175.html,-0.43463734551585054,-0.44165617119292494,-0.29454562067985535,-0.4344404637813568,-0.31422075629234314,-0.3059690594673157,-0.2899402678012848,-0.512430841842004,-0.10000000149011612,-0.4003952674945308,-0.348957102371159,0.7998279333114624,0.06135387346148491,0.13881826400756836
2025-08,2025-07,湛江,https://www.stats.gov.cn/sj/zxfb/202508/t20250815_1960781.html,-0.6,https://www.stats.gov.cn/sj/zxfb/202509/t20250915_1961175.html,-0.3821831442967255,-0.3691823441189421,-0.2911795675754547,-0.33424216508865356,-0.4317660331726074,-0.22795435786247253,-0.3799268305301666,-0.459976640622879,-0.20000000298023224,-0.33824145569219166,-0.3314062695639216,0.7586657404899597,0.06322205066680908,0.17811219394207
2025-08,2025-07,烟台,https://www.stats.gov.cn/sj/zxfb/202508/t20250815_1960781.html,-0.4,https://www.stats.gov.cn/sj/zxfb/202509/t20250915_1961175.html,-0.4487478790215019,-0.4609379090995438,-0.4115326702594757,-0.47623586654663086,-0.5542821884155273,-0.3809185028076172,-0.4830307066440582,-0.5265413753476554,-0.30000001192092896,-0.46001800899383444,-0.4342590846050718,0.859632134437561,0.04701509326696396,0.09335285425186157
2025-08,2025-07,牡丹江,https://www.stats.gov.cn/sj/zxfb/202508/t20250815_1960781.html,-0.2,https://www.stats.gov.cn/sj/zxfb/202509/t20250915_1961175.html,-0.3041381742909038,-0.29542966267115256,-0.18319100141525269,-0.2858094274997711,-0.31038233637809753,-0.18487975001335144,-0.2100989818572998,-0.3819316706170573,-0.10000000149011612,-0.2767702324855875,-0.2559136998689815,0.6407738924026489,0.11513189971446991,0.24409420788288116
2025-08,2025-07,石家庄,https://www.stats.gov.cn/sj/zxfb/202508/t20250815_1960781.html,-0.5,https://www.stats.gov.cn/sj/zxfb/202509/t20250915_1961175.html,-0.4039892916345075,-0.4087098382904859,-0.3256267011165619,-0.4555237889289856,-0.474671870470047,-0.3464409112930298,-0.3764587342739105,-0.481782787960661,-0.4000000059604645,-0.4523616828798174,-0.44576886095003704,0.8167238235473633,0.050500642508268356,0.13277558982372284
2025-08,2025-07,福州,https://www.stats.gov.cn/sj/zxfb/202508/t20250815_1960781.html,0.0,https://www.stats.gov.cn/sj/zxfb/202509/t20250915_1961175.html,-0.4892881377426759,-0.4868040437128704,-0.3810616433620453,-0.4866102337837219,-0.5233979225158691,-0.39026230573654175,-0.49494102597236633,-0.5670816340688294,-0.5,-0.5036110448027912,-0.5178972892841838,0.8355140686035156,0.0530250184237957,0.11146087944507599
2025-08,2025-07,秦皇岛,https://www.stats.gov.cn/sj/zxfb/202508/t20250815_1960781.html,-0.4,https://www.stats.gov.cn/sj/zxfb/202509/t20250915_1961175.html,-0.5999126582033796,-0.5971175910814966,-0.45088326930999756,-0.588646411895752,-0.5877411365509033,-0.49655476212501526,-0.5005303025245667,-0.6777061545295331,-0.5,-0.5924156076294625,-0.5887841888084283,0.8908365964889526,0.039207328110933304,0.06995601952075958
2025-08,2025-07,蚌埠,https://www.stats.gov.cn/sj/zxfb/202508/t20250815_1960781.html,-0.3,https://www.stats.gov.cn/sj/zxfb/202509/t20250915_1961175.html,-0.4043156724862744,-0.4044494584992137,-0.3535290062427521,-0.4455260634422302,-0.4476304054260254,-0.3542101979255676,-0.34158456325531006,-0.48210916881242794,-0.30000001192092896,-0.43120703415547057,-0.40921174805852906,0.8102924227714539,0.06792193651199341,0.12178567796945572
2025-08,2025-07,襄阳,https://www.stats.gov.cn/sj/zxfb/202508/t20250815_1960781.html,0.0,https://www.stats.gov.cn/sj/zxfb/202509/t20250915_1961175.html,-0.5959725826067962,-0.6075714887903909,-0.5360678434371948,-0.6174978017807007,-0.550661027431488,-0.5380967855453491,-0.6348196864128113,-0.6737660789329497,-0.699999988079071,-0.6400213840503061,-0.6637546229309071,0.8933698534965515,0.03614949434995651,0.07048065960407257
2025-08,2025-07,西宁,https://www.stats.gov.cn/sj/zxfb/202508/t20250815_1960781.html,0.1,https://www.stats.gov.cn/sj/zxfb/202509/t20250915_1961175.html,-0.34749323953343514,-0.34715969969768845,-0.21151916682720184,-0.3187273442745209,-0.36834922432899475,-0.21498453617095947,-0.2918502986431122,-0.42528673585958865,-0.30000001192092896,-0.3359378870515457,-0.3480046973516795,0.7418272495269775,0.0826675072312355,0.17550523579120636
2025-08,2025-07,西安,https://www.stats.gov.cn/sj/zxfb/202508/t20250815_1960781.html,-0.6,https://www.stats.gov.cn/sj/zxfb/202509/t20250915_1961175.html,-0.3384452468554091,-0.35790355205680624,-0.40506792068481445,-0.5109168291091919,-0.47095516324043274,-0.43213146924972534,-0.3671511113643646,-0.4162387431815626,-0.30000001192092896,-0.4625337770644172,-0.4090518614038945,0.8321834802627563,0.061237115412950516,0.10657946765422821
2025-08,2025-07,贵阳,https://www.stats.gov.cn/sj/zxfb/202508/t20250815_1960781.html,-0.6,https://www.stats.gov.cn/sj/zxfb/202509/t20250915_1961175.html,-0.456347481544366,-0.46121057046492886,-0.3868192732334137,-0.48085522651672363,-0.41247594356536865,-0.39814919233322144,-0.46289530396461487,-0.5341409778705195,-0.5,-0.4936073619892808,-0.5049987347957478,0.8516850471496582,0.05506885051727295,0.09324605762958527
2025-08,2025-07,赣州,https://www.stats.gov.cn/sj/zxfb/202508/t20250815_1960781.html,-0.5,https://www.stats.gov.cn/sj/zxfb/202509/t20250915_1961175.html,-0.4405336361443021,-0.4436774741049556,-0.3738373816013336,-0.47473758459091187,-0.507905900478363,-0.37495720386505127,-0.4271063804626465,-0.5183271324704556,-0.4000000059604645,-0.4720233833345861,-0.464354907673944,0.8214275240898132,0.06071584299206734,0.11785658448934555
2025-08,2025-07,遵义,https://www.stats.gov.cn/sj/zxfb/202508/t20250815_1960781.html,-0.5,https://www.stats.gov.cn/sj/zxfb/202509/t20250915_1961175.html,-0.30296295226751924,-0.30911037759767335,-0.26017388701438904,-0.36080506443977356,-0.42564085125923157,-0.2682831287384033,-0.287748783826828,-0.38075644859367275,-0.10000000149011612,-0.32661075458536204,-0.28052050484118746,0.7120826244354248,0.07535545527935028,0.21256192028522491
2025-08,2025-07,郑州,https://www.stats.gov.cn/sj/zxfb/202508/t20250815_1960781.html,-0.4,https://www.stats.gov.cn/sj/zxfb/202509/t20250915_1961175.html,-0.585084799204978,-0.5835643198511642,-0.5710217356681824,-0.6336315274238586,-0.6448331475257874,-0.5454241037368774,-0.6307594776153564,-0.6628782955311315,-0.6000000238418579,-0.6342119398898565,-0.6321699489322827,0.8796828985214233,0.037235770374536514,0.08308141678571701
2025-08,2025-07,重庆,https://www.stats.gov.cn/sj/zxfb/202508/t20250815_1960781.html,-0.7,https://www.stats.gov.cn/sj/zxfb/202509/t20250915_1961175.html,-0.4446738178110472,-0.4617403125445033,-0.3604966104030609,-0.49112629890441895,-0.4862120449542999,-0.3799442648887634,-0.48606929183006287,-0.5224673141372007,-0.5,-0.49827963634163297,-0.5045312043472066,0.8357406854629517,0.0476156622171402,0.1166437491774559
2025-08,2025-07,金华,https://www.stats.gov.cn/sj/zxfb/202508/t20250815_1960781.html,-0.1,https://www.stats.gov.cn/sj/zxfb/202509/t20250915_1961175.html,-0.4416711379564797,-0.4411015162270757,-0.3354409635066986,-0.41559115052223206,-0.43743133544921875,-0.3237793743610382,-0.32811376452445984,-0.5194646342826332,-0.30000001192092896,-0.4182131946733103,-0.41168526557526475,0.8061038851737976,0.07458256185054779,0.11931358277797699
2025-08,2025-07,银川,https://www.stats.gov.cn/sj/zxfb/202508/t20250815_1960781.html,-0.2,https://www.stats.gov.cn/sj/zxfb/202509/t20250915_1961175.html,-0.39962857355450043,-0.40671485582137357,-0.339028000831604,-0.44362252950668335,-0.36972641944885254,-0.35502710938453674,-0.4387350082397461,-0.47742206988065394,-0.5,-0.45814383405718256,-0.47368153312911243,0.7932246923446655,0.0661952942609787,0.14058002829551697
2025-08,2025-07,锦州,https://www.stats.gov.cn/sj/zxfb/202508/t20250815_1960781.html,-0.2,https://www.stats.gov.cn/sj/zxfb/202509/t20250915_1961175.html,-0.36529922806049103,-0.3631659751364896,-0.3002565801143646,-0.3643031418323517,-0.39517831802368164,-0.2822462022304535,-0.39173421263694763,-0.44309272438664454,-0.30000001192092896,-0.3696911443453428,-0.36913195937997506,0.7279313802719116,0.07275183498859406,0.19931675493717194
2025-08,2025-07,长春,https://www.stats.gov.cn/sj/zxfb/202508/t20250815_1960781.html,-0.2,https://www.stats.gov.cn/sj/zxfb/202509/t20250915_1961175.html,-0.30912856583243137,-0.32353926074918793,-0.3701801598072052,-0.45006030797958374,-0.25421613454818726,-0.34834781289100647,-0.25303858518600464,-0.3869220621585849,0.10000000149011612,-0.3582587120927789,-0.24566078954935086,0.6909298896789551,0.07356886565685272,0.23550128936767578
2025-08,2025-07,长沙,https://www.stats.gov.cn/sj/zxfb/202508/t20250815_1960781.html,-0.3,https://www.stats.gov.cn/sj/zxfb/202509/t20250915_1961175.html,-0.3045982759796644,-0.3088687485913672,-0.23843269050121307,-0.3116454780101776,-0.4922426640987396,-0.18466144800186157,-0.3779383897781372,-0.3823917723058179,-0.4000000059604645,-0.3377284941298354,-0.36467908542548666,0.7073878049850464,0.0876791700720787,0.2049330174922943
2025-08,2025-07,青岛,https://www.stats.gov.cn/sj/zxfb/202508/t20250815_1960781.html,-0.3,https://www.stats.gov.cn/sj/zxfb/202509/t20250915_1961175.html,-0.37263239706012546,-0.37230701187049703,-0.25758442282676697,-0.3897334933280945,-0.4231777489185333,-0.26927822828292847,-0.40003669261932373,-0.450425893386279,-0.4000000059604645,-0.4025800913689431,-0.413386464224946,0.7705845236778259,0.06743431091308594,0.16198115050792694
2025-08,2025-07,韶关,https://www.stats.gov.cn/sj/zxfb/202508/t20250815_1960781.html,-0.2,https://www.stats.gov.cn/sj/zxfb/202509/t20250915_1961175.html,-0.35629417833586385,-0.3499306337467802,-0.27405282855033875,-0.3638492226600647,-0.4325944483280182,-0.2728687822818756,-0.2839210331439972,-0.43408767466201736,-0.10000000149011612,-0.33861934848459374,-0.2993122996040661,0.7305058240890503,0.07623457908630371,0.1932595670223236
2025-09,2025-08,三亚,https://www.stats.gov.cn/sj/zxfb/202509/t20250915_1961175.html,0.0,https://www.stats.gov.cn/sj/zxfb/202510/t20251020_1961597.html,-0.17924421099635285,-0.23782137093746175,-0.14424286782741547,-0.2596432566642761,-0.41687262058258057,-0.17510446906089783,-0.2515871524810791,-0.2634403403225075,-0.30000001192092896,-0.265000136784579,-0.27436120296923755,0.584057092666626,0.12303688377141953,0.2929059863090515
2025-09,2025-08,上海,https://www.stats.gov.cn/sj/zxfb/202509/t20250915_1961175.html,0.3,https://www.stats.gov.cn/sj/zxfb/202510/t20251020_1961597.html,0.15898802665876063,0.08414822478342053,0.2894698679447174,0.15578676760196686,0.14012299478054047,0.2971496284008026,0.18725760281085968,0.07479189733260597,0.4000000059604645,0.17104376725524156,0.21019289029834576,0.36161723732948303,0.07209458202123642,0.5662881731987
2025-09,2025-08,丹东,https://www.stats.gov.cn/sj/zxfb/202509/t20250915_1961175.html,-0.3,https://www.stats.gov.cn/sj/zxfb/202510/t20251020_1961597.html,-0.3230850803958319,-0.3853674426205986,-0.23835186660289764,-0.397237628698349,-0.5367748737335205,-0.2966296672821045,-0.4043433368206024,-0.40728120972198656,-0.4000000059604645,-0.3992189808206875,-0.40150628146026673,0.8059320449829102,0.08024770021438599,0.11382023990154266
2025-09,2025-08,乌鲁木齐,https://www.stats.gov.cn/sj/zxfb/202509/t20250915_1961175.html,-0.2,https://www.stats.gov.cn/sj/zxfb/202510/t20251020_1961597.html,0.00019470069296781412,-0.06496915905268437,0.15436917543411255,0.019582059234380722,-0.006414981093257666,0.13166050612926483,0.025069065392017365,-0.08400142863318685,0.10000000149011612,0.011912623973384008,0.01186021069710333,0.4002196192741394,0.10787884145975113,0.49190157651901245
2025-09,2025-08,九江,https://www.stats.gov.cn/sj/zxfb/202509/t20250915_1961175.html,-0.9,https://www.stats.gov.cn/sj/zxfb/202510/t20251020_1961597.html,-0.23035201727291083,-0.2820158859058535,-0.0823112353682518,-0.2586100101470947,-0.32290545105934143,-0.1826915442943573,-0.21367160975933075,-0.3145481465990655,-0.20000000298023224,-0.2609722546211495,-0.25771938657546417,0.699202299118042,0.08864520490169525,0.21215248107910156
2025-09,2025-08,兰州,https://www.stats.gov.cn/sj/zxfb/202509/t20250915_1961175.html,-0.3,https://www.stats.gov.cn/sj/zxfb/202510/t20251020_1961597.html,-0.40666303225820927,-0.46781727324106415,-0.3701589107513428,-0.4810055196285248,-0.5727320909500122,-0.38716965913772583,-0.4040238857269287,-0.49085916158436393,-0.4000000059604645,-0.4731370874454545,-0.45728822905778443,0.8172714114189148,0.06637914478778839,0.11634939908981323
2025-09,2025-08,包头,https://www.stats.gov.cn/sj/zxfb/202509/t20250915_1961175.html,-1.0,https://www.stats.gov.cn/sj/zxfb/202510/t20251020_1961597.html,-0.593750130089594,-0.6629117378868028,-0.5309365391731262,-0.6251576542854309,-0.7125595211982727,-0.5756539106369019,-0.7467190623283386,-0.6779462594157487,-0.8999999761581421,-0.6660840639326123,-0.7343679632864406,0.9210689663887024,0.03182821348309517,0.047102831304073334
2025-09,2025-08,北京,https://www.stats.gov.cn/sj/zxfb/202509/t20250915_1961175.html,0.2,https://www.stats.gov.cn/sj/zxfb/202510/t20251020_1961597.html,-0.32805394017321216,-0.3896307599240632,-0.4061478078365326,-0.4973110556602478,-0.5057392716407776,-0.400932639837265,-0.4396913945674896,-0.4122500694993668,-0.4000000059604645,-0.4718669186725699,-0.4365203770400264,0.8313087224960327,0.05311799794435501,0.11557316780090332
2025-09,2025-08,北海,https://www.stats.gov.cn/sj/zxfb/202509/t20250915_1961175.html,-0.7,https://www.stats.gov.cn/sj/zxfb/202510/t20251020_1961597.html,-0.45360262978363824,-0.5173896501899279,-0.40769195556640625,-0.4971555769443512,-0.5007323622703552,-0.4456369876861572,-0.48484352231025696,-0.5377987591097929,-0.5,-0.5041966465053899,-0.5116514453513813,0.8036502003669739,0.07787386327981949,0.11847591400146484
2025-09,2025-08,南京,https://www.stats.gov.cn/sj/zxfb/202509/t20250915_1961175.html,-0.6,https://www.stats.gov.cn/sj/zxfb/202510/t20251020_1961597.html,-0.489435698145503,-0.547994061348569,-0.5543297529220581,-0.6701152920722961,-0.4982297122478485,-0.589840292930603,-0.6579573750495911,-0.5736318274716576,-0.6000000238418579,-0.6459736290383504,-0.6145823811286039,0.8856916427612305,0.04205133765935898,0.07225706428289413
2025-09,2025-08,南充,https://www.stats.gov.cn/sj/zxfb/202509/t20250915_1961175.html,-0.2,https://www.stats.gov.cn/sj/zxfb/202510/t20251020_1961597.html,-0.31448848230851384,-0.38770449632475146,-0.33507606387138367,-0.4620847702026367,-0.4233352839946747,-0.3360663056373596,-0.3812817633152008,-0.3986846116346685,-0.30000001192092896,-0.43262336721256484,-0.38692313125274475,0.8099609613418579,0.0647432804107666,0.12529583275318146
2025-09,2025-08,南宁,https://www.stats.gov.cn/sj/zxfb/202509/t20250915_1961175.html,-0.5,https://www.stats.gov.cn/sj/zxfb/202510/t20251020_1961597.html,-0.08342610438147624,-0.15180404554415072,0.04783030226826668,-0.09722564369440079,-0.02357432246208191,0.032170020043849945,0.1067848801612854,-0.1676222337076309,0.30000001192092896,-0.062284933506676035,0.011717378172965753,0.49600571393966675,0.10022809356451035,0.4037661552429199
2025-09,2025-08,南昌,https://www.stats.gov.cn/sj/zxfb/202509/t20250915_1961175.html,-0.7,https://www.stats.gov.cn/sj/zxfb/202510/t20251020_1961597.html,-0.3843902718259435,-0.4325429077115089,-0.37420129776000977,-0.5138039588928223,-0.45188960433006287,-0.3940289616584778,-0.63697350025177,-0.46858640115209815,-0.30000001192092896,-0.4812813705559455,-0.4274634573219498,0.8565939664840698,0.04613681882619858,0.0972691997885704
2025-09,2025-08,厦门,https://www.stats.gov.cn/sj/zxfb/202509/t20250915_1961175.html,-0.7,https://www.stats.gov.cn/sj/zxfb/202510/t20251020_1961597.html,-0.48889107593098907,-0.5553265078756099,-0.4248405992984772,-0.5922754406929016,-0.5835774540901184,-0.4702787399291992,-0.5531796813011169,-0.5730872052571437,-0.5,-0.5782930429714515,-0.5551208819833485,0.8526002764701843,0.05620937421917915,0.09119029343128204
2025-09,2025-08,合肥,https://www.stats.gov.cn/sj/zxfb/202509/t20250915_1961175.html,0.0,https://www.stats.gov.cn/sj/zxfb/202510/t20251020_1961597.html,-0.10691953270557836,-0.1627394441724031,-0.0212703887373209,-0.13977035880088806,-0.14184488356113434,-0.0008376330370083451,0.055084943771362305,-0.19111566203173302,0.20000000298023224,-0.1084197967207299,-0.04362867261746295,0.5888272523880005,0.08005540072917938,0.3311174511909485
2025-09,2025-08,吉林,https://www.stats.gov.cn/sj/zxfb/202509/t20250915_1961175.html,-0.5,https://www.stats.gov.cn/sj/zxfb/202510/t20251020_1961597.html,-0.14879627760660646,-0.22663079067194894,-0.22149449586868286,-0.3248264789581299,-0.17952989041805267,-0.20466606318950653,-0.13928888738155365,-0.23299240693276113,0.20000000298023224,-0.24815542737575738,-0.1192729609702196,0.591890275478363,0.10495302826166153,0.3031567335128784
2025-09,2025-08,呼和浩特,https://www.stats.gov.cn/sj/zxfb/202509/t20250915_1961175.html,-0.3,https://www.stats.gov.cn/sj/zxfb/202510/t20251020_1961597.html,-0.24667734512183526,-0.3192790221293488,-0.28355297446250916,-0.3860238492488861,-0.4108172357082367,-0.29961448907852173,-0.27554604411125183,-0.3308734744479899,-0.20000000298023224,-0.35511807386486216,-0.3056324422257028,0.6898750066757202,0.11286059767007828,0.19726434350013733
2025-09,2025-08,哈尔滨,https://www.stats.gov.cn/sj/zxfb/202509/t20250915_1961175.html,-0.1,https://www.stats.gov.cn/sj/zxfb/202510/t20251020_1961597.html,-0.38784093624415633,-0.44137939364448736,-0.3423687219619751,-0.47602933645248413,-0.4566258192062378,-0.3548333942890167,-0.42054450511932373,-0.472037065570311,-0.4000000059604645,-0.4664590593386685,-0.4493554693277532,0.7747918963432312,0.07712246477603912,0.1480855792760849
2025-09,2025-08,唐山,https://www.stats.gov.cn/sj/zxfb/202509/t20250915_1961175.html,-0.5,https://www.stats.gov.cn/sj/zxfb/202510/t20251020_1961597.html,-0.4496687063112677,-0.518210910381993,-0.45025432109832764,-0.5580812096595764,-0.5133525729179382,-0.4924839437007904,-0.5724966526031494,-0.5338648356374224,-0.6000000238418579,-0.5589978901788852,-0.5639820230462855,0.8578923344612122,0.05451447516679764,0.08759316056966782
2025-09,2025-08,大理,https://www.stats.gov.cn/sj/zxfb/202509/t20250915_1961175.html,-0.5,https://www.stats.gov.cn/sj/zxfb/202510/t20251020_1961597.html,-0.45047956666031713,-0.5066186608901376,-0.4051334857940674,-0.5054490566253662,-0.4263300895690918,-0.40100306272506714,-0.5295180082321167,-0.5346756959864718,-0.6000000238418579,-0.5213548882602528,-0.5467082588178986,0.8466548919677734,0.05333127826452255,0.10001389682292938
2025-09,2025-08,大连,https://www.stats.gov.cn/sj/zxfb/202509/t20250915_1961175.html,-0.4,https://www.stats.gov.cn/sj/zxfb/202510/t20251020_1961597.html,-0.3456496063919849,-0.38905858710262775,-0.3451082408428192,-0.4825879633426666,-0.39387524127960205,-0.37301480770111084,-0.4941665232181549,-0.42984573571813955,-0.30000001192092896,-0.4524823453998625,-0.40414457032724505,0.7428923845291138,0.07724589854478836,0.1798616498708725
2025-09,2025-08,天津,https://www.stats.gov.cn/sj/zxfb/202509/t20250915_1961175.html,-0.6,https://www.stats.gov.cn/sj/zxfb/202510/t20251020_1961597.html,-0.31558207596440996,-0.3795682391713292,-0.25764790177345276,-0.38914060592651367,-0.32014164328575134,-0.32587411999702454,-0.3557070791721344,-0.3997782052905646,-0.5,-0.4038900484463577,-0.42963960373902604,0.7389494776725769,0.09302711486816406,0.16802334785461426
2025-09,2025-08,太原,https://www.stats.gov.cn/sj/zxfb/202509/t20250915_1961175.html,-0.1,https://www.stats.gov.cn/sj/zxfb/202510/t20251020_1961597.html,-0.19771652711334714,-0.23866135652585507,-0.1197221651673317,-0.30443742871284485,-0.3039045035839081,-0.17286530137062073,-0.24461644887924194,-0.2819126564395018,-0.30000001192092896,-0.30019987273258886,-0.2954500323577585,0.613669216632843,0.10863622277975082,0.27769455313682556
2025-09,2025-08,宁波,https://www.stats.gov.cn/sj/zxfb/202509/t20250915_1961175.html,-0.7,https://www.stats.gov.cn/sj/zxfb/202510/t20251020_1961597.html,-0.3677047920378493,-0.4155113052467733,-0.33148571848869324,-0.47990694642066956,-0.4924370348453522,-0.3789799213409424,-0.4970220625400543,-0.45190092136400395,-0.4000000059604645,-0.46591898951834576,-0.443935957915046,0.768584132194519,0.07309924066066742,0.15831664204597473
2025-09,2025-08,安庆,https://www.stats.gov.cn/sj/zxfb/202509/t20250915_1961175.html,-0.5,https://www.stats.gov.cn/sj/zxfb/202510/t20251020_1961597.html,-0.34594694335235604,-0.39743220367924187,-0.39033687114715576,-0.46010708808898926,-0.4425039291381836,-0.3868539035320282,-0.31403544545173645,-0.4301430726785107,-0.20000000298023224,-0.4246747235329683,-0.36341672124924407,0.7494573593139648,0.0867350697517395,0.16380761563777924
2025-09,2025-08,宜昌,https://www.stats.gov.cn/sj/zxfb/202509/t20250915_1961175.html,-0.1,https://www.stats.gov.cn/sj/zxfb/202510/t20251020_1961597.html,-0.049259057124751815,-0.10645749829241787,0.060907572507858276,-0.08192833513021469,0.04981270432472229,0.03909885883331299,0.10442619770765305,-0.13345518645090648,0.4000000059604645,-0.033945394202927005,0.061538828126447766,0.45883122086524963,0.10196208953857422,0.43920668959617615
2025-09,2025-08,岳阳,https://www.stats.gov.cn/sj/zxfb/202509/t20250915_1961175.html,-0.5,https://www.stats.gov.cn/sj/zxfb/202510/t20251020_1961597.html,-0.4220308345560894,-0.4797720138755112,-0.39528629183769226,-0.4824332296848297,-0.5045846104621887,-0.3887648582458496,-0.39587458968162537,-0.5062269638822441,-0.4000000059604645,-0.47669810227025317,-0.4628867331758461,0.7929760813713074,0.07706467807292938,0.12995919585227966
2025-09,2025-08,常德,https://www.stats.gov.cn/sj/zxfb/202509/t20250915_1961175.html,-0.6,https://www.stats.gov.cn/sj/zxfb/202510/t20251020_1961597.html,-0.43235107606081097,-0.48069801384246685,-0.42480215430259705,-0.5521456599235535,-0.4993174076080322,-0.4689479470252991,-0.46360254287719727,-0.5165472053869656,-0.4000000059604645,-0.5284375608127253,-0.48956429042366123,0.8180228471755981,0.0634421557188034,0.11853506416082382
2025-09,2025-08,平顶山,https://www.stats.gov.cn/sj/zxfb/202509/t20250915_1961175.html,-0.2,https://www.stats.gov.cn/sj/zxfb/202510/t20251020_1961597.html,-0.18346169143246155,-0.24217947988047578,-0.15869981050491333,-0.29542335867881775,-0.17678560316562653,-0.192232146859169,-0.11682915687561035,-0.2676578207586162,0.0,-0.25621440519888733,-0.18769372647914465,0.6797504425048828,0.08572223782539368,0.23452726006507874
2025-09,2025-08,广州,https://www.stats.gov.cn/sj/zxfb/202509/t20250915_1961175.html,-0.6,https://www.stats.gov.cn/sj/zxfb/202510/t20251020_1961597.html,-0.37782880479993447,-0.4434082904832748,-0.4240652322769165,-0.49897193908691406,-0.42723870277404785,-0.41944169998168945,-0.4122827351093292,-0.46202493412608914,-0.20000000298023224,-0.45783176461532854,-0.3869989587310785,0.8156982660293579,0.06341858208179474,0.12088320404291153
2025-09,2025-08,徐州,https://www.stats.gov.cn/sj/zxfb/202509/t20250915_1961175.html,-0.6,https://www.stats.gov.cn/sj/zxfb/202510/t20251020_1961597.html,-0.2845630918133288,-0.36987379795375425,-0.37350139021873474,-0.44161027669906616,-0.3714287281036377,-0.3799368739128113,-0.365632563829422,-0.36875922113948345,-0.20000000298023224,-0.40126792722116433,-0.33678983360626064,0.738581657409668,0.0884881466627121,0.17293016612529755
2025-09,2025-08,惠州,https://www.stats.gov.cn/sj/zxfb/202509/t20250915_1961175.html,0.1,https://www.stats.gov.cn/sj/zxfb/202510/t20251020_1961597.html,-0.5580089277612938,-0.6044800232112031,-0.43125128746032715,-0.5820974111557007,-0.6612718105316162,-0.4571869969367981,-0.6328405737876892,-0.6422050570874485,-0.8999999761581421,-0.6292788340304495,-0.7081008148004303,0.8726969957351685,0.04058075696229935,0.08672231435775757
2025-09,2025-08,成都,https://www.stats.gov.cn/sj/zxfb/202509/t20250915_1961175.html,-0.6,https://www.stats.gov.cn/sj/zxfb/202510/t20251020_1961597.html,-0.14112162873559153,-0.20662015441422912,-0.16285723447799683,-0.30633604526519775,-0.2746506631374359,-0.19971920549869537,-0.26602426171302795,-0.2253177580617462,-0.20000000298023224,-0.2805012880767122,-0.24388460210239207,0.6652262806892395,0.08876991271972656,0.24600379168987274
2025-09,2025-08,扬州,https://www.stats.gov.cn/sj/zxfb/202509/t20250915_1961175.html,-0.7,https://www.stats.gov.cn/sj/zxfb/202510/t20251020_1961597.html,-0.490823782936845,-0.5462284277671698,-0.3581089675426483,-0.5513036847114563,-0.5092344880104065,-0.424366295337677,-0.5723950862884521,-0.5750199122629996,-0.699999988079071,-0.5726464648490013,-0.6087745283511756,0.8705687522888184,0.04335537552833557,0.08607594668865204
2025-09,2025-08,无锡,https://www.stats.gov.cn/sj/zxfb/202509/t20250915_1961175.html,-0.3,https://www.stats.gov.cn/sj/zxfb/202510/t20251020_1961597.html,-0.3424285946750589,-0.42893066372807487,-0.2864517271518707,-0.4657060503959656,-0.4101146459579468,-0.3806670010089874,-0.4216029644012451,-0.42662472400121354,-0.5,-0.4632757364071231,-0.46411025813239304,0.8210199475288391,0.06922698020935059,0.10975310951471329
2025-09,2025-08,昆明,https://www.stats.gov.cn/sj/zxfb/202509/t20250915_1961175.html,-0.5,https://www.stats.gov.cn/sj/zxfb/202510/t20251020_1961597.html,-0.3839605799650168,-0.4420882512643933,-0.3926143944263458,-0.4834340214729309,-0.4435378611087799,-0.39395371079444885,-0.4199027121067047,-0.4681567092911715,-0.30000001192092896,-0.45941237648996586,-0.4171969142283438,0.7816155552864075,0.0707387775182724,0.14764568209648132
2025-09,2025-08,杭州,https://www.stats.gov.cn/sj/zxfb/202509/t20250915_1961175.html,0.3,https://www.stats.gov.cn/sj/zxfb/202510/t20251020_1961597.html,0.1435260565349286,0.047198930959450366,0.2549014985561371,0.10692121833562851,0.069180428981781,0.20767679810523987,0.021072974428534508,0.05932992720877392,0.4000000059604645,0.13341861467275667,0.18875038383495565,0.38648682832717896,0.08781646937131882,0.5256966352462769
2025-09,2025-08,桂林,https://www.stats.gov.cn/sj/zxfb/202509/t20250915_1961175.html,-0.4,https://www.stats.gov.cn/sj/zxfb/202510/t20251020_1961597.html,-0.3240044107600835,-0.38848032933834875,-0.3366198241710663,-0.44430771470069885,-0.39763665199279785,-0.36084818840026855,-0.3288678228855133,-0.4082005400862382,-0.20000000298023224,-0.40971333970723195,-0.3508360859223898,0.7128320932388306,0.10445630550384521,0.1827116459608078
2025-09,2025-08,武汉,https://www.stats.gov.cn/sj/zxfb/202509/t20250915_1961175.html,-0.4,https://www.stats.gov.cn/sj/zxfb/202510/t20251020_1961597.html,-0.4775480734743471,-0.541256246398407,-0.5031895637512207,-0.5889285802841187,-0.5267917513847351,-0.503007173538208,-0.5058220624923706,-0.5617442028005017,-0.5,-0.5740187998719197,-0.5502242610282068,0.830140233039856,0.06490974128246307,0.10495010763406754
2025-09,2025-08,沈阳,https://www.stats.gov.cn/sj/zxfb/202509/t20250915_1961175.html,-0.3,https://www.stats.gov.cn/sj/zxfb/202510/t20251020_1961597.html,-0.11561784713367362,-0.17852394441162567,-0.0734732523560524,-0.1999008059501648,-0.1568009853363037,-0.07582998275756836,-0.09659221023321152,-0.1998139764598283,0.20000000298023224,-0.1530140894439247,-0.06657159314325362,0.529181182384491,0.0945919007062912,0.37622684240341187
2025-09,2025-08,泉州,https://www.stats.gov.cn/sj/zxfb/202509/t20250915_1961175.html,-0.2,https://www.stats.gov.cn/sj/zxfb/202510/t20251020_1961597.html,-0.35737767419345523,-0.4125290974287377,-0.3166857659816742,-0.4529493451118469,-0.2801769971847534,-0.3287540078163147,-0.4894818365573883,-0.4415738035196099,-0.30000001192092896,-0.43314475090790866,-0.39817438685079526,0.7657872438430786,0.07808519899845123,0.15612754225730896
2025-09,2025-08,泸州,https://www.stats.gov.cn/sj/zxfb/202509/t20250915_1961175.html,-0.6,https://www.stats.gov.cn/sj/zxfb/202510/t20251020_1961597.html,-0.4653406480419466,-0.5269735342556774,-0.3998185098171234,-0.5360414385795593,-0.5429999232292175,-0.42472171783447266,-0.47681108117103577,-0.5495367773681012,-0.5,-0.5340442658678798,-0.5285260719825535,0.8291503190994263,0.06388681381940842,0.10696293413639069
2025-09,2025-08,洛阳,https://www.stats.gov.cn/sj/zxfb/202509/t20250915_1961175.html,-0.3,https://www.stats.gov.cn/sj/zxfb/202510/t20251020_1961597.html,-0.3645729230231856,-0.42928740113034325,-0.3475564420223236,-0.49660688638687134,-0.5030978918075562,-0.3684520125389099,-0.387796014547348,-0.4487690523493403,-0.4000000059604645,-0.47738852439619905,-0.4484586482322254,0.7714260220527649,0.08512427657842636,0.1434498131275177
2025-09,2025-08,济南,https://www.stats.gov.cn/sj/zxfb/202509/t20250915_1961175.html,-0.4,https://www.stats.gov.cn/sj/zxfb/202510/t20251020_1961597.html,-0.3370707474955486,-0.38854685621439994,-0.2787178158760071,-0.4870196282863617,-0.47484123706817627,-0.3543550670146942,-0.4411350190639496,-0.4212668768217033,-0.6000000238418579,-0.48941035306140346,-0.502762176316641,0.8213691711425781,0.0614856481552124,0.11714520305395126
2025-09,2025-08,济宁,https://www.stats.gov.cn/sj/zxfb/202509/t20250915_1961175.html,-0.3,https://www.stats.gov.cn/sj/zxfb/202510/t20251020_1961597.html,-0.4242701151338197,-0.4827287721714048,-0.38976192474365234,-0.48416104912757874,-0.6016063094139099,-0.40021663904190063,-0.46996238827705383,-0.5084662444599743,-0.5,-0.49002881696053724,-0.497542431195851,0.8433533906936646,0.05589330941438675,0.10075323283672333
2025-09,2025-08,海口,https://www.stats.gov.cn/sj/zxfb/202509/t20250915_1961175.html,-1.0,https://www.stats.gov.cn/sj/zxfb/202510/t20251020_1961597.html,-0.2733823166515739,-0.3516014287330761,-0.4175722897052765,-0.5347974896430969,-0.21396362781524658,-0.3855908215045929,-0.4953714907169342,-0.3575784459777286,0.0,-0.44286596017209867,-0.2974586452069418,0.8315037488937378,0.04634019359946251,0.12215602397918701
2025-09,2025-08,深圳,https://www.stats.gov.cn/sj/zxfb/202509/t20250915_1961175.html,-1.0,https://www.stats.gov.cn/sj/zxfb/202510/t20251020_1961597.html,-0.4451319933795956,-0.5093634664193407,-0.44999822974205017,-0.6090949773788452,-0.5023974776268005,-0.4624491333961487,-0.6005145311355591,-0.5293281227057502,-0.4000000059604645,-0.5714223769711813,-0.51280770201502,0.8610522150993347,0.048468004912137985,0.09047974646091461
2025-09,2025-08,温州,https://www.stats.gov.cn/sj/zxfb/202509/t20250915_1961175.html,-0.8,https://www.stats.gov.cn/sj/zxfb/202510/t20251020_1961597.html,-0.41712248178859485,-0.46976209105450806,-0.3370591402053833,-0.48555463552474976,-0.39718198776245117,-0.3733326494693756,-0.43053683638572693,-0.5013186111147495,-0.4000000059604645,-0.47812843171597297,-0.4622910841999879,0.8037282824516296,0.06653401255607605,0.12973761558532715
2025-09,2025-08,湛江,https://www.stats.gov.cn/sj/zxfb/202509/t20250915_1961175.html,-0.2,https://www.stats.gov.cn/sj/zxfb/202510/t20251020_1961597.html,-0.4213195797014752,-0.4856376985401233,-0.35244736075401306,-0.5138630867004395,-0.5400274395942688,-0.4067402482032776,-0.5198081135749817,-0.5055157090276299,-0.6000000238418579,-0.5225815642249231,-0.5397929398566425,0.7840856313705444,0.06979694217443466,0.14611747860908508
2025-09,2025-08,烟台,https://www.stats.gov.cn/sj/zxfb/202509/t20250915_1961175.html,-0.2,https://www.stats.gov.cn/sj/zxfb/202510/t20251020_1961597.html,-0.37803279916499216,-0.46335845555199523,-0.46246302127838135,-0.5334709286689758,-0.4686009883880615,-0.4545687735080719,-0.4612080156803131,-0.46222892849114683,-0.4000000059604645,-0.5060691513931465,-0.46523328770686234,0.8374091982841492,0.05705705285072327,0.10553374141454697
2025-09,2025-08,牡丹江,https://www.stats.gov.cn/sj/zxfb/202509/t20250915_1961175.html,-0.3,https://www.stats.gov.cn/sj/zxfb/202510/t20251020_1961597.html,-0.22865038214901073,-0.29626217555539147,-0.18184863030910492,-0.31737786531448364,-0.3521517813205719,-0.19329746067523956,-0.2369442731142044,-0.3128465114751654,-0.20000000298023224,-0.3028721562480621,-0.27674145992329374,0.6226761341094971,0.13145571947097778,0.24586813151836395
2025-09,2025-08,石家庄,https://www.stats.gov.cn/sj/zxfb/202509/t20250915_1961175.html,-0.6,https://www.stats.gov.cn/sj/zxfb/202510/t20251020_1961597.html,-0.34830008828369613,-0.4194000997863818,-0.3659776747226715,-0.49342918395996094,-0.46105170249938965,-0.385307252407074,-0.43043413758277893,-0.4324962176098508,-0.5,-0.48414308689601715,-0.47530846718993724,0.802230179309845,0.06351382285356522,0.134256049990654
2025-09,2025-08,福州,https://www.stats.gov.cn/sj/zxfb/202509/t20250915_1961175.html,-0.4,https://www.stats.gov.cn/sj/zxfb/202510/t20251020_1961597.html,-0.2686612936198794,-0.33847655528511145,-0.2549879848957062,-0.39167600870132446,-0.2433788776397705,-0.2988811135292053,-0.2786368131637573,-0.35285742294603406,0.0,-0.3393611047915108,-0.2481778105491195,0.6672727465629578,0.10438628494739532,0.22834095358848572
2025-09,2025-08,秦皇岛,https://www.stats.gov.cn/sj/zxfb/202509/t20250915_1961175.html,-0.3,https://www.stats.gov.cn/sj/zxfb/202510/t20251020_1961597.html,-0.47536793015810613,-0.535503597588111,-0.42858433723449707,-0.5660122632980347,-0.56517094373703,-0.48416104912757874,-0.42143937945365906,-0.5595640594842608,-0.4000000059604645,-0.545489761942385,-0.5085254429142533,0.8310394287109375,0.06368090212345123,0.10527964681386948
2025-09,2025-08,蚌埠,https://www.stats.gov.cn/sj/zxfb/202509/t20250915_1961175.html,-0.1,https://www.stats.gov.cn/sj/zxfb/202510/t20251020_1961597.html,-0.33449165855886115,-0.39361157966980115,-0.3638237416744232,-0.4448243975639343,-0.5160521268844604,-0.3395317494869232,-0.33379530906677246,-0.4186877878850158,-0.30000001192092896,-0.42353598969198586,-0.387837399123293,0.7871966361999512,0.08217763900756836,0.13062575459480286
2025-09,2025-08,襄阳,https://www.stats.gov.cn/sj/zxfb/202509/t20250915_1961175.html,-0.7,https://www.stats.gov.cn/sj/zxfb/202510/t20251020_1961597.html,-0.2957772036577115,-0.3725642929213785,-0.35690656304359436,-0.4276004433631897,-0.225062295794487,-0.3192530870437622,-0.3164576292037964,-0.37997333298386615,0.0,-0.3696210929398881,-0.26919125878235195,0.7465764284133911,0.07801324874162674,0.17541030049324036
2025-09,2025-08,西宁,https://www.stats.gov.cn/sj/zxfb/202509/t20250915_1961175.html,-0.3,https://www.stats.gov.cn/sj/zxfb/202510/t20251020_1961597.html,-0.168687631880572,-0.23847739766803439,-0.15168125927448273,-0.25338807702064514,-0.29145440459251404,-0.16783352196216583,-0.07877907156944275,-0.2528837612067267,0.10000000149011612,-0.21188421794178264,-0.13542394557908524,0.5700405836105347,0.10393824428319931,0.32602110505104065
2025-09,2025-08,西安,https://www.stats.gov.cn/sj/zxfb/202509/t20250915_1961175.html,-0.9,https://www.stats.gov.cn/sj/zxfb/202510/t20251020_1961597.html,-0.34811751759946846,-0.4258963573516662,-0.4817979633808136,-0.5750698447227478,-0.5296431183815002,-0.49599456787109375,-0.5437242388725281,-0.43231364692562313,-0.6000000238418579,-0.5544316963454238,-0.5357945051634095,0.8504112362861633,0.05906296893954277,0.09052581340074539
2025-09,2025-08,贵阳,https://www.stats.gov.cn/sj/zxfb/202509/t20250915_1961175.html,-0.4,https://www.stats.gov.cn/sj/zxfb/202510/t20251020_1961597.html,-0.40534734745158424,-0.46706030115216074,-0.36209389567375183,-0.5105392932891846,-0.48122134804725647,-0.4139164984226227,-0.4756474494934082,-0.4895434767777389,-0.6000000238418579,-0.5175598780924489,-0.5333609313029272,0.8411675691604614,0.0628172904253006,0.09601513296365738
2025-09,2025-08,赣州,https://www.stats.gov.cn/sj/zxfb/202509/t20250915_1961175.html,-1.0,https://www.stats.gov.cn/sj/zxfb/202510/t20251020_1961597.html,-0.40788260477859956,-0.47543412063398427,-0.3890935182571411,-0.5242099761962891,-0.5855439305305481,-0.40694522857666016,-0.4723004400730133,-0.4920787341047542,-0.5,-0.5160694441269433,-0.5054295701003477,0.8468004465103149,0.05801110714673996,0.09518851339817047
2025-09,2025-08,遵义,https://www.stats.gov.cn/sj/zxfb/202509/t20250915_1961175.html,-0.4,https://www.stats.gov.cn/sj/zxfb/202510/t20251020_1961597.html,-0.27007673195741433,-0.3382709139546433,-0.281039297580719,-0.4008064270019531,-0.36617782711982727,-0.29183995723724365,-0.3946937620639801,-0.354272861283569,-0.5,-0.40475309628486955,-0.4183597627618407,0.7217446565628052,0.08303525298833847,0.19522011280059814
2025-09,2025-08,郑州,https://www.stats.gov.cn/sj/zxfb/202509/t20250915_1961175.html,-0.6,https://www.stats.gov.cn/sj/zxfb/202510/t20251020_1961597.html,-0.44431339818432464,-0.509746359948101,-0.43954434990882874,-0.5374904870986938,-0.5143337249755859,-0.4669339656829834,-0.4917261302471161,-0.5285095275104793,-0.4000000059604645,-0.5198930227556964,-0.4886666735232126,0.8162182569503784,0.06325294077396393,0.12052873522043228
2025-09,2025-08,重庆,https://www.stats.gov.cn/sj/zxfb/202509/t20250915_1961175.html,-0.4,https://www.stats.gov.cn/sj/zxfb/202510/t20251020_1961597.html,-0.4254094922976566,-0.4956788011721413,-0.40918517112731934,-0.538955569267273,-0.4018377363681793,-0.44633835554122925,-0.49607014656066895,-0.5096056216238113,-0.699999988079071,-0.5529877302598205,-0.5828537263233851,0.8523229360580444,0.046085238456726074,0.10159184783697128
2025-09,2025-08,金华,https://www.stats.gov.cn/sj/zxfb/202509/t20250915_1961175.html,-0.3,https://www.stats.gov.cn/sj/zxfb/202510/t20251020_1961597.html,-0.29766661534505473,-0.3566089529833338,-0.2095397263765335,-0.3294315040111542,-0.36558079719543457,-0.23615726828575134,-0.168459951877594,-0.3818627446712094,-0.10000000149011612,-0.3111929841569528,-0.2704314167241599,0.7161100506782532,0.10280485451221466,0.18108507990837097
2025-09,2025-08,银川,https://www.stats.gov.cn/sj/zxfb/202509/t20250915_1961175.html,-0.6,https://www.stats.gov.cn/sj/zxfb/202510/t20251020_1961597.html,-0.2129976090012321,-0.2859889048448459,-0.27503135800361633,-0.33974581956863403,-0.30546045303344727,-0.2717384696006775,-0.25576815009117126,-0.29719373832738677,-0.20000000298023224,-0.31634349225979314,-0.2789798536254177,0.6699743270874023,0.10565312206745148,0.22437253594398499
2025-09,2025-08,锦州,https://www.stats.gov.cn/sj/zxfb/202509/t20250915_1961175.html,-0.1,https://www.stats.gov.cn/sj/zxfb/202510/t20251020_1961597.html,-0.2464585845412544,-0.3169062519018782,-0.259244829416275,-0.3408195972442627,-0.38121047616004944,-0.27331605553627014,-0.2705782651901245,-0.3306547138674091,-0.20000000298023224,-0.3226365348834308,-0.29049143803063465,0.6673224568367004,0.09152346849441528,0.24115407466888428
2025-09,2025-08,长春,https://www.stats.gov.cn/sj/zxfb/202509/t20250915_1961175.html,0.1,https://www.stats.gov.cn/sj/zxfb/202510/t20251020_1961597.html,-0.19773003730399624,-0.2657400037955943,-0.20362567901611328,-0.32273995876312256,-0.24529717862606049,-0.21770882606506348,-0.27617931365966797,-0.2819261666301509,-0.20000000298023224,-0.3016177729095076,-0.26822204279116857,0.5907059907913208,0.11209613084793091,0.2971979081630707
2025-09,2025-08,长沙,https://www.stats.gov.cn/sj/zxfb/202509/t20250915_1961175.html,-0.4,https://www.stats.gov.cn/sj/zxfb/202510/t20251020_1961597.html,-0.2301789300442878,-0.29376123204177035,-0.25719237327575684,-0.35293978452682495,-0.4236834943294525,-0.22540497779846191,-0.3250795006752014,-0.31437505937044247,-0.30000001192092896,-0.3403700621283413,-0.3224382852727321,0.7019361257553101,0.10087057203054428,0.19719329476356506
2025-09,2025-08,青岛,https://www.stats.gov.cn/sj/zxfb/202509/t20250915_1961175.html,-0.5,https://www.stats.gov.cn/sj/zxfb/202510/t20251020_1961597.html,-0.3102267801431214,-0.37893049441958965,-0.3116705119609833,-0.45980486273765564,-0.4464922845363617,-0.3290785551071167,-0.390028715133667,-0.39442290946927605,-0.30000001192092896,-0.43028361608814464,-0.38474259470928684,0.7721545100212097,0.07574727386236191,0.15209820866584778
2025-09,2025-08,韶关,https://www.stats.gov.cn/sj/zxfb/202509/t20250915_1961175.html,-0.1,https://www.stats.gov.cn/sj/zxfb/202510/t20251020_1961597.html,-0.25297885419633487,-0.32773520577487786,-0.26554831862449646,-0.37855789065361023,-0.33932197093963623,-0.265977680683136,-0.29347848892211914,-0.33717498352248954,-0.20000000298023224,-0.35079935758311975,-0.305244292385444,0.6689122915267944,0.1057267040014267,0.22536098957061768
2025-10,2025-09,三亚,https://www.stats.gov.cn/sj/zxfb/202510/t20251020_1961597.html,-0.5,https://www.stats.gov.cn/sj/zxfb/202511/t20251114_1961850.html,-0.16650406304149545,-0.2057716501605402,-0.21522819995880127,-0.22016191482543945,-0.2918996512889862,-0.21573901176452637,-0.1244887188076973,-0.20633546921518597,0.0,-0.20773677436691815,-0.14216579468020848,0.5637346506118774,0.14797364175319672,0.28829169273376465
2025-10,2025-09,上海,https://www.stats.gov.cn/sj/zxfb/202510/t20251020_1961597.html,0.3,https://www.stats.gov.cn/sj/zxfb/202511/t20251114_1961850.html,0.08051267099294127,0.049812549183582334,0.182721808552742,0.14342856407165527,0.12072174996137619,0.17145280539989471,0.15682406723499298,0.040681264819250745,0.30000001192092896,0.12014019957830815,0.16136994693727832,0.405595064163208,0.06705274432897568,0.5273522138595581
2025-10,2025-09,丹东,https://www.stats.gov.cn/sj/zxfb/202510/t20251020_1961597.html,-0.1,https://www.stats.gov.cn/sj/zxfb/202511/t20251114_1961850.html,-0.3125756328411831,-0.3681663761261075,-0.3398611843585968,-0.35125836730003357,-0.4675886332988739,-0.3749338686466217,-0.30192556977272034,-0.35240703901487364,-0.30000001192092896,-0.3496118695658193,-0.3345551394119454,0.7621189951896667,0.09485791623592377,0.1430230438709259
2025-10,2025-09,乌鲁木齐,https://www.stats.gov.cn/sj/zxfb/202510/t20251020_1961597.html,0.2,https://www.stats.gov.cn/sj/zxfb/202511/t20251114_1961850.html,-0.15460484310945188,-0.1798745402935414,-0.10487023741006851,-0.1298905313014984,-0.18315541744232178,-0.11931304633617401,-0.1710217446088791,-0.1944362492831424,-0.20000000298023224,-0.15100895567333356,-0.17477559452162436,0.5311192274093628,0.12046702951192856,0.3484137952327728
2025-10,2025-09,九江,https://www.stats.gov.cn/sj/zxfb/202510/t20251020_1961597.html,-0.9,https://www.stats.gov.cn/sj/zxfb/202511/t20251114_1961850.html,-0.5527266100669477,-0.5757179690896178,-0.507141649723053,-0.5656741857528687,-0.6723136901855469,-0.5591927170753479,-0.6222825646400452,-0.5925580162406382,-0.8999999761581421,-0.5862223874666362,-0.6860773927172162,0.9047642946243286,0.032670971006155014,0.06256474554538727
2025-10,2025-09,兰州,https://www.stats.gov.cn/sj/zxfb/202510/t20251020_1961597.html,-0.2,https://www.stats.gov.cn/sj/zxfb/202511/t20251114_1961850.html,-0.40567757257231707,-0.4575218562948201,-0.49903228878974915,-0.4918079376220703,-0.5096786618232727,-0.49368858337402344,-0.3586004078388214,-0.4455089787460076,-0.30000001192092896,-0.4712088688000141,-0.4124389760963356,0.7909517288208008,0.07234686613082886,0.13670143485069275
2025-10,2025-09,包头,https://www.stats.gov.cn/sj/zxfb/202510/t20251020_1961597.html,-0.7,https://www.stats.gov.cn/sj/zxfb/202511/t20251114_1961850.html,-0.66415044880463,-0.7196252674266653,-0.6449904441833496,-0.6322067975997925,-0.7621617913246155,-0.670768141746521,-0.7567560076713562,-0.7039818549783206,-1.0,-0.666853717918599,-0.7787295508593711,0.9325445890426636,0.02680131420493126,0.04065409675240517
2025-10,2025-09,北京,https://www.stats.gov.cn/sj/zxfb/202510/t20251020_1961597.html,-0.1,https://www.stats.gov.cn/sj/zxfb/202511/t20251114_1961850.html,-0.17519728015326613,-0.2180535836614513,-0.33965611457824707,-0.2823723256587982,-0.2493077665567398,-0.295002818107605,-0.15284188091754913,-0.21502868632695665,0.20000000298023224,-0.2445767699451116,-0.09913366966850755,0.6717125177383423,0.08598104119300842,0.24230647087097168
2025-10,2025-09,北海,https://www.stats.gov.cn/sj/zxfb/202510/t20251020_1961597.html,-0.4,https://www.stats.gov.cn/sj/zxfb/202511/t20251114_1961850.html,-0.5291846484798581,-0.5634772481882876,-0.4995630085468292,-0.5270892977714539,-0.5038449764251709,-0.5394858121871948,-0.6022913455963135,-0.5690160546535487,-0.699999988079071,-0.5457129140219185,-0.5987017801680246,0.8504530787467957,0.05867652967572212,0.09087033569812775
2025-10,2025-09,南京,https://www.stats.gov.cn/sj/zxfb/202510/t20251020_1961597.html,-0.7,https://www.stats.gov.cn/sj/zxfb/202511/t20251114_1961850.html,-0.5072844299236887,-0.5299823847098836,-0.6074336171150208,-0.6162030100822449,-0.5547053217887878,-0.638991117477417,-0.5891333222389221,-0.5471158360973792,-0.6000000238418579,-0.5958649500020041,-0.5877729566738273,0.8638647198677063,0.052408017218112946,0.08372724801301956
2025-10,2025-09,南充,https://www.stats.gov.cn/sj/zxfb/202510/t20251020_1961597.html,-0.2,https://www.stats.gov.cn/sj/zxfb/202511/t20251114_1961850.html,-0.305144985648677,-0.3455693960533376,-0.42538151144981384,-0.38654568791389465,-0.3769373595714569,-0.3843621611595154,-0.327484130859375,-0.3449763918223675,-0.20000000298023224,-0.36749890644827476,-0.31050736090549813,0.7723515033721924,0.07118918746709824,0.156459242105484
2025-10,2025-09,南宁,https://www.stats.gov.cn/sj/zxfb/202510/t20251020_1961597.html,-0.6,https://www.stats.gov.cn/sj/zxfb/202511/t20251114_1961850.html,-0.3209885494742767,-0.3451894509724832,-0.34029117226600647,-0.3688143491744995,-0.4653550088405609,-0.3691645562648773,-0.38133564591407776,-0.3608199556479672,-0.5,-0.3715859097065563,-0.4098781016074889,0.6903673410415649,0.09517748653888702,0.21445521712303162
2025-10,2025-09,南昌,https://www.stats.gov.cn/sj/zxfb/202510/t20251020_1961597.html,-0.4,https://www.stats.gov.cn/sj/zxfb/202511/t20251114_1961850.html,-0.45837757939592483,-0.4891184890825666,-0.5195936560630798,-0.5272632837295532,-0.45850908756256104,-0.537111759185791,-0.554983913898468,-0.49820898556961535,-0.699999988079071,-0.525625796186155,-0.5751574191260799,0.8616920709609985,0.04783524572849274,0.09047267585992813
2025-10,2025-09,厦门,https://www.stats.gov.cn/sj/zxfb/202510/t20251020_1961597.html,-0.4,https://www.stats.gov.cn/sj/zxfb/202511/t20251114_1961850.html,-0.5836109008227919,-0.6224967197239707,-0.632118284702301,-0.6597166657447815,-0.6166589260101318,-0.6699056625366211,-0.6322997808456421,-0.6234423069964824,-0.699999988079071,-0.6509173540603488,-0.6610529869401116,0.8853181600570679,0.04356096312403679,0.07112091779708862
2025-10,2025-09,合肥,https://www.stats.gov.cn/sj/zxfb/202510/t20251020_1961597.html,0.1,https://www.stats.gov.cn/sj/zxfb/202511/t20251114_1961850.html,-0.1431366002014368,-0.17983100119963763,-0.1715710610151291,-0.16202548146247864,-0.1547706574201584,-0.15430133044719696,-0.07643639296293259,-0.1829680063751273,0.0,-0.16176083349264206,-0.11499782927920199,0.5731111764907837,0.0959109291434288,0.3309779167175293
2025-10,2025-09,吉林,https://www.stats.gov.cn/sj/zxfb/202510/t20251020_1961597.html,-0.3,https://www.stats.gov.cn/sj/zxfb/202511/t20251114_1961850.html,-0.30072507782147406,-0.3453373212321458,-0.3234213888645172,-0.33251553773880005,-0.4403475522994995,-0.34246665239334106,-0.39834487438201904,-0.3405564839951646,-0.5,-0.3412608607543919,-0.3910240072446549,0.7071712017059326,0.10207004845142365,0.19075874984264374
2025-10,2025-09,呼和浩特,https://www.stats.gov.cn/sj/zxfb/202510/t20251020_1961597.html,-0.1,https://www.stats.gov.cn/sj/zxfb/202511/t20251114_1961850.html,-0.27289428957283957,-0.3186460639170222,-0.36099258065223694,-0.33215299248695374,-0.40864241123199463,-0.37898749113082886,-0.30193379521369934,-0.3127256957465301,-0.30000001192092896,-0.3253710181922936,-0.3149595667181376,0.7121052742004395,0.11309091746807098,0.17480382323265076
2025-10,2025-09,哈尔滨,https://www.stats.gov.cn/sj/zxfb/202510/t20251020_1961597.html,-0.3,https://www.stats.gov.cn/sj/zxfb/202511/t20251114_1961850.html,-0.2706713791311403,-0.31813423332872137,-0.3440190255641937,-0.3188880383968353,-0.3562745749950409,-0.3510514795780182,-0.18309998512268066,-0.31050278530483083,-0.10000000149011612,-0.30806460381511597,-0.2431302750639274,0.6883428692817688,0.10904540866613388,0.20261172950267792
2025-10,2025-09,唐山,https://www.stats.gov.cn/sj/zxfb/202510/t20251020_1961597.html,-0.7,https://www.stats.gov.cn/sj/zxfb/202511/t20251114_1961850.html,-0.4678766421384999,-0.5002417790969168,-0.5445049405097961,-0.5455942153930664,-0.5793508887290955,-0.5665780305862427,-0.5222225189208984,-0.5077080483121904,-0.5,-0.5330273096675266,-0.5177674212350856,0.8397061228752136,0.06091493368148804,0.09937899559736252
2025-10,2025-09,大理,https://www.stats.gov.cn/sj/zxfb/202510/t20251020_1961597.html,-0.4,https://www.stats.gov.cn/sj/zxfb/202511/t20251114_1961850.html,-0.40817350554221554,-0.4650295756610212,-0.4620612561702728,-0.44974976778030396,-0.52562415599823,-0.4833177924156189,-0.46343788504600525,-0.44800491171590606,-0.5,-0.45118731571431314,-0.46591822649873665,0.8077421188354492,0.07268641144037247,0.11957154422998428
2025-10,2025-09,大连,https://www.stats.gov.cn/sj/zxfb/202510/t20251020_1961597.html,-0.1,https://www.stats.gov.cn/sj/zxfb/202511/t20251114_1961850.html,-0.37770804121152934,-0.42167409752666063,-0.4249928295612335,-0.42884936928749084,-0.44357970356941223,-0.43824028968811035,-0.4054314196109772,-0.41753944738521986,-0.4000000059604645,-0.4245109255162475,-0.41546294087772506,0.7619807124137878,0.09299536049365997,0.14502385258674622
2025-10,2025-09,天津,https://www.stats.gov.cn/sj/zxfb/202510/t20251020_1961597.html,-0.7,https://www.stats.gov.cn/sj/zxfb/202511/t20251114_1961850.html,-0.39917826047730376,-0.4285423056970038,-0.41603589057922363,-0.4446025490760803,-0.3769887387752533,-0.45400065183639526,-0.40967321395874023,-0.4390096666509943,-0.6000000238418579,-0.4489919237644472,-0.4945374131896442,0.8089925050735474,0.06923080235719681,0.12177671492099762
2025-10,2025-09,太原,https://www.stats.gov.cn/sj/zxfb/202510/t20251020_1961597.html,-0.4,https://www.stats.gov.cn/sj/zxfb/202511/t20251114_1961850.html,-0.21487684603040658,-0.24915406263040676,-0.2128949910402298,-0.24606728553771973,-0.215367391705513,-0.23647670447826385,-0.1637161672115326,-0.2547082522040971,-0.10000000149011612,-0.24290704220761855,-0.200258513077311,0.6441105604171753,0.10659773647785187,0.24929162859916687
2025-10,2025-09,宁波,https://www.stats.gov.cn/sj/zxfb/202510/t20251020_1961597.html,-0.4,https://www.stats.gov.cn/sj/zxfb/202511/t20251114_1961850.html,-0.480753598246623,-0.5236124035554487,-0.5687951445579529,-0.6261173486709595,-0.6176276206970215,-0.5813105702400208,-0.5612617135047913,-0.5205850044203135,-0.699999988079071,-0.5988494250688344,-0.6155674470567813,0.8654798269271851,0.04472724720835686,0.08979294449090958
2025-10,2025-09,安庆,https://www.stats.gov.cn/sj/zxfb/202510/t20251020_1961597.html,-0.3,https://www.stats.gov.cn/sj/zxfb/202511/t20251114_1961850.html,-0.40311482501125434,-0.4473942053134068,-0.4781760275363922,-0.4805458188056946,-0.5629928708076477,-0.5086297392845154,-0.4877314567565918,-0.44294623118494486,-0.5,-0.4705660971257124,-0.4744973499968798,0.7742341160774231,0.08926989883184433,0.13649600744247437
2025-10,2025-09,宜昌,https://www.stats.gov.cn/sj/zxfb/202510/t20251020_1961597.html,-0.2,https://www.stats.gov.cn/sj/zxfb/202511/t20251114_1961850.html,-0.15552946872913206,-0.17950426243084794,-0.04715462401509285,-0.09612993896007538,-0.24983878433704376,-0.09314873069524765,-0.14180727303028107,-0.19536087490282258,-0.10000000149011612,-0.1245944880985734,-0.1304969384510047,0.5375033617019653,0.11198971420526505,0.3505069315433502
2025-10,2025-09,岳阳,https://www.stats.gov.cn/sj/zxfb/202510/t20251020_1961597.html,-0.6,https://www.stats.gov.cn/sj/zxfb/202511/t20251114_1961850.html,-0.46003841783173927,-0.4952325664513928,-0.4734242856502533,-0.47720107436180115,-0.548306941986084,-0.4972798228263855,-0.4460527002811432,-0.4998698240054298,-0.5,-0.48454771388787654,-0.4923569661224103,0.7950006723403931,0.07750110328197479,0.12749820947647095
2025-10,2025-09,常德,https://www.stats.gov.cn/sj/zxfb/202510/t20251020_1961597.html,-0.7,https://www.stats.gov.cn/sj/zxfb/202511/t20251114_1961850.html,-0.49659394340718677,-0.5337546363927974,-0.5695781707763672,-0.6033545136451721,-0.5994310975074768,-0.6268869638442993,-0.5038776397705078,-0.5364253495808773,-0.6000000238418579,-0.5841271140548321,-0.5799266290226358,0.8136103749275208,0.07791055738925934,0.10847911983728409
2025-10,2025-09,平顶山,https://www.stats.gov.cn/sj/zxfb/202510/t20251020_1961597.html,-0.1,https://www.stats.gov.cn/sj/zxfb/202511/t20251114_1961850.html,-0.2780382297591693,-0.3104967787412671,-0.33094295859336853,-0.34328728914260864,-0.2682904899120331,-0.359618216753006,-0.2521357536315918,-0.31786963593285983,-0.20000000298023224,-0.3305155131527129,-0.28705230935190024,0.736107587814331,0.088629350066185,0.17526309192180634
2025-10,2025-09,广州,https://www.stats.gov.cn/sj/zxfb/202510/t20251020_1961597.html,-0.8,https://www.stats.gov.cn/sj/zxfb/202511/t20251114_1961850.html,-0.45856846063059975,-0.49627145057725985,-0.5145736336708069,-0.5486130714416504,-0.5656919479370117,-0.5630125403404236,-0.5003892779350281,-0.49839986680429027,-0.6000000238418579,-0.536263986457402,-0.5490043206959329,0.8540927171707153,0.05529709905385971,0.09061030298471451
2025-10,2025-09,徐州,https://www.stats.gov.cn/sj/zxfb/202510/t20251020_1961597.html,-0.9,https://www.stats.gov.cn/sj/zxfb/202511/t20251114_1961850.html,-0.4484840557554959,-0.45861146557962945,-0.5410139560699463,-0.5412582159042358,-0.5116243958473206,-0.5610070824623108,-0.5537274479866028,-0.4883154619291864,-0.6000000238418579,-0.5284135357627451,-0.54319123389176,0.7883378863334656,0.07244464010000229,0.13921749591827393
2025-10,2025-09,惠州,https://www.stats.gov.cn/sj/zxfb/202510/t20251020_1961597.html,-0.9,https://www.stats.gov.cn/sj/zxfb/202511/t20251114_1961850.html,-0.3187218140767871,-0.3719720002747591,-0.39389196038246155,-0.3881385624408722,-0.2512505054473877,-0.4098527431488037,-0.30598607659339905,-0.35855322025047764,0.10000000149011612,-0.360895221993926,-0.21556392706707792,0.6670212149620056,0.0860036164522171,0.2469751387834549
2025-10,2025-09,成都,https://www.stats.gov.cn/sj/zxfb/202510/t20251020_1961597.html,-1.0,https://www.stats.gov.cn/sj/zxfb/202511/t20251114_1961850.html,-0.282536885801412,-0.31803313446301434,-0.4615879952907562,-0.43448060750961304,-0.4313179552555084,-0.4481639266014099,-0.4169807434082031,-0.32236829197510253,-0.6000000238418579,-0.408864581701486,-0.4522829744421912,0.7549160122871399,0.07664954662322998,0.16843442618846893
2025-10,2025-09,扬州,https://www.stats.gov.cn/sj/zxfb/202510/t20251020_1961597.html,-0.6,https://www.stats.gov.cn/sj/zxfb/202511/t20251114_1961850.html,-0.5785797106249304,-0.6166349001090736,-0.5569073557853699,-0.5959693789482117,-0.5231582522392273,-0.595269501209259,-0.6416429877281189,-0.6184111167986209,-0.699999988079071,-0.6063799662091549,-0.638126827941968,0.9289229512214661,0.027037331834435463,0.04403968155384064
2025-10,2025-09,无锡,https://www.stats.gov.cn/sj/zxfb/202510/t20251020_1961597.html,-0.6,https://www.stats.gov.cn/sj/zxfb/202511/t20251114_1961850.html,-0.31228601193414934,-0.3634093065435906,-0.4391871392726898,-0.4506400227546692,-0.4413429796695709,-0.4559059143066406,-0.31476375460624695,-0.35211741810783986,-0.30000001192092896,-0.416724593555571,-0.36758581759447934,0.7688953280448914,0.08695223182439804,0.14415237307548523
2025-10,2025-09,昆明,https://www.stats.gov.cn/sj/zxfb/202510/t20251020_1961597.html,-0.9,https://www.stats.gov.cn/sj/zxfb/202511/t20251114_1961850.html,-0.4624086755111022,-0.4889148295163838,-0.4924432039260864,-0.4721430838108063,-0.5006776452064514,-0.5084155797958374,-0.49875831604003906,-0.5022400816847927,-0.5,-0.48180418355566645,-0.49146105516519967,0.7978304624557495,0.07616610080003738,0.12600339949131012
2025-10,2025-09,杭州,https://www.stats.gov.cn/sj/zxfb/202510/t20251020_1961597.html,0.1,https://www.stats.gov.cn/sj/zxfb/202511/t20251114_1961850.html,0.0240094502199387,0.012931267334815847,0.08569532632827759,0.04543084278702736,0.11935021728277206,0.06341195106506348,-0.032904308289289474,-0.015821955953751826,0.30000001192092896,0.03775739708951926,0.10986963291806817,0.42728686332702637,0.0556308850646019,0.5170822143554688
2025-10,2025-09,桂林,https://www.stats.gov.cn/sj/zxfb/202510/t20251020_1961597.html,-0.5,https://www.stats.gov.cn/sj/zxfb/202511/t20251114_1961850.html,-0.39909447886214167,-0.42857009676814517,-0.49184322357177734,-0.49712246656417847,-0.4211234152317047,-0.5035936236381531,-0.4373590052127838,-0.4389258850358322,-0.4000000059604645,-0.47677533032349684,-0.4453494525201584,0.784042477607727,0.08029317855834961,0.13566431403160095
2025-10,2025-09,武汉,https://www.stats.gov.cn/sj/zxfb/202510/t20251020_1961597.html,-0.6,https://www.stats.gov.cn/sj/zxfb/202511/t20251114_1961850.html,-0.457800425234248,-0.4991333598007035,-0.5658854246139526,-0.56925368309021,-0.5444505214691162,-0.5367408990859985,-0.46562719345092773,-0.49763183140793854,-0.4000000059604645,-0.5422974426927303,-0.48896184015287103,0.8460747599601746,0.05515251308679581,0.0987728014588356
2025-10,2025-09,沈阳,https://www.stats.gov.cn/sj/zxfb/202510/t20251020_1961597.html,0.2,https://www.stats.gov.cn/sj/zxfb/202511/t20251114_1961850.html,-0.2618170947864536,-0.30007516983787963,-0.2780645191669464,-0.2964862287044525,-0.4108969271183014,-0.2961602807044983,-0.2830900251865387,-0.3016485009601441,-0.30000001192092896,-0.2980946172025024,-0.2993782471951752,0.647627592086792,0.10364124923944473,0.2487311065196991
2025-10,2025-09,泉州,https://www.stats.gov.cn/sj/zxfb/202510/t20251020_1961597.html,-0.4,https://www.stats.gov.cn/sj/zxfb/202511/t20251114_1961850.html,-0.3215075539856767,-0.35363720313303454,-0.4181438386440277,-0.409609317779541,-0.2636978328227997,-0.39778071641921997,-0.4345502555370331,-0.36133896015936723,-0.20000000298023224,-0.3877620718844139,-0.3236494269730468,0.718052089214325,0.08318983018398285,0.198758065700531
2025-10,2025-09,泸州,https://www.stats.gov.cn/sj/zxfb/202510/t20251020_1961597.html,-0.6,https://www.stats.gov.cn/sj/zxfb/202511/t20251114_1961850.html,-0.5139844103433523,-0.5609794472089266,-0.547477662563324,-0.5711255073547363,-0.6217494606971741,-0.540742039680481,-0.527006208896637,-0.5538158165170428,-0.6000000238418579,-0.5672983301717274,-0.574980449237879,0.850273609161377,0.05856369063258171,0.09116272628307343
2025-10,2025-09,洛阳,https://www.stats.gov.cn/sj/zxfb/202510/t20251020_1961597.html,-0.4,https://www.stats.gov.cn/sj/zxfb/202511/t20251114_1961850.html,-0.32204675882568956,-0.3784852640558243,-0.40737614035606384,-0.40989819169044495,-0.44879984855651855,-0.3918638229370117,-0.3095259964466095,-0.3618781649993801,-0.30000001192092896,-0.3919628588934564,-0.357258789536918,0.747337818145752,0.09741427004337311,0.15524792671203613
2025-10,2025-09,济南,https://www.stats.gov.cn/sj/zxfb/202510/t20251020_1961597.html,-0.7,https://www.stats.gov.cn/sj/zxfb/202511/t20251114_1961850.html,-0.33661026242322334,-0.3782331607279057,-0.4388079345226288,-0.4894648492336273,-0.5419772267341614,-0.4638632833957672,-0.4012450873851776,-0.37644166859691386,-0.4000000059604645,-0.45376791635139646,-0.42196884126366857,0.8231990933418274,0.06554445624351501,0.11125645786523819
2025-10,2025-09,济宁,https://www.stats.gov.cn/sj/zxfb/202510/t20251020_1961597.html,-0.3,https://www.stats.gov.cn/sj/zxfb/202511/t20251114_1961850.html,-0.3893239724045665,-0.43070643666872027,-0.47425127029418945,-0.4271915853023529,-0.5426187515258789,-0.46254390478134155,-0.33918288350105286,-0.42915537857825703,-0.30000001192092896,-0.4228530326929225,-0.38544899193384624,0.787591814994812,0.07354696094989777,0.13886117935180664
2025-10,2025-09,海口,https://www.stats.gov.cn/sj/zxfb/202510/t20251020_1961597.html,-0.3,https://www.stats.gov.cn/sj/zxfb/202511/t20251114_1961850.html,-0.4948288085654542,-0.5372949724458721,-0.5589672923088074,-0.607302188873291,-0.545448899269104,-0.6150344610214233,-0.6052739024162292,-0.5346602147391447,-1.0,-0.6016990214395401,-0.7139874678708119,0.9321813583374023,0.02438364364206791,0.04343501105904579
2025-10,2025-09,深圳,https://www.stats.gov.cn/sj/zxfb/202510/t20251020_1961597.html,-0.7,https://www.stats.gov.cn/sj/zxfb/202511/t20251114_1961850.html,-0.6176724438136918,-0.6501126515817583,-0.6919962763786316,-0.6790040135383606,-0.6996787190437317,-0.6914342641830444,-0.7250449061393738,-0.6575038499873823,-1.0,-0.685232459157708,-0.778835954508581,0.9277256727218628,0.02635888196527958,0.0459153838455677
2025-10,2025-09,温州,https://www.stats.gov.cn/sj/zxfb/202510/t20251020_1961597.html,-0.7,https://www.stats.gov.cn/sj/zxfb/202511/t20251114_1961850.html,-0.5821284310735142,-0.6055809982159971,-0.5464915633201599,-0.5826006531715393,-0.5617812871932983,-0.5913926362991333,-0.6350433826446533,-0.6219598372472047,-0.800000011920929,-0.6022051428062465,-0.6681868341132243,0.8679973483085632,0.04968947917222977,0.08231313526630402
2025-10,2025-09,湛江,https://www.stats.gov.cn/sj/zxfb/202510/t20251020_1961597.html,-1.0,https://www.stats.gov.cn/sj/zxfb/202511/t20251114_1961850.html,-0.39076357394658895,-0.4322644269091534,-0.4633796513080597,-0.4487009048461914,-0.48077067732810974,-0.41804784536361694,-0.3871321380138397,-0.43059498012027947,-0.20000000298023224,-0.43395540782892517,-0.3597652959822344,0.7867883443832397,0.07032642513513565,0.14288529753684998
2025-10,2025-09,烟台,https://www.stats.gov.cn/sj/zxfb/202510/t20251020_1961597.html,-0.4,https://www.stats.gov.cn/sj/zxfb/202511/t20251114_1961850.html,-0.32235606067442635,-0.3649670812715848,-0.4742096960544586,-0.443523108959198,-0.3912198543548584,-0.46568965911865234,-0.35407647490501404,-0.36218746684811687,-0.20000000298023224,-0.41093447743253303,-0.33523685959584903,0.7554644346237183,0.08885420858860016,0.155681312084198
2025-10,2025-09,牡丹江,https://www.stats.gov.cn/sj/zxfb/202510/t20251020_1961597.html,-0.3,https://www.stats.gov.cn/sj/zxfb/202511/t20251114_1961850.html,-0.2605527707638259,-0.301654120431809,-0.24576686322689056,-0.26711905002593994,-0.34844669699668884,-0.2874464988708496,-0.28658103942871094,-0.3003841769375164,-0.30000001192092896,-0.277877680047632,-0.2891677462947951,0.6412585377693176,0.13392241299152374,0.2248190939426422
2025-10,2025-09,石家庄,https://www.stats.gov.cn/sj/zxfb/202510/t20251020_1961597.html,-0.5,https://www.stats.gov.cn/sj/zxfb/202511/t20251114_1961850.html,-0.41648708369120857,-0.4582823804026298,-0.4713468551635742,-0.5124588012695312,-0.5517349243164062,-0.5049052834510803,-0.478975385427475,-0.4563184898648991,-0.6000000238418579,-0.4998109403301817,-0.5229257716587628,0.8416985273361206,0.05413864925503731,0.1041627898812294
2025-10,2025-09,福州,https://www.stats.gov.cn/sj/zxfb/202510/t20251020_1961597.html,-0.6,https://www.stats.gov.cn/sj/zxfb/202511/t20251114_1961850.html,-0.37660871552302166,-0.4060759942017905,-0.4516262114048004,-0.4324267506599426,-0.3187246322631836,-0.4504414498806,-0.40795835852622986,-0.4164401216967122,-0.4000000059604645,-0.42661602458375825,-0.41628895943903976,0.7447396516799927,0.08544938266277313,0.16981101036071777
2025-10,2025-09,秦皇岛,https://www.stats.gov.cn/sj/zxfb/202510/t20251020_1961597.html,-0.2,https://www.stats.gov.cn/sj/zxfb/202511/t20251114_1961850.html,-0.4171959812941352,-0.45577541808516964,-0.5185196995735168,-0.4758780598640442,-0.5396814942359924,-0.4969533085823059,-0.3475145399570465,-0.45702738746782573,-0.30000001192092896,-0.46372489986192034,-0.4109684864175996,0.7682317495346069,0.08783969283103943,0.14392855763435364
2025-10,2025-09,蚌埠,https://www.stats.gov.cn/sj/zxfb/202510/t20251020_1961597.html,-0.4,https://www.stats.gov.cn/sj/zxfb/202511/t20251114_1961850.html,-0.26298874947586126,-0.3175980215220936,-0.4490450918674469,-0.35247766971588135,-0.41096213459968567,-0.3900808095932007,-0.22087883949279785,-0.3028201556495518,-0.10000000149011612,-0.32858347892821693,-0.25176594228518306,0.6961609125137329,0.10600588470697403,0.19783315062522888
2025-10,2025-09,襄阳,https://www.stats.gov.cn/sj/zxfb/202510/t20251020_1961597.html,-0.8,https://www.stats.gov.cn/sj/zxfb/202511/t20251114_1961850.html,-0.439984268931095,-0.46774261425101815,-0.4445618689060211,-0.48427581787109375,-0.5071384906768799,-0.4763607382774353,-0.5329943299293518,-0.4798156751047855,-0.699999988079071,-0.49131196653875503,-0.5546971603516501,0.8202201128005981,0.05959915369749069,0.12018068134784698
2025-10,2025-09,西宁,https://www.stats.gov.cn/sj/zxfb/202510/t20251020_1961597.html,-0.6,https://www.stats.gov.cn/sj/zxfb/202511/t20251114_1961850.html,-0.24467305540287443,-0.2981109751551474,-0.23856793344020844,-0.23089759051799774,-0.4030871093273163,-0.21816381812095642,-0.23629790544509888,-0.28450446157656495,-0.30000001192092896,-0.24885583369715736,-0.2718006880051639,0.6971696615219116,0.10373010486364365,0.19910018146038055
2025-10,2025-09,西安,https://www.stats.gov.cn/sj/zxfb/202510/t20251020_1961597.html,-0.8,https://www.stats.gov.cn/sj/zxfb/202511/t20251114_1961850.html,-0.4953128968186097,-0.5423788588311893,-0.7239750027656555,-0.7242321968078613,-0.7808476090431213,-0.7252160310745239,-0.7133772373199463,-0.5351443029923002,-0.8999999761581421,-0.6770459614555577,-0.7197921586527679,0.9010156393051147,0.03900666907429695,0.0599776990711689
2025-10,2025-09,贵阳,https://www.stats.gov.cn/sj/zxfb/202510/t20251020_1961597.html,-0.6,https://www.stats.gov.cn/sj/zxfb/202511/t20251114_1961850.html,-0.3772098267342582,-0.41881129873814493,-0.4887591302394867,-0.4802590310573578,-0.5018438696861267,-0.4731084406375885,-0.37670183181762695,-0.4170412329079487,-0.4000000059604645,-0.4591286068968068,-0.4324334233085903,0.8202096223831177,0.07019709795713425,0.10959336906671524
2025-10,2025-09,赣州,https://www.stats.gov.cn/sj/zxfb/202510/t20251020_1961597.html,-0.2,https://www.stats.gov.cn/sj/zxfb/202511/t20251114_1961850.html,-0.6229763465248552,-0.664978535290372,-0.6795093417167664,-0.6930043697357178,-0.8103837966918945,-0.6973995566368103,-0.7143005728721619,-0.6628077526985457,-1.0,-0.696212048704044,-0.7852707074780878,0.9281549453735352,0.026202339679002762,0.0456426627933979
2025-10,2025-09,遵义,https://www.stats.gov.cn/sj/zxfb/202510/t20251020_1961597.html,-0.6,https://www.stats.gov.cn/sj/zxfb/202511/t20251114_1961850.html,-0.346324608276496,-0.36669281047549346,-0.3870736062526703,-0.4097280502319336,-0.3860090672969818,-0.4003402292728424,-0.40870949625968933,-0.38615601445018655,-0.4000000059604645,-0.40262709755011383,-0.3986280235475282,0.7426656484603882,0.08459760248661041,0.1727367341518402
2025-10,2025-09,郑州,https://www.stats.gov.cn/sj/zxfb/202510/t20251020_1961597.html,-0.8,https://www.stats.gov.cn/sj/zxfb/202511/t20251114_1961850.html,-0.5225014433161943,-0.5571380249492636,-0.6310397982597351,-0.6485496759414673,-0.5586692690849304,-0.6546292304992676,-0.5894479155540466,-0.5623328494898848,-0.6000000238418579,-0.6220778130193221,-0.6036275164244033,0.8465687036514282,0.05047597736120224,0.10295538604259491
2025-10,2025-09,重庆,https://www.stats.gov.cn/sj/zxfb/202510/t20251020_1961597.html,-0.6,https://www.stats.gov.cn/sj/zxfb/202511/t20251114_1961850.html,-0.4043511185471672,-0.4459128048686541,-0.5048673748970032,-0.5411382913589478,-0.4551135301589966,-0.510840892791748,-0.47945550084114075,-0.44418252472085773,-0.4000000059604645,-0.508035927615679,-0.46177360734675665,0.8238557577133179,0.05604487657546997,0.12009929120540619
2025-10,2025-09,金华,https://www.stats.gov.cn/sj/zxfb/202510/t20251020_1961597.html,-0.8,https://www.stats.gov.cn/sj/zxfb/202511/t20251114_1961850.html,-0.3631729379724695,-0.3921035356265925,-0.36715126037597656,-0.37655213475227356,-0.4342094957828522,-0.38037165999412537,-0.3104391396045685,-0.40300434414616004,-0.30000001192092896,-0.3811517701112167,-0.3598521636064542,0.7529333233833313,0.09741132706403732,0.14965534210205078
2025-10,2025-09,银川,https://www.stats.gov.cn/sj/zxfb/202510/t20251020_1961597.html,-0.4,https://www.stats.gov.cn/sj/zxfb/202511/t20251114_1961850.html,-0.3670724022704923,-0.4072926128731923,-0.42860278487205505,-0.40628737211227417,-0.4581432044506073,-0.4315754473209381,-0.42637598514556885,-0.40690380844418284,-0.6000000238418579,-0.4139243224128921,-0.47106373479943836,0.7960797548294067,0.06379623711109161,0.14012400805950165
2025-10,2025-09,锦州,https://www.stats.gov.cn/sj/zxfb/202510/t20251020_1961597.html,-0.4,https://www.stats.gov.cn/sj/zxfb/202511/t20251114_1961850.html,-0.22982902127980387,-0.2714920099521126,-0.36587509512901306,-0.3116235136985779,-0.3780907094478607,-0.3430463671684265,-0.22262150049209595,-0.2696604274534944,-0.10000000149011612,-0.2914984650274862,-0.22709464754739614,0.6375290155410767,0.09838958829641342,0.2640814185142517
2025-10,2025-09,长春,https://www.stats.gov.cn/sj/zxfb/202510/t20251020_1961597.html,-0.3,https://www.stats.gov.cn/sj/zxfb/202511/t20251114_1961850.html,-0.15087126140312979,-0.17599917035032073,-0.2104324847459793,-0.20034396648406982,-0.21488280594348907,-0.18682904541492462,-0.15515922009944916,-0.1907026675768203,0.10000000149011612,-0.18602475741050856,-0.097015544190258,0.48010820150375366,0.12086285650730133,0.399029016494751
2025-10,2025-09,长沙,https://www.stats.gov.cn/sj/zxfb/202510/t20251020_1961597.html,-0.6,https://www.stats.gov.cn/sj/zxfb/202511/t20251114_1961850.html,-0.3280967019649361,-0.3660631830448503,-0.44680240750312805,-0.47674083709716797,-0.4602951109409332,-0.4230998158454895,-0.4118827283382416,-0.36792810813862664,-0.4000000059604645,-0.4427354331134994,-0.414889650398753,0.7650825381278992,0.07587176561355591,0.15904571115970612
2025-10,2025-09,青岛,https://www.stats.gov.cn/sj/zxfb/202510/t20251020_1961597.html,-0.4,https://www.stats.gov.cn/sj/zxfb/202511/t20251114_1961850.html,-0.3649877729123996,-0.4144225389002226,-0.5034055709838867,-0.5033662915229797,-0.5064112544059753,-0.4933837056159973,-0.46663784980773926,-0.4048191790860901,-0.5,-0.4751162743025689,-0.46939515686968997,0.7879277467727661,0.07029806077480316,0.14177414774894714
2025-10,2025-09,韶关,https://www.stats.gov.cn/sj/zxfb/202510/t20251020_1961597.html,0.2,https://www.stats.gov.cn/sj/zxfb/202511/t20251114_1961850.html,-0.26009145349918367,-0.2917441487025178,-0.32946908473968506,-0.3314957022666931,-0.3323257863521576,-0.32467371225357056,-0.17768706381320953,-0.2999228596728742,-0.10000000149011612,-0.31357010488680565,-0.2438061878098945,0.6334331035614014,0.11225805431604385,0.25430887937545776
2025-11,2025-10,三亚,https://www.stats.gov.cn/sj/zxfb/202511/t20251114_1961850.html,-0.5,https://www.stats.gov.cn/sj/zxfb/202512/t20251215_1962069.html,-0.3264880769148621,-0.3558341966580248,-0.4730382263660431,-0.42056170105934143,-0.4632972478866577,-0.43821826577186584,-0.4274742305278778,-0.3352317131669482,-0.5,-0.3978929579538566,-0.41859780474209657,0.7110247611999512,0.09919862449169159,0.18977656960487366
2025-11,2025-10,上海,https://www.stats.gov.cn/sj/zxfb/202511/t20251114_1961850.html,0.1,https://www.stats.gov.cn/sj/zxfb/202512/t20251215_1962069.html,0.10332345942616665,0.08924428841981705,0.1839691549539566,0.18807238340377808,0.13783510029315948,0.17689479887485504,0.1962803155183792,0.09457982317408054,0.30000001192092896,0.16438781907640138,0.1942174061662625,0.322359561920166,0.069194495677948,0.608445942401886
2025-11,2025-10,丹东,https://www.stats.gov.cn/sj/zxfb/202511/t20251114_1961850.html,-0.3,https://www.stats.gov.cn/sj/zxfb/202512/t20251215_1962069.html,-0.24085252887710498,-0.265350801822623,-0.2829718589782715,-0.2500646114349365,-0.2680135667324066,-0.3093765377998352,-0.15041698515415192,-0.24959616512919108,-0.10000000149011612,-0.24297063578818026,-0.19988692601808125,0.6706041097640991,0.11012549698352814,0.21927043795585632
2025-11,2025-10,乌鲁木齐,https://www.stats.gov.cn/sj/zxfb/202511/t20251114_1961850.html,-0.1,https://www.stats.gov.cn/sj/zxfb/202512/t20251215_1962069.html,-0.032871013073109016,-0.07057185518663969,-0.06187477707862854,-0.03388272970914841,0.017353275790810585,-0.04594101756811142,0.048029471188783646,-0.041614649325195124,0.20000000298023224,-0.025439262894174003,0.04150087464862957,0.3924853801727295,0.11524108797311783,0.49227356910705566
2025-11,2025-10,九江,https://www.stats.gov.cn/sj/zxfb/202511/t20251114_1961850.html,-0.7,https://www.stats.gov.cn/sj/zxfb/202512/t20251215_1962069.html,-0.5967229799386486,-0.643670633084593,-0.605394721031189,-0.6189268827438354,-0.5921087861061096,-0.656190812587738,-0.5916884541511536,-0.6054666161907347,-0.8999999761581421,-0.6277869362981634,-0.7081311583642375,0.8994971513748169,0.04023432731628418,0.0602685883641243
2025-11,2025-10,兰州,https://www.stats.gov.cn/sj/zxfb/202511/t20251114_1961850.html,-0.3,https://www.stats.gov.cn/sj/zxfb/202512/t20251215_1962069.html,-0.3049751438160235,-0.34029027690923136,-0.4366188049316406,-0.38943198323249817,-0.3857589662075043,-0.42658478021621704,-0.2789255380630493,-0.3137187800681096,-0.20000000298023224,-0.3572815292924185,-0.3010502554269467,0.6884751915931702,0.10586502403020859,0.20565982162952423
2025-11,2025-10,包头,https://www.stats.gov.cn/sj/zxfb/202511/t20251114_1961850.html,-0.6,https://www.stats.gov.cn/sj/zxfb/202512/t20251215_1962069.html,-0.6108297730556674,-0.6504018605530953,-0.6051719784736633,-0.5979994535446167,-0.657232403755188,-0.6476750373840332,-0.6239023208618164,-0.6195734093077535,-0.699999988079071,-0.6093844072432615,-0.6391909503104803,0.9207316637039185,0.03202604874968529,0.04724227637052536
2025-11,2025-10,北京,https://www.stats.gov.cn/sj/zxfb/202511/t20251114_1961850.html,-0.5,https://www.stats.gov.cn/sj/zxfb/202512/t20251215_1962069.html,-0.2003533272654808,-0.22071276506131138,-0.3872441351413727,-0.34281736612319946,-0.2684469521045685,-0.35905033349990845,-0.2564588487148285,-0.2090969635175669,-0.10000000149011612,-0.29028373656541184,-0.2173047770436275,0.6655554175376892,0.08430280536413193,0.25014179944992065
2025-11,2025-10,北海,https://www.stats.gov.cn/sj/zxfb/202511/t20251114_1961850.html,-0.9,https://www.stats.gov.cn/sj/zxfb/202512/t20251215_1962069.html,-0.44848630794705635,-0.47725999793253177,-0.46513569355010986,-0.4597935080528259,-0.4415409564971924,-0.5022674798965454,-0.39837196469306946,-0.4572299441991425,-0.4000000059604645,-0.45623297960103687,-0.4390078194041443,0.7765816450119019,0.08415263146162033,0.1392657458782196
2025-11,2025-10,南京,https://www.stats.gov.cn/sj/zxfb/202511/t20251114_1961850.html,0.2,https://www.stats.gov.cn/sj/zxfb/202512/t20251215_1962069.html,-0.489044435998469,-0.5226332145698603,-0.6286253929138184,-0.5829817056655884,-0.522494375705719,-0.6260983943939209,-0.5809072852134705,-0.4977880722505551,-0.699999988079071,-0.5620953540715161,-0.5935899219984049,0.8636115789413452,0.053929708898067474,0.08245860040187836
2025-11,2025-10,南充,https://www.stats.gov.cn/sj/zxfb/202511/t20251114_1961850.html,-0.4,https://www.stats.gov.cn/sj/zxfb/202512/t20251215_1962069.html,-0.2197611229391406,-0.2515716802414149,-0.3079533874988556,-0.24297404289245605,-0.34753158688545227,-0.2836850881576538,-0.2683347165584564,-0.2285047591912267,-0.20000000298023224,-0.23651626197120118,-0.22382626835463834,0.7059855461120605,0.09902454912662506,0.19498991966247559
2025-11,2025-10,南宁,https://www.stats.gov.cn/sj/zxfb/202511/t20251114_1961850.html,-0.7,https://www.stats.gov.cn/sj/zxfb/202512/t20251215_1962069.html,-0.38474853567452083,-0.4059597258921008,-0.44627442955970764,-0.46890825033187866,-0.5192336440086365,-0.4857381284236908,-0.4511009752750397,-0.39349217192660696,-0.6000000238418579,-0.45169265499922223,-0.48746681536678116,0.7329791188240051,0.09828531742095947,0.168735533952713
2025-11,2025-10,南昌,https://www.stats.gov.cn/sj/zxfb/202511/t20251114_1961850.html,-0.3,https://www.stats.gov.cn/sj/zxfb/202512/t20251215_1962069.html,-0.3719462181407571,-0.3962817932467048,-0.4863545894622803,-0.4395299553871155,-0.5566573739051819,-0.475473016500473,-0.45655104517936707,-0.38068985439284325,-0.4000000059604645,-0.41953123421616656,-0.40673993858014107,0.8218792080879211,0.065466970205307,0.11265377700328827
2025-11,2025-10,厦门,https://www.stats.gov.cn/sj/zxfb/202511/t20251114_1961850.html,-0.3,https://www.stats.gov.cn/sj/zxfb/202512/t20251215_1962069.html,-0.4800572373001357,-0.512415128934782,-0.609018862247467,-0.5800817012786865,-0.5794541239738464,-0.6139692068099976,-0.5292261242866516,-0.48880087355222185,-0.4000000059604645,-0.543557414322208,-0.4896275269304576,0.8347280621528625,0.06063557788729668,0.10463635623455048
2025-11,2025-10,合肥,https://www.stats.gov.cn/sj/zxfb/202511/t20251114_1961850.html,0.3,https://www.stats.gov.cn/sj/zxfb/202512/t20251215_1962069.html,-0.10451589708432275,-0.11227589105949845,-0.13464662432670593,-0.11674442142248154,-0.1248847171664238,-0.10097037255764008,-0.00596753740683198,-0.11325953333640887,0.10000000149011612,-0.10563118389175156,-0.043334651089591426,0.5010765790939331,0.09931844472885132,0.3996049761772156
2025-11,2025-10,吉林,https://www.stats.gov.cn/sj/zxfb/202511/t20251114_1961850.html,-0.4,https://www.stats.gov.cn/sj/zxfb/202512/t20251215_1962069.html,-0.2884275251736653,-0.3101559593607055,-0.3973675072193146,-0.3755180239677429,-0.4248245656490326,-0.4122888147830963,-0.315719336271286,-0.29717116142575145,-0.30000001192092896,-0.34782960677493024,-0.3242297324381411,0.6572534441947937,0.1283026784658432,0.2144438922405243
2025-11,2025-10,呼和浩特,https://www.stats.gov.cn/sj/zxfb/202511/t20251114_1961850.html,-0.2,https://www.stats.gov.cn/sj/zxfb/202512/t20251215_1962069.html,-0.2311559716996812,-0.2560592203458775,-0.3599707782268524,-0.3156948983669281,-0.3057585060596466,-0.36889147758483887,-0.15238434076309204,-0.2398996079517673,-0.10000000149011612,-0.28230289043509915,-0.21853150260293716,0.6182373762130737,0.12780626118183136,0.2539564371109009
2025-11,2025-10,哈尔滨,https://www.stats.gov.cn/sj/zxfb/202511/t20251114_1961850.html,-0.4,https://www.stats.gov.cn/sj/zxfb/202512/t20251215_1962069.html,-0.3100307491919802,-0.3286819110122873,-0.3123236298561096,-0.3134304881095886,-0.3218701481819153,-0.3564700484275818,-0.296879380941391,-0.31877438544406633,-0.30000001192092896,-0.3144585788289114,-0.3107349618248613,0.711788535118103,0.10820792615413666,0.18000349402427673
2025-11,2025-10,唐山,https://www.stats.gov.cn/sj/zxfb/202511/t20251114_1961850.html,-0.6,https://www.stats.gov.cn/sj/zxfb/202512/t20251215_1962069.html,-0.4890909201500241,-0.5245446445169418,-0.6081271767616272,-0.5643349885940552,-0.5743883848190308,-0.6153513789176941,-0.6196461319923401,-0.4978345564021102,-0.699999988079071,-0.5500840696721128,-0.5873898443584121,0.8569589853286743,0.05641186982393265,0.08662919700145721
2025-11,2025-10,大理,https://www.stats.gov.cn/sj/zxfb/202511/t20251114_1961850.html,-0.6,https://www.stats.gov.cn/sj/zxfb/202512/t20251215_1962069.html,-0.37627165968464277,-0.41429441394978506,-0.4457601010799408,-0.3996184468269348,-0.476794570684433,-0.4618929326534271,-0.3978452980518341,-0.3850152959367289,-0.4000000059604645,-0.39512708336760893,-0.3948779162413761,0.8087953329086304,0.07183151692152023,0.11937309801578522
2025-11,2025-10,大连,https://www.stats.gov.cn/sj/zxfb/202511/t20251114_1961850.html,0.0,https://www.stats.gov.cn/sj/zxfb/202512/t20251215_1962069.html,-0.2963153865613066,-0.3234449960170433,-0.45494529604911804,-0.4127941131591797,-0.4100928008556366,-0.4245435297489166,-0.36064577102661133,-0.30505902281339276,-0.10000000149011612,-0.3650434518540934,-0.27261771248756284,0.7129853367805481,0.08758021146059036,0.1994345337152481
2025-11,2025-10,天津,https://www.stats.gov.cn/sj/zxfb/202511/t20251114_1961850.html,-0.4,https://www.stats.gov.cn/sj/zxfb/202512/t20251215_1962069.html,-0.4322984078233551,-0.4539291530861545,-0.4680461883544922,-0.4732424318790436,-0.4941765069961548,-0.5122002363204956,-0.4198954403400421,-0.44104204407544123,-0.699999988079071,-0.47380077998260206,-0.5380948213445186,0.8151605725288391,0.06779477000236511,0.11704466491937637
2025-11,2025-10,太原,https://www.stats.gov.cn/sj/zxfb/202511/t20251114_1961850.html,-0.7,https://www.stats.gov.cn/sj/zxfb/202512/t20251215_1962069.html,-0.23125786976168092,-0.2672058493370934,-0.31218886375427246,-0.304411381483078,-0.3159572184085846,-0.3213117718696594,-0.29920175671577454,-0.24000150601376702,-0.4000000059604645,-0.28895007194609196,-0.3148042978191032,0.6783827543258667,0.11454921960830688,0.20706799626350403
2025-11,2025-10,宁波,https://www.stats.gov.cn/sj/zxfb/202511/t20251114_1961850.html,-0.1,https://www.stats.gov.cn/sj/zxfb/202512/t20251215_1962069.html,-0.39409437539569037,-0.42265856542516883,-0.5569531321525574,-0.5047187805175781,-0.5377830862998962,-0.5377466678619385,-0.43743908405303955,-0.4028380116477765,-0.4000000059604645,-0.46841151346990945,-0.4358522660419397,0.7872755527496338,0.07219170033931732,0.1405326873064041
2025-11,2025-10,安庆,https://www.stats.gov.cn/sj/zxfb/202511/t20251114_1961850.html,0.0,https://www.stats.gov.cn/sj/zxfb/202512/t20251215_1962069.html,-0.31097275582448064,-0.3456803205693724,-0.40389904379844666,-0.3727338910102844,-0.4329122006893158,-0.4276013970375061,-0.3304121196269989,-0.31971639207656677,-0.30000001192092896,-0.35299538315739076,-0.3308167650025934,0.6947944164276123,0.11729349941015244,0.18791213631629944
2025-11,2025-10,宜昌,https://www.stats.gov.cn/sj/zxfb/202511/t20251114_1961850.html,-0.2,https://www.stats.gov.cn/sj/zxfb/202512/t20251215_1962069.html,-0.20106455746227858,-0.21268227011832572,-0.1343088150024414,-0.16356836259365082,-0.3148118555545807,-0.18282294273376465,-0.18585145473480225,-0.20980819371436468,-0.20000000298023224,-0.17953300336349653,-0.19112551976274925,0.5731701254844666,0.12998202443122864,0.2968478500843048
2025-11,2025-10,岳阳,https://www.stats.gov.cn/sj/zxfb/202511/t20251114_1961850.html,-0.5,https://www.stats.gov.cn/sj/zxfb/202512/t20251215_1962069.html,-0.4946125244568455,-0.5225277189835243,-0.5161664485931396,-0.4915069043636322,-0.5539364218711853,-0.5463329553604126,-0.5218024253845215,-0.5033561607089316,-0.6000000238418579,-0.5001898152526943,-0.5316210296381406,0.8394142389297485,0.0641862228512764,0.09639959037303925
2025-11,2025-10,常德,https://www.stats.gov.cn/sj/zxfb/202511/t20251114_1961850.html,-0.8,https://www.stats.gov.cn/sj/zxfb/202512/t20251215_1962069.html,-0.5323358264103815,-0.561633975307698,-0.6230345964431763,-0.6265771389007568,-0.6504508852958679,-0.6801787614822388,-0.5538050532341003,-0.5410794626624675,-0.699999988079071,-0.6035780493588814,-0.6225521965474318,0.8606979250907898,0.05950760841369629,0.07979442179203033
2025-11,2025-10,平顶山,https://www.stats.gov.cn/sj/zxfb/202511/t20251114_1961850.html,-0.1,https://www.stats.gov.cn/sj/zxfb/202512/t20251215_1962069.html,-0.22463608788315634,-0.26423937000461645,-0.3442351818084717,-0.32468390464782715,-0.3058542311191559,-0.357087641954422,-0.17890317738056183,-0.23337972413524244,-0.10000000149011612,-0.2860869260913815,-0.21935454342439523,0.6955523490905762,0.09883974492549896,0.20560793578624725
2025-11,2025-10,广州,https://www.stats.gov.cn/sj/zxfb/202511/t20251114_1961850.html,-0.5,https://www.stats.gov.cn/sj/zxfb/202512/t20251215_1962069.html,-0.5443809184378063,-0.5613459737071445,-0.6448097825050354,-0.6383270025253296,-0.7277901768684387,-0.6824124455451965,-0.611963152885437,-0.5531245546898924,-0.800000011920929,-0.6195058423286521,-0.6638171897120503,0.8916805386543274,0.04161353036761284,0.06670589745044708
2025-11,2025-10,徐州,https://www.stats.gov.cn/sj/zxfb/202511/t20251114_1961850.html,-0.8,https://www.stats.gov.cn/sj/zxfb/202512/t20251215_1962069.html,-0.5699617750418723,-0.5995963330063411,-0.7265438437461853,-0.6784168481826782,-0.7943856120109558,-0.7085943222045898,-0.6720498204231262,-0.5787054112939584,-0.8999999761581421,-0.6578901034343877,-0.7190407452115929,0.8783292770385742,0.04258277267217636,0.0790879875421524
2025-11,2025-10,惠州,https://www.stats.gov.cn/sj/zxfb/202511/t20251114_1961850.html,-0.8,https://www.stats.gov.cn/sj/zxfb/202512/t20251215_1962069.html,-0.4814892268981863,-0.5118302916422671,-0.5152665972709656,-0.4260626435279846,-0.553437352180481,-0.5112549066543579,-0.4714907705783844,-0.4902328631502724,-0.8999999761581421,-0.4678240971533373,-0.605431827612133,0.8386461138725281,0.04559525474905968,0.11575856059789658
2025-11,2025-10,成都,https://www.stats.gov.cn/sj/zxfb/202511/t20251114_1961850.html,-0.7,https://www.stats.gov.cn/sj/zxfb/202512/t20251215_1962069.html,-0.4157172917335308,-0.43881431800855536,-0.6491988301277161,-0.5542460680007935,-0.6175158619880676,-0.6132566928863525,-0.5819834470748901,-0.4244609279856169,-1.0,-0.5348145406788953,-0.6595689986621368,0.868848443031311,0.04071514680981636,0.0904364213347435
2025-11,2025-10,扬州,https://www.stats.gov.cn/sj/zxfb/202511/t20251114_1961850.html,0.1,https://www.stats.gov.cn/sj/zxfb/202512/t20251215_1962069.html,-0.5319159312369465,-0.5775345621199354,-0.6676621437072754,-0.6393175721168518,-0.6107211709022522,-0.7000091671943665,-0.5681648254394531,-0.5406595674890325,-0.6000000238418579,-0.6070340634030931,-0.5933257211492474,0.8858916163444519,0.042012184858322144,0.07209618389606476
2025-11,2025-10,无锡,https://www.stats.gov.cn/sj/zxfb/202511/t20251114_1961850.html,-1.0,https://www.stats.gov.cn/sj/zxfb/202512/t20251215_1962069.html,-0.39624411302074686,-0.4259068028555254,-0.4928796589374542,-0.45096859335899353,-0.5512182116508484,-0.514506459236145,-0.49452635645866394,-0.404987749272833,-0.6000000238418579,-0.4436725184111342,-0.4853187888245614,0.8426869511604309,0.06092105060815811,0.09639205038547516
2025-11,2025-10,昆明,https://www.stats.gov.cn/sj/zxfb/202511/t20251114_1961850.html,-0.9,https://www.stats.gov.cn/sj/zxfb/202512/t20251215_1962069.html,-0.5329666776291491,-0.571928859548068,-0.5726031064987183,-0.5056411027908325,-0.6726508140563965,-0.567986011505127,-0.6261464953422546,-0.5417103138812351,-0.8999999761581421,-0.5350405790389032,-0.6491171309434033,0.8573989868164062,0.05481625348329544,0.0877847671508789
2025-11,2025-10,杭州,https://www.stats.gov.cn/sj/zxfb/202511/t20251114_1961850.html,-0.2,https://www.stats.gov.cn/sj/zxfb/202512/t20251215_1962069.html,0.016622834463491977,0.0067666221500571,0.013949464075267315,0.012639793567359447,0.01891964301466942,-0.01910575106739998,-0.09474837779998779,0.007879198211405869,0.10000000149011612,0.015215417177398693,0.040172997756293814,0.3705158829689026,0.09929849952459335,0.5301855802536011
2025-11,2025-10,桂林,https://www.stats.gov.cn/sj/zxfb/202511/t20251114_1961850.html,-0.8,https://www.stats.gov.cn/sj/zxfb/202512/t20251215_1962069.html,-0.3819803406720035,-0.4093046873004287,-0.4871004521846771,-0.4441855549812317,-0.45450007915496826,-0.5177589058876038,-0.42515742778778076,-0.3907239769240896,-0.5,-0.4302628647910015,-0.4449698439684404,0.7294412851333618,0.10664570331573486,0.16391299664974213
2025-11,2025-10,武汉,https://www.stats.gov.cn/sj/zxfb/202511/t20251114_1961850.html,-0.5,https://www.stats.gov.cn/sj/zxfb/202512/t20251215_1962069.html,-0.4786528283001967,-0.49555244092404066,-0.5991002917289734,-0.5605942010879517,-0.5151161551475525,-0.6106575727462769,-0.4819633662700653,-0.4873964645522828,-0.6000000238418579,-0.5398176868133413,-0.5493302298273641,0.807781994342804,0.07073317468166351,0.12148489058017731
2025-11,2025-10,沈阳,https://www.stats.gov.cn/sj/zxfb/202511/t20251114_1961850.html,0.1,https://www.stats.gov.cn/sj/zxfb/202512/t20251215_1962069.html,-0.08020624430607236,-0.12074852012080281,-0.2008306235074997,-0.10835286229848862,-0.05585986375808716,-0.16018982231616974,-0.0635831281542778,-0.08894988055815847,0.20000000298023224,-0.088082285409432,0.0008990867078617163,0.4132438600063324,0.14092135429382324,0.44583478569984436
2025-11,2025-10,泉州,https://www.stats.gov.cn/sj/zxfb/202511/t20251114_1961850.html,-0.3,https://www.stats.gov.cn/sj/zxfb/202512/t20251215_1962069.html,-0.34761917724632313,-0.3611608784346932,-0.4526345431804657,-0.42009276151657104,-0.39971625804901123,-0.4215694069862366,-0.42764726281166077,-0.35636281349840926,-0.4000000059604645,-0.3994843120292097,-0.3921518603251483,0.7456217408180237,0.08890633285045624,0.16547194123268127
2025-11,2025-10,泸州,https://www.stats.gov.cn/sj/zxfb/202511/t20251114_1961850.html,-0.7,https://www.stats.gov.cn/sj/zxfb/202512/t20251215_1962069.html,-0.5202131308333551,-0.5478495012211343,-0.5731938481330872,-0.562495231628418,-0.6695097088813782,-0.5900322198867798,-0.5431937575340271,-0.5289567670854411,-0.6000000238418579,-0.5538763253719239,-0.5638173408519057,0.8580716252326965,0.05746171623468399,0.08446666598320007
2025-11,2025-10,洛阳,https://www.stats.gov.cn/sj/zxfb/202511/t20251114_1961850.html,-0.6,https://www.stats.gov.cn/sj/zxfb/202512/t20251215_1962069.html,-0.3732492933345863,-0.3965006769134599,-0.46139803528785706,-0.4245019853115082,-0.5325848460197449,-0.4547843337059021,-0.3765014111995697,-0.3819929295866724,-0.4000000059604645,-0.4102417506471311,-0.40216497361954834,0.792862057685852,0.08442527055740356,0.12271273136138916
2025-11,2025-10,济南,https://www.stats.gov.cn/sj/zxfb/202511/t20251114_1961850.html,-0.4,https://www.stats.gov.cn/sj/zxfb/202512/t20251215_1962069.html,-0.37885064434211924,-0.414363363396469,-0.521332859992981,-0.4910138249397278,-0.5710021257400513,-0.5453695058822632,-0.4984612464904785,-0.38759428059420536,-0.699999988079071,-0.4687587711625713,-0.5262026978710014,0.8524419069290161,0.05983759090304375,0.08772052824497223
2025-11,2025-10,济宁,https://www.stats.gov.cn/sj/zxfb/202511/t20251114_1961850.html,-0.7,https://www.stats.gov.cn/sj/zxfb/202512/t20251215_1962069.html,-0.31267149337643596,-0.34356602958620197,-0.438217431306839,-0.34835752844810486,-0.43398317694664,-0.4354349970817566,-0.3170580565929413,-0.3214151296285221,-0.30000001192092896,-0.3377991051713226,-0.323257556665852,0.7051196694374084,0.09738054871559143,0.1974998116493225
2025-11,2025-10,海口,https://www.stats.gov.cn/sj/zxfb/202511/t20251114_1961850.html,-0.7,https://www.stats.gov.cn/sj/zxfb/202512/t20251215_1962069.html,-0.3124044310105745,-0.3480499994491674,-0.4983508884906769,-0.4712643027305603,-0.43206265568733215,-0.46701711416244507,-0.4705994427204132,-0.32114806726266065,-0.30000001192092896,-0.41698165841866175,-0.36413746063805,0.8237506151199341,0.0700715184211731,0.10617788136005402
2025-11,2025-10,深圳,https://www.stats.gov.cn/sj/zxfb/202511/t20251114_1961850.html,-0.9,https://www.stats.gov.cn/sj/zxfb/202512/t20251215_1962069.html,-0.5516599435416776,-0.582639998893346,-0.6059187650680542,-0.6257346272468567,-0.6697573065757751,-0.6704134941101074,-0.6096232533454895,-0.5604035797937637,-0.699999988079071,-0.6090014285712912,-0.6287127317065638,0.887916088104248,0.043167196214199066,0.06891672313213348
2025-11,2025-10,温州,https://www.stats.gov.cn/sj/zxfb/202511/t20251114_1961850.html,-0.5,https://www.stats.gov.cn/sj/zxfb/202512/t20251215_1962069.html,-0.578804134816994,-0.6138136142427973,-0.6180397868156433,-0.6163973808288574,-0.6290619373321533,-0.6236910820007324,-0.6052437424659729,-0.5875477710690801,-0.699999988079071,-0.6113609990078618,-0.6346483799923361,0.8764746785163879,0.05063940957188606,0.0728859230875969
2025-11,2025-10,湛江,https://www.stats.gov.cn/sj/zxfb/202511/t20251114_1961850.html,-0.4,https://www.stats.gov.cn/sj/zxfb/202512/t20251215_1962069.html,-0.595924798693199,-0.6223629065260737,-0.6001749634742737,-0.6305478811264038,-0.6852648854255676,-0.6741620898246765,-0.676125705242157,-0.6046684349452851,-1.0,-0.6396659880616993,-0.7450721053572297,0.8961882591247559,0.035506971180438995,0.06830472499132156
2025-11,2025-10,烟台,https://www.stats.gov.cn/sj/zxfb/202511/t20251114_1961850.html,-0.6,https://www.stats.gov.cn/sj/zxfb/202512/t20251215_1962069.html,-0.3689125915587032,-0.3823807951111218,-0.4893706738948822,-0.4661129415035248,-0.4341680109500885,-0.49489927291870117,-0.4001455307006836,-0.37765622781078934,-0.4000000059604645,-0.43573843211623975,-0.41458972509159286,0.7825024724006653,0.07416945695877075,0.14332805573940277
2025-11,2025-10,牡丹江,https://www.stats.gov.cn/sj/zxfb/202511/t20251114_1961850.html,-0.2,https://www.stats.gov.cn/sj/zxfb/202512/t20251215_1962069.html,-0.2633379713625595,-0.29500264499398526,-0.264755517244339,-0.2760722041130066,-0.34846019744873047,-0.3128555417060852,-0.2707389295101166,-0.2720816076146456,-0.30000001192092896,-0.27594809406730714,-0.2827179412161937,0.6541939973831177,0.12652342021465302,0.21928253769874573
2025-11,2025-10,石家庄,https://www.stats.gov.cn/sj/zxfb/202511/t20251114_1961850.html,-0.5,https://www.stats.gov.cn/sj/zxfb/202512/t20251215_1962069.html,-0.3724655017022834,-0.40539628561488567,-0.43788954615592957,-0.44935232400894165,-0.4940544664859772,-0.49257582426071167,-0.4250084459781647,-0.3812091379543695,-0.5,-0.4306571078693365,-0.44352048732110366,0.7960656881332397,0.06909066438674927,0.1348436027765274
2025-11,2025-10,福州,https://www.stats.gov.cn/sj/zxfb/202511/t20251114_1961850.html,-0.6,https://www.stats.gov.cn/sj/zxfb/202512/t20251215_1962069.html,-0.42009759629254056,-0.43560869851412953,-0.4846690595149994,-0.44488993287086487,-0.4810909926891327,-0.4978157579898834,-0.41470932960510254,-0.4288412325446267,-0.6000000238418579,-0.4471175394886031,-0.49124372975244984,0.7709457278251648,0.0832727700471878,0.1457814872264862
2025-11,2025-10,秦皇岛,https://www.stats.gov.cn/sj/zxfb/202511/t20251114_1961850.html,-0.4,https://www.stats.gov.cn/sj/zxfb/202512/t20251215_1962069.html,-0.342746761370042,-0.36791853533499524,-0.4649989604949951,-0.4002467095851898,-0.4827280044555664,-0.45276689529418945,-0.2677566707134247,-0.35149039762212814,-0.20000000298023224,-0.37591894995459263,-0.31724570339585006,0.6879992485046387,0.10949810594320297,0.20250268280506134
2025-11,2025-10,蚌埠,https://www.stats.gov.cn/sj/zxfb/202511/t20251114_1961850.html,-0.1,https://www.stats.gov.cn/sj/zxfb/202512/t20251215_1962069.html,-0.29553097845386755,-0.32621189166345516,-0.38603296875953674,-0.32987841963768005,-0.46731653809547424,-0.41189074516296387,-0.34374356269836426,-0.3042746147059537,-0.4000000059604645,-0.3252199572307781,-0.34471768010136605,0.7260481119155884,0.1054086685180664,0.1685432344675064
2025-11,2025-10,襄阳,https://www.stats.gov.cn/sj/zxfb/202511/t20251114_1961850.html,0.3,https://www.stats.gov.cn/sj/zxfb/202512/t20251215_1962069.html,-0.548409819931527,-0.5501676686155631,-0.5768938064575195,-0.5754993557929993,-0.6438800692558289,-0.5847988724708557,-0.6102360486984253,-0.5571534561836131,-0.800000011920929,-0.5802310567948407,-0.6442176079658471,0.8616844415664673,0.05025024339556694,0.08806528896093369
2025-11,2025-10,西宁,https://www.stats.gov.cn/sj/zxfb/202511/t20251114_1961850.html,-0.5,https://www.stats.gov.cn/sj/zxfb/202512/t20251215_1962069.html,-0.33220188688087604,-0.35761918630396705,-0.2744852602481842,-0.29177790880203247,-0.44753992557525635,-0.3127221465110779,-0.3519449532032013,-0.34094552313296217,-0.6000000238418579,-0.32123289340080574,-0.41090781859228415,0.7686427235603333,0.08540424704551697,0.14595305919647217
2025-11,2025-10,西安,https://www.stats.gov.cn/sj/zxfb/202511/t20251114_1961850.html,-0.4,https://www.stats.gov.cn/sj/zxfb/202512/t20251215_1962069.html,-0.4632923494121208,-0.5107770637449939,-0.7373397946357727,-0.6709626317024231,-0.7134411931037903,-0.7264695763587952,-0.6436822414398193,-0.4720359856642069,-0.800000011920929,-0.6155153880536859,-0.6476662097625197,0.8870038986206055,0.046070825308561325,0.06692524254322052
2025-11,2025-10,贵阳,https://www.stats.gov.cn/sj/zxfb/202511/t20251114_1961850.html,0.2,https://www.stats.gov.cn/sj/zxfb/202512/t20251215_1962069.html,-0.3999466835020587,-0.4320940176658122,-0.4787572920322418,-0.4477415084838867,-0.44468018412590027,-0.5284480452537537,-0.5052380561828613,-0.4086903197541448,-0.6000000238418579,-0.4427345547141017,-0.4854772840266299,0.8152077794075012,0.07243930548429489,0.11235290765762329
2025-11,2025-10,赣州,https://www.stats.gov.cn/sj/zxfb/202511/t20251114_1961850.html,-0.3,https://www.stats.gov.cn/sj/zxfb/202512/t20251215_1962069.html,-0.36806408986955647,-0.41647420476800984,-0.4297679662704468,-0.41355186700820923,-0.3906424045562744,-0.4261804223060608,-0.3813420236110687,-0.3768077261216426,-0.20000000298023224,-0.39231697265074117,-0.330119865370028,0.8262892961502075,0.06071314215660095,0.11299749463796616
2025-11,2025-10,遵义,https://www.stats.gov.cn/sj/zxfb/202511/t20251114_1961850.html,-0.3,https://www.stats.gov.cn/sj/zxfb/202512/t20251215_1962069.html,-0.3677778202142454,-0.40345918776503714,-0.4685114920139313,-0.4463195204734802,-0.4683743417263031,-0.48485344648361206,-0.46574196219444275,-0.3765214564663315,-0.6000000238418579,-0.43188466654970237,-0.4742803335938899,0.7753749489784241,0.07679781317710876,0.14782719314098358
2025-11,2025-10,郑州,https://www.stats.gov.cn/sj/zxfb/202511/t20251114_1961850.html,-0.6,https://www.stats.gov.cn/sj/zxfb/202512/t20251215_1962069.html,-0.5414175139943403,-0.5679852928047965,-0.6702814102172852,-0.6208736896514893,-0.6597679853439331,-0.6846306920051575,-0.5922591686248779,-0.5501611502464264,-0.800000011920929,-0.6073348409024921,-0.6570116172729482,0.8668078184127808,0.044233694672584534,0.08895847946405411
2025-11,2025-10,重庆,https://www.stats.gov.cn/sj/zxfb/202511/t20251114_1961850.html,0.1,https://www.stats.gov.cn/sj/zxfb/202512/t20251215_1962069.html,-0.40357678307946826,-0.43625000013009624,-0.5163487195968628,-0.4690147340297699,-0.5233425498008728,-0.5281590223312378,-0.4211359918117523,-0.4123204193315544,-0.6000000238418579,-0.45757494980863944,-0.49377839240106075,0.834952175617218,0.05028452351689339,0.1147632747888565
2025-11,2025-10,金华,https://www.stats.gov.cn/sj/zxfb/202511/t20251114_1961850.html,-0.4,https://www.stats.gov.cn/sj/zxfb/202512/t20251215_1962069.html,-0.5126170341199136,-0.527557212692251,-0.5669332146644592,-0.5436145663261414,-0.6558811664581299,-0.5890997648239136,-0.6105372905731201,-0.5213606703719996,-0.800000011920929,-0.548616141214301,-0.6216584162063566,0.8403418660163879,0.06774474680423737,0.09191341698169708
2025-11,2025-10,银川,https://www.stats.gov.cn/sj/zxfb/202511/t20251114_1961850.html,0.0,https://www.stats.gov.cn/sj/zxfb/202512/t20251215_1962069.html,-0.31221150097981293,-0.34945650996436173,-0.4740307629108429,-0.3956024646759033,-0.4901496171951294,-0.4916207194328308,-0.3339463174343109,-0.32095513723189906,-0.4000000059604645,-0.37275716203592685,-0.37218586928942227,0.7201715707778931,0.1030910462141037,0.17673733830451965
2025-11,2025-10,锦州,https://www.stats.gov.cn/sj/zxfb/202511/t20251114_1961850.html,-0.1,https://www.stats.gov.cn/sj/zxfb/202512/t20251215_1962069.html,-0.245102445686142,-0.2810343680398025,-0.3224565088748932,-0.2576203942298889,-0.31881478428840637,-0.302263081073761,-0.35275861620903015,-0.2538460819382281,-0.4000000059604645,-0.2630484439139654,-0.30382216070952717,0.6410223841667175,0.11192019283771515,0.24705736339092255
2025-11,2025-10,长春,https://www.stats.gov.cn/sj/zxfb/202511/t20251114_1961850.html,-0.4,https://www.stats.gov.cn/sj/zxfb/202512/t20251215_1962069.html,-0.2607826711248037,-0.28746887545170774,-0.33498454093933105,-0.28879091143608093,-0.42257559299468994,-0.3198226988315582,-0.3181108236312866,-0.2695263073768898,-0.30000001192092896,-0.28336163723983604,-0.2861057435779666,0.6029573678970337,0.11912298202514648,0.27791959047317505
2025-11,2025-10,长沙,https://www.stats.gov.cn/sj/zxfb/202511/t20251114_1961850.html,-0.8,https://www.stats.gov.cn/sj/zxfb/202512/t20251215_1962069.html,-0.40730112218681536,-0.42247497499289055,-0.5785295367240906,-0.5303961634635925,-0.48901161551475525,-0.5672197341918945,-0.5175034999847412,-0.4160447584389015,-0.6000000238418579,-0.49831101888722523,-0.5154803152481173,0.7970994710922241,0.07434389740228653,0.12855665385723114
2025-11,2025-10,青岛,https://www.stats.gov.cn/sj/zxfb/202511/t20251114_1961850.html,-0.2,https://www.stats.gov.cn/sj/zxfb/202512/t20251215_1962069.html,-0.32824657588860884,-0.3514082137710139,-0.5155050754547119,-0.46743422746658325,-0.5229890942573547,-0.4799312651157379,-0.39951905608177185,-0.33699021214069497,-0.4000000059604645,-0.42403405939535155,-0.40147481518924755,0.7634965181350708,0.08153039962053299,0.1549730747938156
2025-11,2025-10,韶关,https://www.stats.gov.cn/sj/zxfb/202511/t20251114_1961850.html,-0.1,https://www.stats.gov.cn/sj/zxfb/202512/t20251215_1962069.html,-0.1443803360206796,-0.17594167366373972,-0.22139041125774384,-0.17633801698684692,-0.11188920587301254,-0.2296772301197052,-0.0013586828717961907,-0.1531239722727657,0.20000000298023224,-0.15174237304950725,-0.043153995426460125,0.5293198823928833,0.1141834408044815,0.3564966320991516
2025-12,2025-11,三亚,https://www.stats.gov.cn/sj/zxfb/202512/t20251215_1962069.html,0.1,https://www.stats.gov.cn/sj/zxfb/202601/t20260119_1962319.html,-0.3470572363881518,-0.36307138834861785,-0.42146554589271545,-0.4737997055053711,-0.4863326847553253,-0.38855308294296265,-0.4363013803958893,-0.34821354696906476,-0.5,-0.42273176238419014,-0.4406710841581453,0.7240327000617981,0.1052372083067894,0.1707300841808319
2025-12,2025-11,上海,https://www.stats.gov.cn/sj/zxfb/202512/t20251215_1962069.html,0.2,https://www.stats.gov.cn/sj/zxfb/202601/t20260119_1962319.html,0.07862206585865572,0.0831576002453799,0.13986270129680634,0.04554269462823868,0.055534880608320236,0.16418613493442535,0.08399798721075058,0.07746575527774274,0.10000000149011612,0.06298477896788217,0.07433615046536585,0.29717734456062317,0.07606538385152817,0.6267572641372681
2025-12,2025-11,丹东,https://www.stats.gov.cn/sj/zxfb/202512/t20251215_1962069.html,0.0,https://www.stats.gov.cn/sj/zxfb/202601/t20260119_1962319.html,-0.2543603459462323,-0.24765644167389939,-0.1287415772676468,-0.2723052501678467,-0.23332750797271729,-0.19192957878112793,-0.2553953230381012,-0.2555166565271453,-0.30000001192092896,-0.26724420402109006,-0.2759406395386403,0.6358701586723328,0.1293986737728119,0.23473115265369415
2025-12,2025-11,乌鲁木齐,https://www.stats.gov.cn/sj/zxfb/202512/t20251215_1962069.html,-0.2,https://www.stats.gov.cn/sj/zxfb/202601/t20260119_1962319.html,-0.05461235458655456,-0.060163896350104475,0.11735072731971741,-0.02720930054783821,-0.0649573802947998,0.07290555536746979,-0.07409632205963135,-0.055768665167467535,-0.10000000149011612,-0.0445705307114478,-0.06099265573514062,0.4044598937034607,0.11204781383275986,0.48349228501319885
2025-12,2025-11,九江,https://www.stats.gov.cn/sj/zxfb/202512/t20251215_1962069.html,-0.2,https://www.stats.gov.cn/sj/zxfb/202601/t20260119_1962319.html,-0.5208240974826875,-0.5488451245103033,-0.47224870324134827,-0.5520113706588745,-0.5162107348442078,-0.4702003598213196,-0.5012655258178711,-0.5219804080636005,-0.699999988079071,-0.5501441870164152,-0.5913305889338486,0.893698513507843,0.03867175057530403,0.06762973964214325
2025-12,2025-11,兰州,https://www.stats.gov.cn/sj/zxfb/202512/t20251215_1962069.html,-0.8,https://www.stats.gov.cn/sj/zxfb/202601/t20260119_1962319.html,-0.30653716726396657,-0.304180937415284,-0.22488655149936676,-0.3212902545928955,-0.35862818360328674,-0.24626994132995605,-0.32448023557662964,-0.30769347784487955,-0.30000001192092896,-0.3140002670774489,-0.309661248119568,0.6747251749038696,0.11423306167125702,0.21104177832603455
2025-12,2025-11,包头,https://www.stats.gov.cn/sj/zxfb/202512/t20251215_1962069.html,-1.0,https://www.stats.gov.cn/sj/zxfb/202601/t20260119_1962319.html,-0.5368063838880395,-0.5534435108070094,-0.4393610954284668,-0.538261890411377,-0.4838792383670807,-0.47170495986938477,-0.5440642237663269,-0.5379626944689524,-0.6000000238418579,-0.5426419866677197,-0.5587415362407291,0.8640515208244324,0.051186107099056244,0.08476240187883377
2025-12,2025-11,北京,https://www.stats.gov.cn/sj/zxfb/202512/t20251215_1962069.html,-0.4,https://www.stats.gov.cn/sj/zxfb/202601/t20260119_1962319.html,-0.3236472479251495,-0.3223255790854733,-0.4445994198322296,-0.53413325548172,-0.4939207136631012,-0.4142633080482483,-0.4017600119113922,-0.32480355850606246,-0.5,-0.44333310381036756,-0.4529789379959275,0.6994255185127258,0.09732338786125183,0.20325107872486115
2025-12,2025-11,北海,https://www.stats.gov.cn/sj/zxfb/202512/t20251215_1962069.html,-0.7,https://www.stats.gov.cn/sj/zxfb/202601/t20260119_1962319.html,-0.5157862359725074,-0.5366839431352649,-0.39983487129211426,-0.4595697820186615,-0.4567044675350189,-0.4094924032688141,-0.6719264388084412,-0.5169425465534203,-0.8999999761581421,-0.5159206629218981,-0.6255041015767413,0.8260261416435242,0.06531442701816559,0.10865936428308487
2025-12,2025-11,南京,https://www.stats.gov.cn/sj/zxfb/202512/t20251215_1962069.html,0.0,https://www.stats.gov.cn/sj/zxfb/202601/t20260119_1962319.html,-0.22188034238099733,-0.24460388575726502,-0.2401316910982132,-0.3217337727546692,-0.1391848474740982,-0.21636879444122314,-0.30340492725372314,-0.2230366529619103,0.20000000298023224,-0.24201520508539404,-0.11492347424544909,0.7253066897392273,0.07088251411914825,0.20381072163581848
2025-12,2025-11,南充,https://www.stats.gov.cn/sj/zxfb/202512/t20251215_1962069.html,-0.5,https://www.stats.gov.cn/sj/zxfb/202601/t20260119_1962319.html,-0.3076016055588231,-0.3044999985021243,-0.2194151133298874,-0.34988605976104736,-0.45454537868499756,-0.24443253874778748,-0.4056887626647949,-0.3087579161397361,-0.4000000059604645,-0.3361934194772748,-0.3528813272870826,0.7543588876724243,0.09115073084831238,0.1544903963804245
2025-12,2025-11,南宁,https://www.stats.gov.cn/sj/zxfb/202512/t20251215_1962069.html,-0.2,https://www.stats.gov.cn/sj/zxfb/202601/t20260119_1962319.html,-0.44493381782452673,-0.45248254486074696,-0.4138791263103485,-0.5516985654830933,-0.5317667126655579,-0.4240754246711731,-0.5073646306991577,-0.4460901284054397,-0.699999988079071,-0.5179707711779833,-0.565929560655868,0.813673198223114,0.06595826148986816,0.1203685775399208
2025-12,2025-11,南昌,https://www.stats.gov.cn/sj/zxfb/202512/t20251215_1962069.html,-0.4,https://www.stats.gov.cn/sj/zxfb/202601/t20260119_1962319.html,-0.2865986413840508,-0.3265939126190255,-0.23993925750255585,-0.3966160714626312,-0.41595837473869324,-0.3068495988845825,-0.3564049303531647,-0.28775495196496376,-0.30000001192092896,-0.3436393610088238,-0.328123678449508,0.720209538936615,0.09750966727733612,0.1822807788848877
2025-12,2025-11,厦门,https://www.stats.gov.cn/sj/zxfb/202512/t20251215_1962069.html,-0.5,https://www.stats.gov.cn/sj/zxfb/202601/t20260119_1962319.html,-0.4001800744617328,-0.40779439571957754,-0.3587099611759186,-0.4367549419403076,-0.46682503819465637,-0.3620486259460449,-0.38042497634887695,-0.4013363850426458,-0.30000001192092896,-0.4118312621629106,-0.3793637796346275,0.7916713953018188,0.07221333682537079,0.13611523807048798
2025-12,2025-11,合肥,https://www.stats.gov.cn/sj/zxfb/202512/t20251215_1962069.html,0.0,https://www.stats.gov.cn/sj/zxfb/202601/t20260119_1962319.html,-0.033346686678294685,-0.03510783964395079,0.07446850091218948,-0.003211063100025058,0.08618954569101334,0.10932930558919907,0.15743641555309296,-0.03450299725920766,0.30000001192092896,0.005719607193708406,0.0874286505205654,0.38936832547187805,0.0954650491476059,0.5151665806770325
2025-12,2025-11,吉林,https://www.stats.gov.cn/sj/zxfb/202512/t20251215_1962069.html,0.1,https://www.stats.gov.cn/sj/zxfb/202601/t20260119_1962319.html,-0.2826034406138151,-0.30804783333833574,-0.23007731139659882,-0.35567349195480347,-0.44422802329063416,-0.273815780878067,-0.3180893361568451,-0.28375975119472807,-0.4000000059604645,-0.32857107621123915,-0.346477749703332,0.6804313063621521,0.11860482394695282,0.2009638100862503
2025-12,2025-11,呼和浩特,https://www.stats.gov.cn/sj/zxfb/202512/t20251215_1962069.html,-0.5,https://www.stats.gov.cn/sj/zxfb/202601/t20260119_1962319.html,-0.20826479617291666,-0.22478456635122795,-0.1845325082540512,-0.2777408957481384,-0.2558112144470215,-0.21757185459136963,-0.20189674198627472,-0.20942110675382963,-0.20000000298023224,-0.2432448412693214,-0.2290540018274001,0.5877237319946289,0.1466716080904007,0.2656046450138092
2025-12,2025-11,哈尔滨,https://www.stats.gov.cn/sj/zxfb/202512/t20251215_1962069.html,-0.5,https://www.stats.gov.cn/sj/zxfb/202601/t20260119_1962319.html,-0.3395873941011841,-0.34426179559019804,-0.2593444883823395,-0.36308732628822327,-0.3801307678222656,-0.2757064700126648,-0.3553899824619293,-0.3407437046820971,-0.4000000059604645,-0.35635563514318924,-0.3679436789769283,0.6992834806442261,0.11838208138942719,0.18233446776866913
2025-12,2025-11,唐山,https://www.stats.gov.cn/sj/zxfb/202512/t20251215_1962069.html,-0.7,https://www.stats.gov.cn/sj/zxfb/202601/t20260119_1962319.html,-0.4232276136423279,-0.44432326617981915,-0.4284934103488922,-0.4730636477470398,-0.5000287294387817,-0.4266441762447357,-0.5429022908210754,-0.4243839242232409,-0.6000000238418579,-0.46179259644967147,-0.49914919860404616,0.7961300015449524,0.08322963863611221,0.12064037472009659
2025-12,2025-11,大理,https://www.stats.gov.cn/sj/zxfb/202512/t20251215_1962069.html,-0.2,https://www.stats.gov.cn/sj/zxfb/202601/t20260119_1962319.html,-0.4286350143077715,-0.4421135692562042,-0.36819592118263245,-0.4635709822177887,-0.3917323648929596,-0.40472859144210815,-0.5143489241600037,-0.4297913248886845,-0.6000000238418579,-0.4592786150880634,-0.49778744364944366,0.8071037530899048,0.07283426821231842,0.1200619712471962
2025-12,2025-11,大连,https://www.stats.gov.cn/sj/zxfb/202512/t20251215_1962069.html,-0.2,https://www.stats.gov.cn/sj/zxfb/202601/t20260119_1962319.html,-0.1534793188001755,-0.16989620637168493,-0.14523744583129883,-0.1810133159160614,-0.19201909005641937,-0.140351802110672,-0.14964519441127777,-0.1546356293810885,0.0,-0.15667320165700474,-0.11188298176571664,0.508217453956604,0.14295051991939545,0.34883204102516174
2025-12,2025-11,天津,https://www.stats.gov.cn/sj/zxfb/202512/t20251215_1962069.html,-0.6,https://www.stats.gov.cn/sj/zxfb/202601/t20260119_1962319.html,-0.3045503934715139,-0.32828311908735597,-0.21878774464130402,-0.3345346450805664,-0.37683233618736267,-0.2998572885990143,-0.337756872177124,-0.3057067040524269,-0.4000000059604645,-0.3271515340271427,-0.3467471183644859,0.7078319787979126,0.11462488025426865,0.17754317820072174
2025-12,2025-11,太原,https://www.stats.gov.cn/sj/zxfb/202512/t20251215_1962069.html,-0.2,https://www.stats.gov.cn/sj/zxfb/202601/t20260119_1962319.html,-0.33250402281909125,-0.33745825260976325,-0.31423261761665344,-0.4213615357875824,-0.45953163504600525,-0.3355504870414734,-0.46853670477867126,-0.3336603334000042,-0.699999988079071,-0.4047015708597428,-0.4850072857555525,0.7745816111564636,0.0801335945725441,0.1452847719192505
2025-12,2025-11,宁波,https://www.stats.gov.cn/sj/zxfb/202512/t20251215_1962069.html,-0.1,https://www.stats.gov.cn/sj/zxfb/202601/t20260119_1962319.html,-0.18778900074360022,-0.21096770202892492,-0.2270885705947876,-0.22582224011421204,-0.27824363112449646,-0.17758886516094208,-0.21253527700901031,-0.1889453113245132,-0.10000000149011612,-0.20108131121759054,-0.17158918430961378,0.6173852682113647,0.10359062999486923,0.2790241241455078
2025-12,2025-11,安庆,https://www.stats.gov.cn/sj/zxfb/202512/t20251215_1962069.html,-0.2,https://www.stats.gov.cn/sj/zxfb/202601/t20260119_1962319.html,-0.18312337052512895,-0.20019592779996961,-0.1479855626821518,-0.1988723874092102,-0.16844622790813446,-0.1513693928718567,-0.12876476347446442,-0.18427968110604193,0.0,-0.17820038814863393,-0.1277173561717507,0.5497879385948181,0.12822577357292175,0.32198628783226013
2025-12,2025-11,宜昌,https://www.stats.gov.cn/sj/zxfb/202512/t20251215_1962069.html,0.1,https://www.stats.gov.cn/sj/zxfb/202601/t20260119_1962319.html,-0.2088390715224686,-0.22201073299096194,-0.045724187046289444,-0.21430034935474396,-0.22992785274982452,-0.10498952865600586,-0.1988486498594284,-0.2099953821033816,-0.20000000298023224,-0.21144044325614475,-0.20809857814611923,0.5731214880943298,0.1419561207294464,0.28492242097854614
2025-12,2025-11,岳阳,https://www.stats.gov.cn/sj/zxfb/202512/t20251215_1962069.html,-0.3,https://www.stats.gov.cn/sj/zxfb/202601/t20260119_1962319.html,-0.47063109568902656,-0.49058558095175486,-0.3988756835460663,-0.4922052323818207,-0.53269362449646,-0.4189787805080414,-0.4646681845188141,-0.47178740626993954,-0.5,-0.48416062572892965,-0.4879975462172534,0.787958562374115,0.08556753396987915,0.12647390365600586
2025-12,2025-11,常德,https://www.stats.gov.cn/sj/zxfb/202512/t20251215_1962069.html,-0.6,https://www.stats.gov.cn/sj/zxfb/202601/t20260119_1962319.html,-0.562064452007762,-0.5710492059802887,-0.5123043656349182,-0.6332716941833496,-0.5618166923522949,-0.561150074005127,-0.5805782675743103,-0.5632207625886749,-0.800000011920929,-0.6158893380134074,-0.6654974895643179,0.8438094854354858,0.06565044820308685,0.0905400887131691
2025-12,2025-11,平顶山,https://www.stats.gov.cn/sj/zxfb/202512/t20251215_1962069.html,-0.5,https://www.stats.gov.cn/sj/zxfb/202601/t20260119_1962319.html,-0.14735081867644767,-0.17034360773166482,-0.06950756162405014,-0.1591261923313141,-0.2028714269399643,-0.09869678318500519,-0.130975604057312,-0.14850712925736065,-0.10000000149011612,-0.15033071957638078,-0.13587777435959694,0.6061744093894958,0.11779441684484482,0.27603116631507874
2025-12,2025-11,广州,https://www.stats.gov.cn/sj/zxfb/202512/t20251215_1962069.html,-0.6,https://www.stats.gov.cn/sj/zxfb/202601/t20260119_1962319.html,-0.4676483194753191,-0.49491124948413184,-0.45177125930786133,-0.5330340266227722,-0.6195595264434814,-0.4375235438346863,-0.4421335458755493,-0.4688046300562321,-0.5,-0.5035267532766743,-0.5006128855596681,0.8204718828201294,0.0702853798866272,0.10924281179904938
2025-12,2025-11,徐州,https://www.stats.gov.cn/sj/zxfb/202512/t20251215_1962069.html,-0.4,https://www.stats.gov.cn/sj/zxfb/202601/t20260119_1962319.html,-0.5623706853424302,-0.5892719918423517,-0.5677419304847717,-0.626571774482727,-0.7564703822135925,-0.5630885362625122,-0.6028434634208679,-0.5635269959233431,-0.800000011920929,-0.612634097112926,-0.6633662607756664,0.871609091758728,0.04762823507189751,0.08076263964176178
2025-12,2025-11,惠州,https://www.stats.gov.cn/sj/zxfb/202512/t20251215_1962069.html,-0.5,https://www.stats.gov.cn/sj/zxfb/202601/t20260119_1962319.html,-0.4896682995537803,-0.4815624216281579,-0.3178032636642456,-0.45443859696388245,-0.41251692175865173,-0.36507129669189453,-0.4369325637817383,-0.49082461013469325,-0.800000011920929,-0.4950113665029471,-0.5817544063398349,0.8051565289497375,0.06626391410827637,0.12857964634895325
2025-12,2025-11,成都,https://www.stats.gov.cn/sj/zxfb/202512/t20251215_1962069.html,-0.7,https://www.stats.gov.cn/sj/zxfb/202601/t20260119_1962319.html,-0.37380308537922624,-0.3945005266956687,-0.4153134822845459,-0.4999569058418274,-0.6446254253387451,-0.45955753326416016,-0.5015283823013306,-0.3749593959601392,-0.699999988079071,-0.46182621847566824,-0.5249720966270125,0.8191472887992859,0.0621277317404747,0.11872503906488419
2025-12,2025-11,扬州,https://www.stats.gov.cn/sj/zxfb/202512/t20251215_1962069.html,0.0,https://www.stats.gov.cn/sj/zxfb/202601/t20260119_1962319.html,-0.26297692955754465,-0.3014846292526761,-0.23622505366802216,-0.30745574831962585,-0.16642095148563385,-0.2691560685634613,-0.27627483010292053,-0.2641332401384576,0.10000000149011612,-0.2594390011552322,-0.15719632898932245,0.755851149559021,0.06758788228034973,0.1765609234571457
2025-12,2025-11,无锡,https://www.stats.gov.cn/sj/zxfb/202512/t20251215_1962069.html,-0.2,https://www.stats.gov.cn/sj/zxfb/202601/t20260119_1962319.html,-0.5130097683895523,-0.5246818904480045,-0.47454309463500977,-0.5682128071784973,-0.5852858424186707,-0.5205748677253723,-0.6830533146858215,-0.5141660789704652,-1.0,-0.576928915915304,-0.6941262953829875,0.8702839016914368,0.04951843246817589,0.08019769191741943
2025-12,2025-11,昆明,https://www.stats.gov.cn/sj/zxfb/202512/t20251215_1962069.html,-0.6,https://www.stats.gov.cn/sj/zxfb/202601/t20260119_1962319.html,-0.565426125316302,-0.5856947517281591,-0.46873465180397034,-0.5171393156051636,-0.705318033695221,-0.48274391889572144,-0.6492746472358704,-0.5665824358972149,-0.8999999761581421,-0.5659429153692156,-0.6612405758868402,0.8677248954772949,0.05037118121981621,0.0819038599729538
2025-12,2025-11,杭州,https://www.stats.gov.cn/sj/zxfb/202512/t20251215_1962069.html,-0.3,https://www.stats.gov.cn/sj/zxfb/202601/t20260119_1962319.html,-0.06982559958662612,-0.06224907032596492,-0.024618739262223244,-0.16851162910461426,-0.24711014330387115,-0.03345905616879463,-0.20488949120044708,-0.0709819101675391,-0.20000000298023224,-0.12966567899042447,-0.14649784741746186,0.47916489839553833,0.10805772244930267,0.4127773642539978
2025-12,2025-11,桂林,https://www.stats.gov.cn/sj/zxfb/202512/t20251215_1962069.html,-0.8,https://www.stats.gov.cn/sj/zxfb/202601/t20260119_1962319.html,-0.4412407648849126,-0.45771276073102185,-0.3928164541721344,-0.4502840042114258,-0.5121718049049377,-0.39772921800613403,-0.6001707315444946,-0.4423970754658256,-0.800000011920929,-0.4724828447308497,-0.5642270305327267,0.8021458387374878,0.07683620601892471,0.1210179552435875
2025-12,2025-11,武汉,https://www.stats.gov.cn/sj/zxfb/202512/t20251215_1962069.html,0.0,https://www.stats.gov.cn/sj/zxfb/202601/t20260119_1962319.html,-0.4239061434672693,-0.4362680753555521,-0.3904475271701813,-0.47266680002212524,-0.5078790783882141,-0.37894368171691895,-0.4430871903896332,-0.42506245404818227,-0.5,-0.45457929569006417,-0.46590975135676915,0.7613187432289124,0.09125952422618866,0.147421732544899
2025-12,2025-11,沈阳,https://www.stats.gov.cn/sj/zxfb/202512/t20251215_1962069.html,-0.3,https://www.stats.gov.cn/sj/zxfb/202601/t20260119_1962319.html,-0.04870794606871001,-0.05121449269191162,0.06011996790766716,-0.011508278548717499,-0.020222298800945282,0.03191681578755379,-0.010818238370120525,-0.04986425664962299,0.10000000149011612,-0.019550218862592818,0.012875822097258544,0.34168559312820435,0.0994492620229721,0.5588651895523071
2025-12,2025-11,泉州,https://www.stats.gov.cn/sj/zxfb/202512/t20251215_1962069.html,-0.4,https://www.stats.gov.cn/sj/zxfb/202601/t20260119_1962319.html,-0.2730013511558838,-0.2895304202911712,-0.2640502154827118,-0.3462056517601013,-0.405597060918808,-0.24178767204284668,-0.31736934185028076,-0.2741576617367968,-0.30000001192092896,-0.3124385858080102,-0.3067877751392757,0.6622346043586731,0.12645074725151062,0.21131464838981628
2025-12,2025-11,泸州,https://www.stats.gov.cn/sj/zxfb/202512/t20251215_1962069.html,-0.9,https://www.stats.gov.cn/sj/zxfb/202601/t20260119_1962319.html,-0.5208928390507463,-0.5397739817380679,-0.45791199803352356,-0.5592564344406128,-0.5965771079063416,-0.49034324288368225,-0.5970328450202942,-0.5220491496316593,-0.699999988079071,-0.5538329931792549,-0.5937685240504477,0.8148552775382996,0.07425112277269363,0.11089364439249039
2025-12,2025-11,洛阳,https://www.stats.gov.cn/sj/zxfb/202512/t20251215_1962069.html,-0.7,https://www.stats.gov.cn/sj/zxfb/202601/t20260119_1962319.html,-0.4029337782328534,-0.4202888983207153,-0.33465376496315,-0.4597352147102356,-0.45645710825920105,-0.38096877932548523,-0.4978902339935303,-0.4040900888137664,-0.6000000238418579,-0.44649856155168316,-0.48794177578861997,0.7621538043022156,0.09992270916700363,0.13792350888252258
2025-12,2025-11,济南,https://www.stats.gov.cn/sj/zxfb/202512/t20251215_1962069.html,-0.2,https://www.stats.gov.cn/sj/zxfb/202601/t20260119_1962319.html,-0.27195077308271226,-0.2886967099069443,-0.28967350721359253,-0.3843374252319336,-0.40975165367126465,-0.32893913984298706,-0.35877156257629395,-0.27310708366362524,-0.4000000059604645,-0.3385565333220857,-0.3524815049520078,0.7404183745384216,0.1091819778084755,0.15039964020252228
2025-12,2025-11,济宁,https://www.stats.gov.cn/sj/zxfb/202512/t20251215_1962069.html,-0.6,https://www.stats.gov.cn/sj/zxfb/202601/t20260119_1962319.html,-0.455130480949204,-0.4456720352952503,-0.3948841989040375,-0.4798947870731354,-0.484262615442276,-0.3871689736843109,-0.5578165054321289,-0.456286791530117,-0.699999988079071,-0.48600107212876253,-0.5453938555607745,0.7879804372787476,0.07191061973571777,0.14010892808437347
2025-12,2025-11,海口,https://www.stats.gov.cn/sj/zxfb/202512/t20251215_1962069.html,-0.6,https://www.stats.gov.cn/sj/zxfb/202601/t20260119_1962319.html,-0.37166505914954634,-0.4005819240071915,-0.3722282350063324,-0.48274803161621094,-0.4687776565551758,-0.42007288336753845,-0.4609999656677246,-0.3728213697304593,-0.699999988079071,-0.45223128749418967,-0.5185231298085804,0.8797942996025085,0.04796215519309044,0.07224345952272415
2025-12,2025-11,深圳,https://www.stats.gov.cn/sj/zxfb/202512/t20251215_1962069.html,-0.5,https://www.stats.gov.cn/sj/zxfb/202601/t20260119_1962319.html,-0.5649249468981996,-0.5882230075309193,-0.49311092495918274,-0.5537659525871277,-0.6250041127204895,-0.5376073122024536,-0.6791477203369141,-0.5660812574791125,-0.8999999761581421,-0.5842332425382486,-0.6732823954081274,0.8950241804122925,0.03748413547873497,0.06749163568019867
2025-12,2025-11,温州,https://www.stats.gov.cn/sj/zxfb/202512/t20251215_1962069.html,-0.3,https://www.stats.gov.cn/sj/zxfb/202601/t20260119_1962319.html,-0.49228558488852886,-0.5188536355183196,-0.4206615388393402,-0.5180431604385376,-0.5554735064506531,-0.4404555857181549,-0.460125207901001,-0.49344189546944184,-0.5,-0.5063477787536454,-0.5038283519693265,0.8210965394973755,0.06674115359783173,0.11216229200363159
2025-12,2025-11,湛江,https://www.stats.gov.cn/sj/zxfb/202512/t20251215_1962069.html,-0.8,https://www.stats.gov.cn/sj/zxfb/202601/t20260119_1962319.html,-0.4437633587710505,-0.45545984802607664,-0.38735973834991455,-0.4811992049217224,-0.4272212088108063,-0.37887418270111084,-0.5231602787971497,-0.4449196693519635,-0.4000000059604645,-0.45996736673527894,-0.4420396267447168,0.7734794616699219,0.08629966527223587,0.14022085070610046
2025-12,2025-11,烟台,https://www.stats.gov.cn/sj/zxfb/202512/t20251215_1962069.html,-0.3,https://www.stats.gov.cn/sj/zxfb/202601/t20260119_1962319.html,-0.4195251165567823,-0.42679627134162723,-0.44086146354675293,-0.5098785161972046,-0.593526303768158,-0.4227733016014099,-0.457864910364151,-0.4206814271376953,-0.6000000238418579,-0.47882748553605553,-0.510186655725586,0.7844393849372864,0.0778828114271164,0.13767781853675842
2025-12,2025-11,牡丹江,https://www.stats.gov.cn/sj/zxfb/202512/t20251215_1962069.html,0.0,https://www.stats.gov.cn/sj/zxfb/202601/t20260119_1962319.html,-0.20756205095235059,-0.22280442438103615,-0.1160534992814064,-0.21189157664775848,-0.2556591331958771,-0.11729653924703598,-0.20137113332748413,-0.20871836153326356,-0.20000000298023224,-0.20968493470571625,-0.20686998038708473,0.6149702668190002,0.12334688007831573,0.2616828382015228
2025-12,2025-11,石家庄,https://www.stats.gov.cn/sj/zxfb/202512/t20251215_1962069.html,-0.2,https://www.stats.gov.cn/sj/zxfb/202601/t20260119_1962319.html,-0.34239257519872907,-0.35271933802636823,-0.27488353848457336,-0.3779049813747406,-0.3760537803173065,-0.3127550482749939,-0.4262787401676178,-0.34354888577964204,-0.5,-0.3723231835398548,-0.40715128905146086,0.7600263953208923,0.07967732101678848,0.1602962762117386
2025-12,2025-11,福州,https://www.stats.gov.cn/sj/zxfb/202512/t20251215_1962069.html,-0.8,https://www.stats.gov.cn/sj/zxfb/202601/t20260119_1962319.html,-0.39772866771102416,-0.4145501348706657,-0.3649216592311859,-0.4116131663322449,-0.5067605376243591,-0.332754909992218,-0.4274176061153412,-0.39888497829193714,-0.6000000238418579,-0.4199941067884373,-0.4701660561553466,0.766852080821991,0.0864376574754715,0.14671021699905396
2025-12,2025-11,秦皇岛,https://www.stats.gov.cn/sj/zxfb/202512/t20251215_1962069.html,-0.6,https://www.stats.gov.cn/sj/zxfb/202601/t20260119_1962319.html,-0.3461899060018713,-0.3544576659913408,-0.30702897906303406,-0.35486292839050293,-0.4640946388244629,-0.29619669914245605,-0.3844906985759735,-0.34734621658278425,-0.4000000059604645,-0.3549864874555645,-0.3674030503112506,0.6718236207962036,0.12754599750041962,0.2006303369998932
2025-12,2025-11,蚌埠,https://www.stats.gov.cn/sj/zxfb/202512/t20251215_1962069.html,-0.3,https://www.stats.gov.cn/sj/zxfb/202601/t20260119_1962319.html,-0.19337854970829482,-0.20639354293164486,-0.16256509721279144,-0.21042072772979736,-0.2209835797548294,-0.16569223999977112,-0.14386890828609467,-0.1945348602892078,-0.10000000149011612,-0.19565934826366127,-0.16831852983637377,0.5343700647354126,0.1439618170261383,0.3216681480407715
2025-12,2025-11,襄阳,https://www.stats.gov.cn/sj/zxfb/202512/t20251215_1962069.html,-0.4,https://www.stats.gov.cn/sj/zxfb/202601/t20260119_1962319.html,-0.17877166827737453,-0.22246824099651114,-0.20370642840862274,-0.24671587347984314,0.015718841925263405,-0.1698087453842163,-0.2252514362335205,-0.1799279788582875,0.30000001192092896,-0.1786352061060581,-0.042214613472400554,0.6171742081642151,0.08321727812290192,0.2996085584163666
2025-12,2025-11,西宁,https://www.stats.gov.cn/sj/zxfb/202512/t20251215_1962069.html,-0.3,https://www.stats.gov.cn/sj/zxfb/202601/t20260119_1962319.html,-0.33908833011779466,-0.3528448203487198,-0.20492398738861084,-0.36001983284950256,-0.4420187771320343,-0.22067871689796448,-0.33093783259391785,-0.34024464069870763,-0.5,-0.3618946499250628,-0.4000881578494034,0.7486096620559692,0.09193134307861328,0.15945903956890106
2025-12,2025-11,西安,https://www.stats.gov.cn/sj/zxfb/202512/t20251215_1962069.html,-0.5,https://www.stats.gov.cn/sj/zxfb/202601/t20260119_1962319.html,-0.33970516259896094,-0.3629621680292466,-0.47036072611808777,-0.4853297173976898,-0.4742903411388397,-0.4353578984737396,-0.4229762554168701,-0.3408614731798739,-0.4000000059604645,-0.4181554299099943,-0.40873039884600937,0.8082841038703918,0.0700061172246933,0.12170982360839844
2025-12,2025-11,贵阳,https://www.stats.gov.cn/sj/zxfb/202512/t20251215_1962069.html,-0.3,https://www.stats.gov.cn/sj/zxfb/202601/t20260119_1962319.html,-0.12063913030369361,-0.14184258596895397,-0.1643533557653427,-0.21021227538585663,-0.04701777920126915,-0.15477630496025085,-0.0667625144124031,-0.12179544088460659,0.20000000298023224,-0.14297063805818674,-0.04400257109674366,0.554165244102478,0.11601700633764267,0.3298177421092987
2025-12,2025-11,赣州,https://www.stats.gov.cn/sj/zxfb/202512/t20251215_1962069.html,-0.7,https://www.stats.gov.cn/sj/zxfb/202601/t20260119_1962319.html,-0.3153086779047796,-0.31327546472482215,-0.30107513070106506,-0.3593342900276184,-0.32285991311073303,-0.2704790532588959,-0.36485469341278076,-0.3164649884856926,-0.30000001192092896,-0.3369184027473836,-0.32526643014474665,0.7339425683021545,0.07630439102649689,0.18975302577018738
2025-12,2025-11,遵义,https://www.stats.gov.cn/sj/zxfb/202512/t20251215_1962069.html,-0.2,https://www.stats.gov.cn/sj/zxfb/202601/t20260119_1962319.html,-0.24438142369872476,-0.2628548995633626,-0.22773103415966034,-0.31871840357780457,-0.357600599527359,-0.25688064098358154,-0.29850277304649353,-0.24553773427963774,-0.30000001192092896,-0.2864798171196803,-0.2880853832594571,0.6633036136627197,0.11940475553274155,0.21729163825511932
2025-12,2025-11,郑州,https://www.stats.gov.cn/sj/zxfb/202512/t20251215_1962069.html,-0.9,https://www.stats.gov.cn/sj/zxfb/202601/t20260119_1962319.html,-0.4429831811386195,-0.46290022889254834,-0.3924865424633026,-0.49224454164505005,-0.5645150542259216,-0.41034168004989624,-0.5321521759033203,-0.4441394917195325,-0.6000000238418579,-0.47981589567496463,-0.5121280190688134,0.8121362924575806,0.06272929906845093,0.12513448297977448
2025-12,2025-11,重庆,https://www.stats.gov.cn/sj/zxfb/202512/t20251215_1962069.html,-0.3,https://www.stats.gov.cn/sj/zxfb/202601/t20260119_1962319.html,-0.13026141724405702,-0.1510181752877741,-0.08611278980970383,-0.18109211325645447,-0.16871042549610138,-0.08994698524475098,-0.09603450447320938,-0.13141772782497,0.10000000149011612,-0.13961911955245143,-0.07083661319710277,0.5781017541885376,0.10691392421722412,0.3149843215942383
2025-12,2025-11,金华,https://www.stats.gov.cn/sj/zxfb/202512/t20251215_1962069.html,-0.7,https://www.stats.gov.cn/sj/zxfb/202601/t20260119_1962319.html,-0.423414367222049,-0.44476701837950716,-0.3781262934207916,-0.46452227234840393,-0.504345715045929,-0.3829934597015381,-0.414608359336853,-0.424570677802962,-0.4000000059604645,-0.44295858618357864,-0.4296976520372768,0.7670210003852844,0.0996779352426529,0.1333010494709015
2025-12,2025-11,银川,https://www.stats.gov.cn/sj/zxfb/202512/t20251215_1962069.html,-0.2,https://www.stats.gov.cn/sj/zxfb/202601/t20260119_1962319.html,-0.1966081888455079,-0.22291523137497002,-0.25951433181762695,-0.2958069145679474,-0.21412263810634613,-0.27468782663345337,-0.15838174521923065,-0.19776449942642088,0.0,-0.23285512802539843,-0.1645238046647894,0.6138442754745483,0.11126011610031128,0.2748956084251404
2025-12,2025-11,锦州,https://www.stats.gov.cn/sj/zxfb/202512/t20251215_1962069.html,-0.2,https://www.stats.gov.cn/sj/zxfb/202601/t20260119_1962319.html,-0.16659816445921077,-0.175916166153225,-0.1378396451473236,-0.1834305226802826,-0.24038730561733246,-0.12008450925350189,-0.13334684073925018,-0.16775447504012375,-0.10000000149011612,-0.17072769563451465,-0.1503949997368408,0.5102617740631104,0.12845858931541443,0.3612796366214752
2025-12,2025-11,长春,https://www.stats.gov.cn/sj/zxfb/202512/t20251215_1962069.html,0.2,https://www.stats.gov.cn/sj/zxfb/202601/t20260119_1962319.html,-0.2302392099835125,-0.26027182072537214,-0.1577043980360031,-0.23014125227928162,-0.35419443249702454,-0.17985114455223083,-0.2567681074142456,-0.23139552056442547,-0.4000000059604645,-0.24306851135802265,-0.2871789262680572,0.5493794679641724,0.160657599568367,0.28996288776397705
2025-12,2025-11,长沙,https://www.stats.gov.cn/sj/zxfb/202512/t20251215_1962069.html,-0.4,https://www.stats.gov.cn/sj/zxfb/202601/t20260119_1962319.html,-0.41910343710670195,-0.4281806176709462,-0.49786102771759033,-0.575905442237854,-0.49945154786109924,-0.4926510453224182,-0.4956972897052765,-0.4202597476876149,-0.800000011920929,-0.5266009157456285,-0.5987217339487992,0.8021051287651062,0.07599548995494843,0.12189944833517075
2025-12,2025-11,青岛,https://www.stats.gov.cn/sj/zxfb/202512/t20251215_1962069.html,-0.5,https://www.stats.gov.cn/sj/zxfb/202601/t20260119_1962319.html,-0.24657084384118239,-0.2555854765612765,-0.2723991572856903,-0.3368600904941559,-0.35133472084999084,-0.2625372111797333,-0.2585509121417999,-0.24772715442209536,-0.20000000298023224,-0.289268553232487,-0.2615290826321612,0.6556814312934875,0.10398606956005096,0.24033255875110626
2025-12,2025-11,韶关,https://www.stats.gov.cn/sj/zxfb/202512/t20251215_1962069.html,0.1,https://www.stats.gov.cn/sj/zxfb/202601/t20260119_1962319.html,-0.1390770675413484,-0.14967080974196958,-0.018980761989951134,-0.09854055941104889,-0.17324848473072052,-0.048413969576358795,-0.13242107629776,-0.1402333781222614,-0.10000000149011612,-0.11623579936658351,-0.11292464634114213,0.47783002257347107,0.1426277458667755,0.37954220175743103
2026-01,2025-12,三亚,https://www.stats.gov.cn/sj/zxfb/202601/t20260119_1962319.html,0.0,https://www.stats.gov.cn/sj/zxfb/202602/t20260213_1962617.html,-0.17475202576554025,-0.18034310873157525,-0.2301933318376541,-0.20608560740947723,-0.13317106664180756,-0.1624152660369873,-0.14312955737113953,-0.1637008978104723,0.10000000149011612,-0.17339510252108237,-0.08992883457661115,0.6133092045783997,0.11578323692083359,0.27090758085250854
2026-01,2025-12,上海,https://www.stats.gov.cn/sj/zxfb/202601/t20260119_1962319.html,0.0,https://www.stats.gov.cn/sj/zxfb/202602/t20260213_1962617.html,0.08190212671293982,0.10683681399236226,0.12209343910217285,0.11327798664569855,0.10146689414978027,0.13618233799934387,0.17459845542907715,0.09295325466800775,0.20000000298023224,0.1078156400678102,0.1354104147646462,0.2845795154571533,0.10278411954641342,0.612636387348175
2026-01,2025-12,丹东,https://www.stats.gov.cn/sj/zxfb/202601/t20260119_1962319.html,-0.2,https://www.stats.gov.cn/sj/zxfb/202602/t20260213_1962617.html,-0.2148104838256301,-0.19275098662572068,-0.18438231945037842,-0.18869507312774658,-0.14538545906543732,-0.1901153028011322,-0.0920572504401207,-0.20375935587056215,0.0,-0.18730134051584307,-0.13081814299943625,0.5426307916641235,0.14940102398395538,0.3079681992530823
2026-01,2025-12,乌鲁木齐,https://www.stats.gov.cn/sj/zxfb/202601/t20260119_1962319.html,-0.4,https://www.stats.gov.cn/sj/zxfb/202602/t20260213_1962617.html,-0.16655118132994542,-0.13398679360553659,-0.10251238197088242,-0.1545988768339157,-0.1503065824508667,-0.12317793071269989,-0.16913408041000366,-0.1555000533748775,-0.20000000298023224,-0.15699520314632354,-0.17003297772967516,0.49672985076904297,0.13180458545684814,0.3714655637741089
2026-01,2025-12,九江,https://www.stats.gov.cn/sj/zxfb/202601/t20260119_1962319.html,-0.3,https://www.stats.gov.cn/sj/zxfb/202602/t20260213_1962617.html,-0.41574572372602836,-0.4027804486060782,-0.42616358399391174,-0.4258010983467102,-0.31888148188591003,-0.3927788734436035,-0.4058220684528351,-0.40469459577096045,-0.20000000298023224,-0.40631234814396555,-0.343498565699301,0.8000634908676147,0.06508585065603256,0.13485071063041687
2026-01,2025-12,兰州,https://www.stats.gov.cn/sj/zxfb/202601/t20260119_1962319.html,-0.5,https://www.stats.gov.cn/sj/zxfb/202602/t20260213_1962617.html,-0.49309188480244354,-0.47477483602766246,-0.49324795603752136,-0.5277477502822876,-0.6678125262260437,-0.49740371108055115,-0.6006467342376709,-0.48204075684737563,-0.800000011920929,-0.5188419642435018,-0.6032628396835308,0.7970457077026367,0.07697777450084686,0.1259765625
2026-01,2025-12,包头,https://www.stats.gov.cn/sj/zxfb/202601/t20260119_1962319.html,-0.6,https://www.stats.gov.cn/sj/zxfb/202602/t20260213_1962617.html,-0.6369457079222284,-0.6224256268772014,-0.5689232349395752,-0.5659682154655457,-0.5555798411369324,-0.6012095212936401,-0.7641348242759705,-0.6258945799671605,-1.0,-0.6122436922017656,-0.7306209318109019,0.8898304104804993,0.04073691740632057,0.06943266093730927
2026-01,2025-12,北京,https://www.stats.gov.cn/sj/zxfb/202601/t20260119_1962319.html,-0.3,https://www.stats.gov.cn/sj/zxfb/202602/t20260213_1962617.html,-0.35553366483927584,-0.35517899694741384,-0.46950340270996094,-0.4856916069984436,-0.45190873742103577,-0.4472286105155945,-0.37686339020729065,-0.34448253688420793,-0.4000000059604645,-0.41763765004757386,-0.41005804994770534,0.7147059440612793,0.10530152171850204,0.17999252676963806
2026-01,2025-12,北海,https://www.stats.gov.cn/sj/zxfb/202601/t20260119_1962319.html,-0.3,https://www.stats.gov.cn/sj/zxfb/202602/t20260213_1962617.html,-0.5540242303866444,-0.5415996663952459,-0.4964636266231537,-0.5410722494125366,-0.5031562447547913,-0.49714335799217224,-0.575710117816925,-0.5429731024315765,-0.699999988079071,-0.5488897042878621,-0.5946817799743948,0.8208612203598022,0.07506197690963745,0.10407678037881851
2026-01,2025-12,南京,https://www.stats.gov.cn/sj/zxfb/202601/t20260119_1962319.html,-0.4,https://www.stats.gov.cn/sj/zxfb/202602/t20260213_1962617.html,-0.21582769944492264,-0.21930893634664925,-0.2499976009130478,-0.29927200078964233,-0.10221821069717407,-0.25754326581954956,-0.26567527651786804,-0.2047765714898547,0.0,-0.24314867560470121,-0.16801619075983235,0.6630986928939819,0.12634707987308502,0.21055419743061066
2026-01,2025-12,南充,https://www.stats.gov.cn/sj/zxfb/202601/t20260119_1962319.html,0.1,https://www.stats.gov.cn/sj/zxfb/202602/t20260213_1962617.html,-0.3665850979233316,-0.3727278562421332,-0.36005648970603943,-0.40996113419532776,-0.5182377696037292,-0.3929540514945984,-0.4459426701068878,-0.3555339699682637,-0.5,-0.38911386157407213,-0.42183170138786386,0.757932186126709,0.10110636800527573,0.14096149802207947
2026-01,2025-12,南宁,https://www.stats.gov.cn/sj/zxfb/202601/t20260119_1962319.html,-0.8,https://www.stats.gov.cn/sj/zxfb/202602/t20260213_1962617.html,-0.3800018214287817,-0.36616641068903055,-0.32506486773490906,-0.38854798674583435,-0.23933501541614532,-0.3357858657836914,-0.376418799161911,-0.3689506934737138,-0.20000000298023224,-0.3713760461930936,-0.31916622773326014,0.7376969456672668,0.0973651260137558,0.16493792831897736
2026-01,2025-12,南昌,https://www.stats.gov.cn/sj/zxfb/202601/t20260119_1962319.html,-0.5,https://www.stats.gov.cn/sj/zxfb/202602/t20260213_1962617.html,-0.27640696036404255,-0.28263165134132046,-0.3539835512638092,-0.36233508586883545,-0.38961878418922424,-0.3653372824192047,-0.37724629044532776,-0.26535583240897465,-0.4000000059604645,-0.3198189442598037,-0.3425636414127582,0.6848878264427185,0.13129708170890808,0.1838151216506958
2026-01,2025-12,厦门,https://www.stats.gov.cn/sj/zxfb/202601/t20260119_1962319.html,0.1,https://www.stats.gov.cn/sj/zxfb/202602/t20260213_1962617.html,-0.45185526348697325,-0.43411701742998676,-0.4828404188156128,-0.5241138339042664,-0.5274086594581604,-0.49738845229148865,-0.4909977912902832,-0.44080413553190534,-0.5,-0.485120385918709,-0.4883059898120572,0.7582644820213318,0.10135185718536377,0.14038363099098206
2026-01,2025-12,合肥,https://www.stats.gov.cn/sj/zxfb/202601/t20260119_1962319.html,0.1,https://www.stats.gov.cn/sj/zxfb/202602/t20260213_1962617.html,-0.1049362734452955,-0.08988209956957961,-0.03568146750330925,-0.057350508868694305,-0.02712763287127018,-0.04331376403570175,-0.03234412893652916,-0.09388514549022758,0.0,-0.07147950280617617,-0.050411884786307294,0.43860068917274475,0.14212572574615479,0.4192735552787781
2026-01,2025-12,吉林,https://www.stats.gov.cn/sj/zxfb/202601/t20260119_1962319.html,-0.1,https://www.stats.gov.cn/sj/zxfb/202602/t20260213_1962617.html,-0.1517221313283217,-0.147876078334862,-0.2398700714111328,-0.21144874393939972,-0.15174366533756256,-0.18729917705059052,-0.13136553764343262,-0.14067100337325378,0.10000000149011612,-0.16559365477395827,-0.08403991527417913,0.5370410680770874,0.14270004630088806,0.3202589452266693
2026-01,2025-12,呼和浩特,https://www.stats.gov.cn/sj/zxfb/202601/t20260119_1962319.html,-0.7,https://www.stats.gov.cn/sj/zxfb/202602/t20260213_1962617.html,-0.33858185876543134,-0.3214344117868588,-0.3357490301132202,-0.3747917711734772,-0.4046792984008789,-0.3562704622745514,-0.39150628447532654,-0.32753073081036344,-0.5,-0.3587462805960384,-0.40077416732794685,0.687980055809021,0.12715812027454376,0.18486182391643524
2026-01,2025-12,哈尔滨,https://www.stats.gov.cn/sj/zxfb/202601/t20260119_1962319.html,-0.1,https://www.stats.gov.cn/sj/zxfb/202602/t20260213_1962617.html,-0.39920147212837326,-0.39067429781536994,-0.4064979553222656,-0.4235573709011078,-0.43602147698402405,-0.39276641607284546,-0.41333821415901184,-0.38815034417330535,-0.5,-0.4107770105216836,-0.4372359050248044,0.759659469127655,0.10270421206951141,0.13763633370399475
2026-01,2025-12,唐山,https://www.stats.gov.cn/sj/zxfb/202601/t20260119_1962319.html,-0.4,https://www.stats.gov.cn/sj/zxfb/202602/t20260213_1962617.html,-0.48478570405792765,-0.4791573604463723,-0.5167844891548157,-0.5288136601448059,-0.46945473551750183,-0.5331696271896362,-0.6176446080207825,-0.47373457610285974,-0.699999988079071,-0.5112190612719162,-0.5675160747755789,0.8315244913101196,0.07265160977840424,0.09582388401031494
2026-01,2025-12,大理,https://www.stats.gov.cn/sj/zxfb/202601/t20260119_1962319.html,0.0,https://www.stats.gov.cn/sj/zxfb/202602/t20260213_1962617.html,-0.35091282412317826,-0.34068742396256346,-0.3773256838321686,-0.40319281816482544,-0.3357212245464325,-0.37624382972717285,-0.29293718934059143,-0.33986169616811035,-0.20000000298023224,-0.3654642001260912,-0.31435150577105603,0.7311064600944519,0.0952398031949997,0.1736537367105484
2026-01,2025-12,大连,https://www.stats.gov.cn/sj/zxfb/202601/t20260119_1962319.html,0.2,https://www.stats.gov.cn/sj/zxfb/202602/t20260213_1962617.html,-0.27587148206399426,-0.24195127841385194,-0.23795537650585175,-0.26911309361457825,-0.25223731994628906,-0.2545538544654846,-0.26142123341560364,-0.26482035410892635,-0.20000000298023224,-0.2641350638800318,-0.24464448356791227,0.5898797512054443,0.14853522181510925,0.261584997177124
2026-01,2025-12,天津,https://www.stats.gov.cn/sj/zxfb/202601/t20260119_1962319.html,-0.8,https://www.stats.gov.cn/sj/zxfb/202602/t20260213_1962617.html,-0.41237412933498047,-0.4019150388957681,-0.3694155216217041,-0.42540258169174194,-0.4083777964115143,-0.4439663887023926,-0.47078076004981995,-0.40132300137991256,-0.6000000238418579,-0.4220741513706582,-0.4755752023045041,0.7760540246963501,0.08795475959777832,0.13599126040935516
2026-01,2025-12,太原,https://www.stats.gov.cn/sj/zxfb/202601/t20260119_1962319.html,-0.1,https://www.stats.gov.cn/sj/zxfb/202602/t20260213_1962617.html,-0.23773650534676266,-0.2433198221190891,-0.3183174431324005,-0.2744743525981903,-0.2602277994155884,-0.29243186116218567,-0.24175135791301727,-0.22668537739169473,-0.20000000298023224,-0.24945392576357356,-0.23371991099003908,0.671576976776123,0.12168750911951065,0.20673546195030212
2026-01,2025-12,宁波,https://www.stats.gov.cn/sj/zxfb/202601/t20260119_1962319.html,-0.2,https://www.stats.gov.cn/sj/zxfb/202602/t20260213_1962617.html,-0.22784962605378586,-0.18403565405278396,-0.2426820993423462,-0.21961280703544617,-0.2972593605518341,-0.18767786026000977,-0.24034957587718964,-0.21679849809871793,-0.10000000149011612,-0.2130990850567921,-0.17880376887476004,0.5975826978683472,0.10565708577632904,0.296760231256485
2026-01,2025-12,安庆,https://www.stats.gov.cn/sj/zxfb/202601/t20260119_1962319.html,-0.3,https://www.stats.gov.cn/sj/zxfb/202602/t20260213_1962617.html,-0.2655213117213408,-0.24177008284473672,-0.233628511428833,-0.25503766536712646,-0.2045731395483017,-0.23054461181163788,-0.23916594684123993,-0.2544701837662729,-0.20000000298023224,-0.25237177990719345,-0.2365026173712105,0.5978808403015137,0.15359807014465332,0.2485211193561554
2026-01,2025-12,宜昌,https://www.stats.gov.cn/sj/zxfb/202601/t20260119_1962319.html,-0.5,https://www.stats.gov.cn/sj/zxfb/202602/t20260213_1962617.html,-0.1646333579568612,-0.15328831438767282,-0.08407143503427505,-0.0791679322719574,-0.02926689386367798,-0.09544844180345535,-0.07095319777727127,-0.15358223000179327,0.10000000149011612,-0.10521852217247532,-0.04425005359454485,0.507914125919342,0.14944002032279968,0.3426458239555359
2026-01,2025-12,岳阳,https://www.stats.gov.cn/sj/zxfb/202601/t20260119_1962319.html,-0.4,https://www.stats.gov.cn/sj/zxfb/202602/t20260213_1962617.html,-0.40938179312219,-0.40728041741098464,-0.37923797965049744,-0.4262374937534332,-0.4124804437160492,-0.4068658947944641,-0.3429934084415436,-0.39833066516712207,-0.30000001192092896,-0.4080070352273373,-0.37485605694716145,0.7578996419906616,0.1013505607843399,0.14074985682964325
2026-01,2025-12,常德,https://www.stats.gov.cn/sj/zxfb/202601/t20260119_1962319.html,-0.5,https://www.stats.gov.cn/sj/zxfb/202602/t20260213_1962617.html,-0.5355570941101991,-0.522139833894211,-0.5237371325492859,-0.5388764142990112,-0.43804407119750977,-0.5423410534858704,-0.4813877046108246,-0.5245059661551312,-0.6000000238418579,-0.5350058814878649,-0.5544608014320002,0.8146301507949829,0.08508159965276718,0.1002882868051529
2026-01,2025-12,平顶山,https://www.stats.gov.cn/sj/zxfb/202601/t20260119_1962319.html,-0.3,https://www.stats.gov.cn/sj/zxfb/202602/t20260213_1962617.html,-0.31846047010266226,-0.2942239018040089,-0.33006182312965393,-0.3864748477935791,-0.3816896378993988,-0.3683377206325531,-0.401053786277771,-0.30740934214759436,-0.5,-0.3554347824367585,-0.3979613966470578,0.693956732749939,0.10683748871088028,0.19920580089092255
2026-01,2025-12,广州,https://www.stats.gov.cn/sj/zxfb/202601/t20260119_1962319.html,-0.6,https://www.stats.gov.cn/sj/zxfb/202602/t20260213_1962617.html,-0.5225001667878493,-0.5208270443585358,-0.5509872436523438,-0.574101448059082,-0.5163576602935791,-0.5797910690307617,-0.5116135478019714,-0.5114490388327814,-0.6000000238418579,-0.5467028302268382,-0.5618501702445737,0.8246544599533081,0.0728788897395134,0.10246659815311432
2026-01,2025-12,徐州,https://www.stats.gov.cn/sj/zxfb/202601/t20260119_1962319.html,-0.9,https://www.stats.gov.cn/sj/zxfb/202602/t20260213_1962617.html,-0.45383053882510477,-0.46360830255694774,-0.4867435395717621,-0.4967775344848633,-0.46265968680381775,-0.4826051592826843,-0.4450174570083618,-0.44277941087003686,-0.4000000059604645,-0.46795391842965606,-0.4465189837717882,0.8053487539291382,0.07748532295227051,0.11716592311859131
2026-01,2025-12,惠州,https://www.stats.gov.cn/sj/zxfb/202601/t20260119_1962319.html,-0.3,https://www.stats.gov.cn/sj/zxfb/202602/t20260213_1962617.html,-0.46642562493645573,-0.4598120394979125,-0.43373361229896545,-0.46295905113220215,-0.3407106399536133,-0.41690802574157715,-0.3960106372833252,-0.4553744969813878,-0.5,-0.46112534339085987,-0.47277784937119666,0.8025475740432739,0.07206539809703827,0.1253870278596878
2026-01,2025-12,成都,https://www.stats.gov.cn/sj/zxfb/202601/t20260119_1962319.html,-0.6,https://www.stats.gov.cn/sj/zxfb/202602/t20260213_1962617.html,-0.4095305165579377,-0.4121129637366026,-0.5122683048248291,-0.5123529434204102,-0.5349749326705933,-0.5397700667381287,-0.5404002666473389,-0.3984793886028698,-0.699999988079071,-0.4687037742218343,-0.5369441067007837,0.838353157043457,0.05517539381980896,0.10647149384021759
2026-01,2025-12,扬州,https://www.stats.gov.cn/sj/zxfb/202601/t20260119_1962319.html,-0.4,https://www.stats.gov.cn/sj/zxfb/202602/t20260213_1962617.html,-0.27169739043524505,-0.26600253510589966,-0.2975214123725891,-0.2968065142631531,-0.1780434101819992,-0.2936221659183502,-0.28002557158470154,-0.26064626248017714,0.0,-0.267356470701579,-0.18581759224777672,0.6790558099746704,0.11415094137191772,0.20679321885108948
2026-01,2025-12,无锡,https://www.stats.gov.cn/sj/zxfb/202601/t20260119_1962319.html,-0.2,https://www.stats.gov.cn/sj/zxfb/202602/t20260213_1962617.html,-0.3525886343483766,-0.34968661566111653,-0.3638816773891449,-0.3918188214302063,-0.2537015974521637,-0.3882588744163513,-0.2888984978199005,-0.3415375063933087,-0.20000000298023224,-0.36053051673954717,-0.3111187769345824,0.7680286765098572,0.08842688798904419,0.14354440569877625
2026-01,2025-12,昆明,https://www.stats.gov.cn/sj/zxfb/202601/t20260119_1962319.html,-0.3,https://www.stats.gov.cn/sj/zxfb/202602/t20260213_1962617.html,-0.5405496009987331,-0.5476147849157366,-0.5058591961860657,-0.5278034210205078,-0.5169997811317444,-0.5333448648452759,-0.5237863063812256,-0.5294984730436652,-0.6000000238418579,-0.5317333608834711,-0.5524339726353437,0.8402484059333801,0.06764371693134308,0.09210792183876038
2026-01,2025-12,杭州,https://www.stats.gov.cn/sj/zxfb/202601/t20260119_1962319.html,-0.3,https://www.stats.gov.cn/sj/zxfb/202602/t20260213_1962617.html,-0.12176555837265206,-0.11932717548520698,-0.20821058750152588,-0.22838716208934784,-0.31233105063438416,-0.22234001755714417,-0.2422446757555008,-0.11071443041758414,-0.30000001192092896,-0.17793230452031486,-0.2130338681426203,0.5075160264968872,0.1422702968120575,0.3502137362957001
2026-01,2025-12,桂林,https://www.stats.gov.cn/sj/zxfb/202601/t20260119_1962319.html,-0.6,https://www.stats.gov.cn/sj/zxfb/202602/t20260213_1962617.html,-0.5531826696651877,-0.5409772370341114,-0.5620779395103455,-0.5901604890823364,-0.5929710268974304,-0.5553059577941895,-0.6402627825737,-0.5421315417101198,-0.800000011920929,-0.5774672423145859,-0.6440973475711284,0.8462162017822266,0.063548244535923,0.09023555368185043
2026-01,2025-12,武汉,https://www.stats.gov.cn/sj/zxfb/202601/t20260119_1962319.html,0.1,https://www.stats.gov.cn/sj/zxfb/202602/t20260213_1962617.html,-0.3570251955284677,-0.34608774412796595,-0.3444974422454834,-0.34267476201057434,-0.2732776701450348,-0.28161922097206116,-0.21403872966766357,-0.34597406757339977,0.0,-0.32918795829001835,-0.2295496098613247,0.728692889213562,0.09386377036571503,0.17744329571723938
2026-01,2025-12,沈阳,https://www.stats.gov.cn/sj/zxfb/202601/t20260119_1962319.html,-0.2,https://www.stats.gov.cn/sj/zxfb/202602/t20260213_1962617.html,-0.20721434365870517,-0.1683618666748938,-0.10503491014242172,-0.18031403422355652,-0.2833113968372345,-0.15523061156272888,-0.2316468209028244,-0.19616321570363723,-0.30000001192092896,-0.19276694767966435,-0.2254924206160409,0.4784925878047943,0.12859351933002472,0.3929138779640198
2026-01,2025-12,泉州,https://www.stats.gov.cn/sj/zxfb/202601/t20260119_1962319.html,-0.4,https://www.stats.gov.cn/sj/zxfb/202602/t20260213_1962617.html,-0.3172874935855609,-0.31869193243383465,-0.3711565434932709,-0.37421736121177673,-0.41258201003074646,-0.3449918031692505,-0.37358903884887695,-0.306236365630493,-0.4000000059604645,-0.3443870709599578,-0.36015124426757805,0.6918104290962219,0.12728670239448547,0.180902898311615
2026-01,2025-12,泸州,https://www.stats.gov.cn/sj/zxfb/202601/t20260119_1962319.html,-0.7,https://www.stats.gov.cn/sj/zxfb/202602/t20260213_1962617.html,-0.6401855599600318,-0.6222313734372623,-0.6246684193611145,-0.6143327951431274,-0.6410679221153259,-0.6270214915275574,-0.71751469373703,-0.6291344320049639,-0.8999999761581421,-0.6335690163457581,-0.7144890677687444,0.8755935430526733,0.04916515573859215,0.0752413347363472
2026-01,2025-12,洛阳,https://www.stats.gov.cn/sj/zxfb/202601/t20260119_1962319.html,-0.5,https://www.stats.gov.cn/sj/zxfb/202602/t20260213_1962617.html,-0.4663767376733301,-0.45400651794705843,-0.49073365330696106,-0.49295178055763245,-0.4875994026660919,-0.5027810335159302,-0.5378280282020569,-0.4553256097182622,-0.699999988079071,-0.48487378849875656,-0.5494257927849886,0.8120062947273254,0.07832406461238861,0.10966961085796356
2026-01,2025-12,济南,https://www.stats.gov.cn/sj/zxfb/202601/t20260119_1962319.html,-0.4,https://www.stats.gov.cn/sj/zxfb/202602/t20260213_1962617.html,-0.2688823248890861,-0.2566257137407709,-0.3438141345977783,-0.33505767583847046,-0.31160327792167664,-0.3604290783405304,-0.2645140588283539,-0.2578311969340182,-0.20000000298023224,-0.2939815768244164,-0.2642962919175736,0.7470604181289673,0.09684793651103973,0.1560916304588318
2026-01,2025-12,济宁,https://www.stats.gov.cn/sj/zxfb/202601/t20260119_1962319.html,-0.7,https://www.stats.gov.cn/sj/zxfb/202602/t20260213_1962617.html,-0.48497327699429216,-0.47964203703785624,-0.5000346302986145,-0.5143670439720154,-0.49174508452415466,-0.4799271523952484,-0.512971818447113,-0.47392214903922425,-0.6000000238418579,-0.4996944777275002,-0.5294297389510325,0.7835127115249634,0.08329784125089645,0.1331893801689148
2026-01,2025-12,海口,https://www.stats.gov.cn/sj/zxfb/202601/t20260119_1962319.html,-0.1,https://www.stats.gov.cn/sj/zxfb/202602/t20260213_1962617.html,-0.4412006400063495,-0.43582116091601597,-0.5753882527351379,-0.5639106035232544,-0.47900351881980896,-0.5541210174560547,-0.47895798087120056,-0.4301495120512816,-0.6000000238418579,-0.5045753518078584,-0.5313533798054646,0.8390548825263977,0.07134506851434708,0.08960004150867462
2026-01,2025-12,深圳,https://www.stats.gov.cn/sj/zxfb/202601/t20260119_1962319.html,-0.4,https://www.stats.gov.cn/sj/zxfb/202602/t20260213_1962617.html,-0.4805421164278424,-0.4746158617343772,-0.4693630039691925,-0.5221149921417236,-0.43975114822387695,-0.49196529388427734,-0.48285984992980957,-0.4694909884727745,-0.5,-0.49718303060504265,-0.497201993538166,0.8002883791923523,0.08009073138237,0.11962094157934189
2026-01,2025-12,温州,https://www.stats.gov.cn/sj/zxfb/202601/t20260119_1962319.html,-0.5,https://www.stats.gov.cn/sj/zxfb/202602/t20260213_1962617.html,-0.4251853285413262,-0.4209798598282566,-0.39341869950294495,-0.43631458282470703,-0.3875786364078522,-0.40286779403686523,-0.3633456230163574,-0.41413420058625827,-0.30000001192092896,-0.42025111616612176,-0.3834829317772981,0.7482115626335144,0.10313154757022858,0.1486569046974182
2026-01,2025-12,湛江,https://www.stats.gov.cn/sj/zxfb/202601/t20260119_1962319.html,-0.5,https://www.stats.gov.cn/sj/zxfb/202602/t20260213_1962617.html,-0.5832698794000196,-0.5595288521573454,-0.6012632250785828,-0.6337378621101379,-0.4783599078655243,-0.5961748957633972,-0.6353785395622253,-0.5722187514449517,-0.800000011920929,-0.6129951261912554,-0.6686522084920062,0.8676264882087708,0.04891587421298027,0.0834575742483139
2026-01,2025-12,烟台,https://www.stats.gov.cn/sj/zxfb/202601/t20260119_1962319.html,-0.5,https://www.stats.gov.cn/sj/zxfb/202602/t20260213_1962617.html,-0.3290693765181183,-0.338133657743131,-0.4488621652126312,-0.4152372479438782,-0.4235266447067261,-0.435664564371109,-0.33794960379600525,-0.3180182485630504,-0.30000001192092896,-0.3659236792639118,-0.3444185028092859,0.7067995071411133,0.12298456579446793,0.17021594941616058
2026-01,2025-12,牡丹江,https://www.stats.gov.cn/sj/zxfb/202601/t20260119_1962319.html,-0.2,https://www.stats.gov.cn/sj/zxfb/202602/t20260213_1962617.html,-0.15564785527339525,-0.14251892329028518,-0.11529955267906189,-0.13445214927196503,-0.08425051718950272,-0.0934051051735878,-0.06382336467504501,-0.14459672731832732,0.0,-0.1331907119760372,-0.0930162921967641,0.5362703800201416,0.13871827721595764,0.32501131296157837
2026-01,2025-12,石家庄,https://www.stats.gov.cn/sj/zxfb/202601/t20260119_1962319.html,-0.3,https://www.stats.gov.cn/sj/zxfb/202602/t20260213_1962617.html,-0.3047309821230784,-0.29001154165711374,-0.28341200947761536,-0.3341360092163086,-0.295660138130188,-0.3067684471607208,-0.22123484313488007,-0.2936798541680105,-0.20000000298023224,-0.309845176862027,-0.27593862212151715,0.6913334131240845,0.10433819144964218,0.20432841777801514
2026-01,2025-12,福州,https://www.stats.gov.cn/sj/zxfb/202601/t20260119_1962319.html,-0.5,https://www.stats.gov.cn/sj/zxfb/202602/t20260213_1962617.html,-0.5076615929869696,-0.5001743214765354,-0.49501052498817444,-0.5160648226737976,-0.496336430311203,-0.49187737703323364,-0.5678924918174744,-0.4966104650319016,-0.800000011920929,-0.519625340154597,-0.6042250998755427,0.8246287107467651,0.06515584886074066,0.11021540313959122
2026-01,2025-12,秦皇岛,https://www.stats.gov.cn/sj/zxfb/202601/t20260119_1962319.html,-0.5,https://www.stats.gov.cn/sj/zxfb/202602/t20260213_1962617.html,-0.47837494847665213,-0.4648850075105984,-0.47931432723999023,-0.4962509572505951,-0.5404512882232666,-0.4859236180782318,-0.5206636786460876,-0.4673238205215842,-0.6000000238418579,-0.48761593255217045,-0.5211916005380124,0.7605611085891724,0.10414837300777435,0.13529051840305328
2026-01,2025-12,蚌埠,https://www.stats.gov.cn/sj/zxfb/202601/t20260119_1962319.html,-0.5,https://www.stats.gov.cn/sj/zxfb/202602/t20260213_1962617.html,-0.2799088937236119,-0.26187632760069113,-0.28881168365478516,-0.2883068025112152,-0.27724337577819824,-0.2780461609363556,-0.26468005776405334,-0.268857765768544,-0.30000001192092896,-0.2799613302721772,-0.2857215267335627,0.6410635113716125,0.1345084309577942,0.22442808747291565
2026-01,2025-12,襄阳,https://www.stats.gov.cn/sj/zxfb/202601/t20260119_1962319.html,-0.9,https://www.stats.gov.cn/sj/zxfb/202602/t20260213_1962617.html,-0.3045449314452734,-0.29452452350457153,-0.3446832001209259,-0.31572169065475464,-0.27894121408462524,-0.32492899894714355,-0.29285475611686707,-0.2934938034902055,-0.4000000059604645,-0.3092857679633833,-0.3364051667018082,0.6854532957077026,0.11981546878814697,0.19473128020763397
2026-01,2025-12,西宁,https://www.stats.gov.cn/sj/zxfb/202601/t20260119_1962319.html,-0.3,https://www.stats.gov.cn/sj/zxfb/202602/t20260213_1962617.html,-0.3203431248349661,-0.31639043454055654,-0.2840143144130707,-0.32342958450317383,-0.2828027307987213,-0.2611146569252014,-0.26367995142936707,-0.30929199687989817,-0.30000001192092896,-0.31596656818431434,-0.3109071977680003,0.7064923048019409,0.1024511307477951,0.19105654954910278
2026-01,2025-12,西安,https://www.stats.gov.cn/sj/zxfb/202601/t20260119_1962319.html,-0.7,https://www.stats.gov.cn/sj/zxfb/202602/t20260213_1962617.html,-0.3790875664525641,-0.3693782254743859,-0.5650665760040283,-0.5570966005325317,-0.43521741032600403,-0.540819525718689,-0.4906500577926636,-0.3680364384974962,-0.5,-0.4685023903049853,-0.47504434634334264,0.778480052947998,0.09063877165317535,0.13088111579418182
2026-01,2025-12,贵阳,https://www.stats.gov.cn/sj/zxfb/202601/t20260119_1962319.html,-0.4,https://www.stats.gov.cn/sj/zxfb/202602/t20260213_1962617.html,-0.24110636802715768,-0.22266277156027858,-0.24866604804992676,-0.27366337180137634,-0.2547396123409271,-0.26314130425453186,-0.25979259610176086,-0.23005524007208975,-0.30000001192092896,-0.254956548008484,-0.267906207931465,0.6422918438911438,0.1298535168170929,0.2278546392917633
2026-01,2025-12,赣州,https://www.stats.gov.cn/sj/zxfb/202601/t20260119_1962319.html,-0.5,https://www.stats.gov.cn/sj/zxfb/202602/t20260213_1962617.html,-0.4737534335377135,-0.43394500185878376,-0.493703156709671,-0.5517964959144592,-0.49608874320983887,-0.4881277084350586,-0.5778548717498779,-0.4627023055826456,-0.699999988079071,-0.5177063374044804,-0.571499596525392,0.7600315809249878,0.08804941177368164,0.15191902220249176
2026-01,2025-12,遵义,https://www.stats.gov.cn/sj/zxfb/202601/t20260119_1962319.html,-0.2,https://www.stats.gov.cn/sj/zxfb/202602/t20260213_1962617.html,-0.23078228042822369,-0.22477212148878276,-0.2896163761615753,-0.30327877402305603,-0.2504536807537079,-0.29995712637901306,-0.254767507314682,-0.21973115247315575,-0.20000000298023224,-0.26071414358467637,-0.24100330982548135,0.6291143298149109,0.13362188637256622,0.2372637540102005
2026-01,2025-12,郑州,https://www.stats.gov.cn/sj/zxfb/202601/t20260119_1962319.html,-0.4,https://www.stats.gov.cn/sj/zxfb/202602/t20260213_1962617.html,-0.5671371178023982,-0.556192400067173,-0.5738305449485779,-0.6046059727668762,-0.56412273645401,-0.5998372435569763,-0.7336916327476501,-0.5560859898473303,-0.8999999761581421,-0.595431437196782,-0.6868973129241162,0.8612629175186157,0.04947153851389885,0.08926554024219513
2026-01,2025-12,重庆,https://www.stats.gov.cn/sj/zxfb/202601/t20260119_1962319.html,-0.2,https://www.stats.gov.cn/sj/zxfb/202602/t20260213_1962617.html,-0.25350368123487266,-0.23649801457262198,-0.2519683539867401,-0.3123598098754883,-0.2831785976886749,-0.27830448746681213,-0.29755595326423645,-0.24245255327980472,-0.30000001192092896,-0.27998388637517474,-0.2849374583587407,0.652560830116272,0.10883456468582153,0.2386046200990677
2026-01,2025-12,金华,https://www.stats.gov.cn/sj/zxfb/202601/t20260119_1962319.html,-0.6,https://www.stats.gov.cn/sj/zxfb/202602/t20260213_1962617.html,-0.5115186317016044,-0.5110357179442652,-0.5485227108001709,-0.5354315042495728,-0.5154159069061279,-0.5490361452102661,-0.5650783777236938,-0.5004675037465365,-0.699999988079071,-0.5267076974252913,-0.5786329986917268,0.8249725103378296,0.07882021367549896,0.09620721638202667
2026-01,2025-12,银川,https://www.stats.gov.cn/sj/zxfb/202601/t20260119_1962319.html,-0.3,https://www.stats.gov.cn/sj/zxfb/202602/t20260213_1962617.html,-0.23465576118395967,-0.23147629513297366,-0.324916809797287,-0.2658311724662781,-0.28337326645851135,-0.32267269492149353,-0.2208651304244995,-0.22360463322889174,-0.20000000298023224,-0.24372191060738513,-0.229811936225134,0.6031714677810669,0.13996538519859314,0.2568631172180176
2026-01,2025-12,锦州,https://www.stats.gov.cn/sj/zxfb/202601/t20260119_1962319.html,-0.4,https://www.stats.gov.cn/sj/zxfb/202602/t20260213_1962617.html,-0.20363734469079972,-0.19355045544375046,-0.20686101913452148,-0.19092556834220886,-0.19705145061016083,-0.2131195366382599,-0.2055530995130539,-0.19258621673573179,-0.20000000298023224,-0.19207875019001686,-0.1945039293527243,0.5417680740356445,0.12784817814826965,0.3303837180137634
2026-01,2025-12,长春,https://www.stats.gov.cn/sj/zxfb/202601/t20260119_1962319.html,-0.4,https://www.stats.gov.cn/sj/zxfb/202602/t20260213_1962617.html,-0.09994502961204489,-0.09989631571465744,-0.09689253568649292,-0.08890511095523834,0.027246812358498573,-0.09024158120155334,0.04130525887012482,-0.08889390165697697,0.20000000298023224,-0.07626271443280114,0.007400330122672309,0.3842960298061371,0.13990366458892822,0.47580021619796753
2026-01,2025-12,长沙,https://www.stats.gov.cn/sj/zxfb/202601/t20260119_1962319.html,-0.3,https://www.stats.gov.cn/sj/zxfb/202602/t20260213_1962617.html,-0.3546807554533832,-0.33560983983659815,-0.4340113401412964,-0.4260142743587494,-0.44661831855773926,-0.4157749116420746,-0.3682096004486084,-0.34362962749831527,-0.4000000059604645,-0.3873589595976245,-0.389881302605843,0.7718591094017029,0.08859513700008392,0.1395457684993744
2026-01,2025-12,青岛,https://www.stats.gov.cn/sj/zxfb/202601/t20260119_1962319.html,-0.6,https://www.stats.gov.cn/sj/zxfb/202602/t20260213_1962617.html,-0.35253088547471934,-0.33209097189357795,-0.42255744338035583,-0.4203627109527588,-0.43740931153297424,-0.4137232303619385,-0.4386216700077057,-0.34147975751965143,-0.5,-0.38792345518531823,-0.4206141561574701,0.7288684248924255,0.1053650826215744,0.16576650738716125
2026-01,2025-12,韶关,https://www.stats.gov.cn/sj/zxfb/202601/t20260119_1962319.html,-0.2,https://www.stats.gov.cn/sj/zxfb/202602/t20260213_1962617.html,-0.13789508651705198,-0.11060165496592368,-0.03174130991101265,-0.05225791782140732,-0.06551284343004227,-0.04621514678001404,-0.0056844777427613735,-0.12684395856198405,0.10000000149011612,-0.07956381656205472,-0.02636729163109175,0.41233310103416443,0.15967339277267456,0.4279935359954834
